# Ruins_WallArchOvergrownBroken: from Quaternius, Ultimate Modular Ruins Pack (CC0 1.0)
mtllib Ruins_WallArchOvergrownBroken.mtl
v 0.34028 3.64861 0.11817
v 0.42012 3.62474 0.11940
v 0.42012 3.62475 0.11940
v 0.42012 3.64346 0.10215
v 0.42012 3.64346 -0.12045
v 0.60682 3.64861 -0.13647
v 0.42012 3.62475 -0.13770
v 0.42012 3.62474 -0.13770
v 0.42012 3.62474 0.11940
v 0.60682 3.64861 0.11817
v 0.42012 3.62475 0.11940
v 0.42012 3.64346 0.10215
v 0.42012 3.64346 -0.12045
v 0.42012 3.62475 -0.13770
v 0.34028 3.64861 -0.13647
v 0.42012 3.62474 -0.13770
v 1.61705 1.59584 0.11817
v 1.59318 1.52153 0.11940
v 1.59319 1.52153 0.11940
v 1.61190 1.52153 0.10215
v 1.83662 1.33494 -0.12045
v 1.83662 1.35525 -0.13770
v 1.91646 1.32935 -0.13647
v 1.83662 1.35526 -0.13770
v 1.83662 1.33494 -0.12045
v 1.64568 1.32935 -0.13647
v 1.83662 1.35525 -0.13770
v 1.83662 1.35526 -0.13770
v 1.59318 1.52153 0.11940
v 1.61705 1.34776 0.11817
v 1.59319 1.52153 0.11940
v 1.61190 1.52153 0.10215
v 1.68550 0.98729 -0.12045
v 1.83516 0.99277 -0.13647
v 1.68550 0.96737 -0.13770
v 1.68550 0.96737 -0.13770
v 1.68550 0.98729 -0.12045
v 1.68550 0.96737 -0.13770
v 1.60566 0.99277 -0.13647
v 1.68550 0.96737 -0.13770
v 1.67635 2.28652 0.11940
v 1.77183 2.31072 0.11817
v 1.67635 2.28652 0.11940
v 1.67635 2.30550 0.10215
v 1.59651 2.31072 0.11817
v 1.67635 2.28652 0.11940
v 1.67635 2.28652 0.11940
v 1.67635 2.30550 0.10215
v 1.61817 0.33172 0.11817
v 1.51441 0.32657 0.10215
v 1.51441 0.30785 0.11940
v 1.51441 0.30785 0.11940
v 1.84104 0.30785 -0.13770
v 1.92087 0.33172 -0.13647
v 1.84104 0.30785 -0.13770
v 1.84104 0.32657 -0.12045
v 1.65434 0.33172 -0.13647
v 1.84104 0.32657 -0.12045
v 1.84104 0.30785 -0.13770
v 1.84104 0.30785 -0.13770
v 1.48553 0.33172 0.11817
v 1.51441 0.30785 0.11940
v 1.51441 0.30785 0.11940
v 1.51441 0.32657 0.10215
v 1.54204 0.62124 -0.14395
v 1.46038 0.64006 -0.14395
v 1.53730 0.64242 -0.12786
v 1.65713 0.62528 -0.14395
v 1.54204 0.62124 -0.14395
v 1.53730 0.64242 -0.12786
v 1.61190 1.52153 -0.12045
v 1.61705 1.34776 -0.13647
v 1.59319 1.52153 -0.13770
v 1.59318 1.52153 -0.13770
v 1.91646 1.32935 0.11817
v 1.83662 1.35526 0.11940
v 1.83662 1.35525 0.11940
v 1.83662 1.33494 0.10215
v 1.83662 1.35526 0.11940
v 1.64568 1.32935 0.11817
v 1.83662 1.35525 0.11940
v 1.83662 1.33494 0.10215
v 1.61190 1.52153 -0.12045
v 1.59319 1.52153 -0.13770
v 1.61705 1.59584 -0.13647
v 1.59318 1.52153 -0.13770
v 1.68550 0.96737 0.11940
v 1.83516 0.99277 0.11817
v 1.68550 0.96737 0.11940
v 1.68550 0.98729 0.10215
v 1.60566 0.99277 0.11817
v 1.68550 0.96737 0.11940
v 1.68550 0.96737 0.11940
v 1.68550 0.98729 0.10215
v 1.67635 2.30550 -0.12045
v 1.77183 2.31072 -0.13647
v 1.67635 2.28652 -0.13770
v 1.67635 2.28652 -0.13770
v 1.67635 2.30550 -0.12045
v 1.67635 2.28652 -0.13770
v 1.59651 2.31072 -0.13647
v 1.67635 2.28652 -0.13770
v 1.51441 0.30785 -0.13770
v 1.48553 0.33172 -0.13647
v 1.51441 0.30785 -0.13770
v 1.51441 0.32657 -0.12045
v 1.92087 0.33172 0.11817
v 1.84104 0.30785 0.11940
v 1.84104 0.30785 0.11940
v 1.84104 0.32657 0.10215
v 1.65434 0.33172 0.11817
v 1.84104 0.30785 0.11940
v 1.84104 0.30785 0.11940
v 1.84104 0.32657 0.10215
v 1.51441 0.30785 -0.13770
v 1.61817 0.33172 -0.13647
v 1.51441 0.30785 -0.13770
v 1.51441 0.32657 -0.12045
v 1.54204 0.62124 0.12566
v 1.53730 0.64242 0.10956
v 1.46038 0.64006 0.12566
v 1.65713 0.62528 0.12566
v 1.53730 0.64242 0.10956
v 1.54204 0.62124 0.12566
v -0.72055 3.36098 -0.13770
v -0.91557 3.33984 -0.13647
v -0.72055 3.36098 -0.13770
v -0.72055 3.34226 -0.12045
v -0.65040 3.38482 -0.13647
v -0.72055 3.34226 -0.12045
v -0.72055 3.36098 -0.13770
v -0.72055 3.36098 -0.13770
v -0.33940 3.64861 0.11817
v -0.41923 3.64346 0.10215
v -0.41923 3.62475 0.11940
v -0.41923 3.62474 0.11940
v -0.60593 3.64861 -0.13647
v -0.41923 3.64346 -0.12045
v -0.41923 3.62475 -0.13770
v -0.41923 3.62474 -0.13770
v -0.91557 3.33984 0.11817
v -0.72055 3.36098 0.11940
v -0.72055 3.36098 0.11940
v -0.72055 3.34226 0.10215
v -0.65040 3.38482 0.11817
v -0.72055 3.36098 0.11940
v -0.72055 3.36098 0.11940
v -0.72055 3.34226 0.10215
v -0.60593 3.64861 0.11817
v -0.41923 3.62474 0.11940
v -0.41923 3.62475 0.11940
v -0.41923 3.64346 0.10215
v -0.41923 3.62475 -0.13770
v -0.33940 3.64861 -0.13647
v -0.41923 3.62474 -0.13770
v -0.41923 3.64346 -0.12045
v -1.61617 1.59584 0.11817
v -1.61101 1.52153 0.10215
v -1.59230 1.52153 0.11940
v -1.59230 1.52153 0.11940
v -1.83574 1.35525 -0.13770
v -1.91557 1.32935 -0.13647
v -1.83574 1.35526 -0.13770
v -1.83574 1.33494 -0.12045
v -1.64480 1.32935 -0.13647
v -1.83574 1.33494 -0.12045
v -1.83574 1.35525 -0.13770
v -1.83574 1.35526 -0.13770
v -1.61617 1.34776 0.11817
v -1.59230 1.52153 0.11940
v -1.59230 1.52153 0.11940
v -1.61101 1.52153 0.10215
v -1.25490 3.32456 0.11817
v -1.32595 3.31933 0.10215
v -1.32595 3.30036 0.11940
v -1.32595 3.30035 0.11940
v -1.49209 3.32456 0.11817
v -1.32595 3.30035 0.11940
v -1.32595 3.30036 0.11940
v -1.32595 3.31933 0.10215
v -1.83427 0.99277 -0.13647
v -1.68462 0.98729 -0.12045
v -1.68462 0.96737 -0.13770
v -1.68462 0.96737 -0.13770
v -1.68462 0.96737 -0.13770
v -1.60478 0.99277 -0.13647
v -1.68462 0.96737 -0.13770
v -1.68462 0.98729 -0.12045
v -1.84845 2.95706 0.11940
v -1.98133 2.98260 0.10714
v -1.84845 2.95705 0.11940
v -1.84845 2.97603 0.10215
v -1.84845 2.95705 0.11940
v -1.66175 2.98126 0.11817
v -1.84845 2.95706 0.11940
v -1.84845 2.97603 0.10215
v -1.77094 2.31072 0.11817
v -1.67546 2.28652 0.11940
v -1.67546 2.28652 0.11940
v -1.67546 2.30550 0.10215
v -1.59562 2.31072 0.11817
v -1.67546 2.28652 0.11940
v -1.67546 2.28652 0.11940
v -1.67546 2.30550 0.10215
v -1.61729 0.33172 0.11817
v -1.51352 0.30785 0.11940
v -1.51352 0.30785 0.11940
v -1.51352 0.32657 0.10215
v -1.84015 0.32657 -0.12045
v -1.84015 0.30785 -0.13770
v -1.91999 0.33172 -0.13647
v -1.84015 0.30785 -0.13770
v -1.84015 0.32657 -0.12045
v -1.65345 0.33172 -0.13647
v -1.84015 0.30785 -0.13770
v -1.84015 0.30785 -0.13770
v -1.51352 0.30785 0.11940
v -1.48464 0.33172 0.11817
v -1.51352 0.30785 0.11940
v -1.51352 0.32657 0.10215
v -1.54115 0.62124 -0.14395
v -1.53641 0.64242 -0.12786
v -1.45950 0.64006 -0.14395
v -1.65625 0.62528 -0.14395
v -1.53641 0.64242 -0.12786
v -1.54115 0.62124 -0.14395
v -1.61617 1.34776 -0.13647
v -1.61101 1.52153 -0.12045
v -1.59230 1.52153 -0.13770
v -1.59230 1.52153 -0.13770
v -1.91557 1.32935 0.11817
v -1.83574 1.33494 0.10215
v -1.83574 1.35525 0.11940
v -1.83574 1.35526 0.11940
v -1.64480 1.32935 0.11817
v -1.83574 1.35526 0.11940
v -1.83574 1.35525 0.11940
v -1.83574 1.33494 0.10215
v -1.59230 1.52153 -0.13770
v -1.61617 1.59584 -0.13647
v -1.59230 1.52153 -0.13770
v -1.61101 1.52153 -0.12045
v -1.32595 3.30036 -0.13770
v -1.25490 3.32456 -0.13647
v -1.32595 3.30035 -0.13770
v -1.32595 3.31933 -0.12045
v -1.49209 3.32456 -0.13647
v -1.32595 3.31933 -0.12045
v -1.32595 3.30036 -0.13770
v -1.32595 3.30035 -0.13770
v -1.83427 0.99277 0.11817
v -1.68462 0.96737 0.11940
v -1.68462 0.96737 0.11940
v -1.68462 0.98729 0.10215
v -1.60478 0.99277 0.11817
v -1.68462 0.98729 0.10215
v -1.68462 0.96737 0.11940
v -1.68462 0.96737 0.11940
v -1.84845 2.95705 -0.13770
v -1.98133 2.98260 -0.12544
v -1.84845 2.95706 -0.13770
v -1.84845 2.97603 -0.12045
v -1.84845 2.97603 -0.12045
v -1.66175 2.98126 -0.13647
v -1.84845 2.95706 -0.13770
v -1.84845 2.95705 -0.13770
v -1.77094 2.31072 -0.13647
v -1.67546 2.30550 -0.12045
v -1.67546 2.28652 -0.13770
v -1.67546 2.28652 -0.13770
v -1.67546 2.28652 -0.13770
v -1.59562 2.31072 -0.13647
v -1.67546 2.28652 -0.13770
v -1.67546 2.30550 -0.12045
v -1.51352 0.32657 -0.12045
v -1.48464 0.33172 -0.13647
v -1.51352 0.30785 -0.13770
v -1.51352 0.30785 -0.13770
v -1.91999 0.33172 0.11817
v -1.84015 0.30785 0.11940
v -1.84015 0.30785 0.11940
v -1.84015 0.32657 0.10215
v -1.84015 0.30785 0.11940
v -1.65345 0.33172 0.11817
v -1.84015 0.30785 0.11940
v -1.84015 0.32657 0.10215
v -1.51352 0.32657 -0.12045
v -1.51352 0.30785 -0.13770
v -1.61729 0.33172 -0.13647
v -1.51352 0.30785 -0.13770
v -1.54115 0.62124 0.12566
v -1.45950 0.64006 0.12566
v -1.53641 0.64242 0.10956
v -1.65625 0.62528 0.12566
v -1.54115 0.62124 0.12566
v -1.53641 0.64242 0.10956
v 0.14496 3.63673 -0.12755
v 0.00044 3.65843 -0.10519
v 0.16704 3.65864 -0.09952
v 0.00044 3.64860 -0.12755
v 0.14496 3.63673 -0.12755
v 0.16704 3.65864 -0.09952
v 0.14710 3.52670 -0.11207
v 0.16547 3.51118 -0.05494
v 0.00044 3.53777 -0.11590
v 0.00044 3.64860 -0.12755
v 0.14496 3.63673 -0.12755
v 0.14710 3.52670 -0.11207
v 0.00044 3.52481 -0.09285
v 0.00044 3.53777 -0.11590
v 0.14710 3.52670 -0.11207
v 0.16547 3.51118 -0.05494
v 0.16547 3.51118 0.08544
v 0.00044 3.52481 -0.09285
v 0.16547 3.51118 -0.05494
v 0.00044 3.52481 0.12335
v 0.00044 3.65843 0.13569
v 0.14496 3.63673 0.15805
v 0.16704 3.65864 0.13002
v 0.00044 3.64860 0.15805
v 0.14710 3.52670 0.14257
v 0.16547 3.51118 0.08544
v 0.16704 3.65864 0.13002
v 0.14496 3.63673 0.15805
v 0.14496 3.63673 0.15805
v 0.00044 3.53777 0.14640
v 0.14710 3.52670 0.14257
v 0.00044 3.64860 0.15805
v 0.16704 3.65864 -0.09952
v 0.16547 3.51118 0.08544
v 0.16547 3.51118 -0.05494
v 0.16704 3.65864 0.13002
v 0.16704 3.65864 -0.09952
v 0.00044 3.65843 0.13569
v 0.16704 3.65864 0.13002
v 0.00044 3.52481 0.12335
v 0.14710 3.52670 0.14257
v 0.00044 3.53777 0.14640
v 0.16547 3.51118 0.08544
v 0.18366 3.64861 0.11817
v 0.40385 3.65642 0.08606
v 0.16529 3.65550 0.06104
v 0.42012 3.64346 -0.12045
v 0.18366 3.64861 -0.13647
v 0.40385 3.65642 -0.10436
v 0.34028 3.64861 -0.13647
v 0.39954 3.47075 0.11129
v 0.19395 3.51301 0.13365
v 0.16811 3.49568 0.10562
v 0.40439 3.48222 0.13365
v 0.39954 3.47075 -0.12959
v 0.16811 3.49568 0.10562
v 0.16811 3.49568 -0.12392
v 0.39954 3.47075 0.11129
v 0.42012 3.64346 0.10215
v 0.34028 3.64861 0.11817
v 0.60682 3.64861 0.11817
v 0.62755 3.65535 0.05722
v 0.16529 3.65550 -0.07934
v 0.16811 3.49568 0.10562
v 0.16529 3.65550 0.06104
v 0.16811 3.49568 -0.12392
v 0.62755 3.65535 -0.07552
v 0.40385 3.65642 0.08606
v 0.62755 3.65535 0.05722
v 0.62932 3.38161 0.07363
v 0.62755 3.65535 -0.07552
v 0.62755 3.65535 0.05722
v 0.62932 3.38161 -0.09192
v 0.34028 3.64861 0.11817
v 0.40439 3.48222 0.13365
v 0.42012 3.62474 0.11940
v 0.19395 3.51301 0.13365
v 0.18366 3.64861 0.11817
v 0.19395 3.51301 -0.15195
v 0.39954 3.47075 -0.12959
v 0.16811 3.49568 -0.12392
v 0.40439 3.48222 -0.15195
v 0.16529 3.65550 0.06104
v 0.16529 3.65550 -0.07934
v 0.62932 3.38161 0.07363
v 0.59934 3.40331 0.13365
v 0.39954 3.47075 0.11129
v 0.40439 3.48222 0.13365
v 0.16811 3.49568 -0.12392
v 0.16529 3.65550 -0.07934
v 0.18366 3.64861 -0.13647
v 0.19395 3.51301 -0.15195
v 0.18366 3.64861 0.11817
v 0.16529 3.65550 0.06104
v 0.16811 3.49568 0.10562
v 0.19395 3.51301 0.13365
v 0.59934 3.40331 -0.15195
v 0.39954 3.47075 -0.12959
v 0.40439 3.48222 -0.15195
v 0.62932 3.38161 -0.09192
v 0.62932 3.38161 -0.09192
v 0.60682 3.64861 -0.13647
v 0.62755 3.65535 -0.07552
v 0.59934 3.40331 -0.15195
v 0.19395 3.51301 -0.15195
v 0.18366 3.64861 -0.13647
v 0.34028 3.64861 -0.13647
v 0.40439 3.48222 -0.15195
v 0.42012 3.62474 -0.13770
v 0.42012 3.62474 0.11940
v 0.59934 3.40331 0.13365
v 0.60682 3.64861 0.11817
v 0.40439 3.48222 0.13365
v 0.59934 3.40331 -0.15195
v 0.42012 3.62474 -0.13770
v 0.60682 3.64861 -0.13647
v 0.40439 3.48222 -0.15195
v 0.40385 3.65642 -0.10436
v 0.60682 3.64861 -0.13647
v 0.42012 3.64346 -0.12045
v 0.62755 3.65535 -0.07552
v 0.62932 3.38161 0.07363
v 0.39954 3.47075 -0.12959
v 0.62932 3.38161 -0.09192
v 0.39954 3.47075 0.11129
v 0.62932 3.38161 0.07363
v 0.60682 3.64861 0.11817
v 0.59934 3.40331 0.13365
v 0.62755 3.65535 0.05722
v 1.99180 0.66037 0.10562
v 1.99171 0.53928 -0.12959
v 1.99180 0.66037 -0.12392
v 1.62394 1.66444 -0.07934
v 1.45894 1.66590 0.10562
v 1.62394 1.66444 0.06104
v 1.45894 1.66590 -0.12392
v 1.64568 1.32935 -0.13647
v 1.62495 1.66772 -0.09192
v 1.65139 1.63960 -0.15195
v 1.62495 1.32203 -0.07552
v 1.62495 1.32203 -0.07552
v 1.64568 1.32935 -0.13647
v 1.85290 1.32087 -0.10436
v 1.65139 1.63960 -0.15195
v 1.85923 1.66620 -0.12959
v 1.83662 1.65553 -0.15195
v 1.62495 1.66772 -0.09192
v 1.65139 1.63960 -0.15195
v 1.83662 1.35526 -0.13770
v 1.64568 1.32935 -0.13647
v 1.83662 1.65553 -0.15195
v 1.96965 1.64264 -0.15195
v 1.85923 1.66620 -0.12959
v 1.99174 1.66643 -0.12392
v 1.83662 1.65553 -0.15195
v 1.99174 1.66643 -0.12392
v 1.99017 1.32187 -0.07934
v 1.97179 1.32935 -0.13647
v 1.96965 1.64264 -0.15195
v 1.96965 1.64264 -0.15195
v 1.97179 1.32935 -0.13647
v 1.91646 1.32935 -0.13647
v 1.83662 1.35526 -0.13770
v 1.83662 1.65553 -0.15195
v 1.83662 1.33494 -0.12045
v 1.97179 1.32935 -0.13647
v 1.99017 1.32187 -0.07934
v 1.91646 1.32935 -0.13647
v 1.59318 1.52153 0.11940
v 1.48086 1.64535 0.13365
v 1.46898 1.52153 0.13365
v 1.61705 1.59584 0.11817
v 1.61705 1.64734 0.11817
v 1.45776 1.32846 0.07362
v 1.45776 1.32846 -0.09192
v 1.62379 1.32846 -0.07552
v 1.62379 1.32846 0.05722
v 1.61705 1.64734 0.11817
v 1.62486 1.53667 0.08606
v 1.62394 1.66444 0.06104
v 1.45915 1.54257 0.11129
v 1.48086 1.64535 0.13365
v 1.45894 1.66590 0.10562
v 1.46898 1.52153 0.13365
v 1.61705 1.64734 0.11817
v 1.45894 1.66590 0.10562
v 1.48086 1.64535 0.13365
v 1.62394 1.66444 0.06104
v 1.45894 1.66590 -0.12392
v 1.45915 1.54257 0.11129
v 1.45894 1.66590 0.10562
v 1.59318 1.52153 0.11940
v 1.48366 1.35307 0.13365
v 1.61705 1.34776 0.11817
v 1.46898 1.52153 0.13365
v 1.45338 1.66398 -0.09192
v 1.50626 1.77454 -0.14702
v 1.47982 1.68988 -0.15195
v 1.56362 1.95562 -0.13647
v 1.99220 1.98256 -0.07934
v 1.97616 1.96829 -0.13647
v 1.54289 1.98242 -0.07552
v 1.97470 1.77667 -0.14702
v 1.99327 1.76628 -0.10972
v 1.99377 1.66517 -0.12392
v 1.97402 1.68708 -0.15195
v 1.99377 1.66517 -0.12392
v 1.47982 1.68988 -0.15195
v 1.97402 1.68708 -0.15195
v 1.45338 1.66398 -0.09192
v 1.97402 1.68708 -0.15195
v 1.50626 1.77454 -0.14702
v 1.97470 1.77667 -0.14702
v 1.47982 1.68988 -0.15195
v 1.56362 1.95562 -0.13647
v 1.97616 1.96829 -0.13647
v 1.99220 1.98256 0.06104
v 1.97616 1.96829 0.11817
v 1.99327 1.76628 0.09142
v 1.97470 1.77667 0.12872
v 1.56362 1.95562 0.11817
v 1.48164 1.76543 0.06840
v 1.50626 1.77454 0.12872
v 1.48164 1.76543 -0.08670
v 1.56362 1.95562 -0.13647
v 1.54289 1.98242 -0.07552
v 1.97616 1.96829 -0.13647
v 1.99220 1.98256 -0.07934
v 1.99327 1.76628 -0.10972
v 1.97470 1.77667 -0.14702
v 1.97085 1.30687 -0.13971
v 1.45861 1.32724 -0.09192
v 1.98950 1.32724 -0.07547
v 1.48513 1.30126 -0.14774
v 1.97085 1.30687 -0.13971
v 1.98956 1.00421 -0.07930
v 1.97446 1.02458 -0.13971
v 1.98950 1.32724 -0.07547
v 1.48513 1.30126 -0.14774
v 1.97446 1.02458 -0.13971
v 1.48226 1.02668 -0.14774
v 1.97085 1.30687 -0.13971
v 1.97446 1.02458 -0.13971
v 1.45485 1.00161 -0.09928
v 1.48226 1.02668 -0.14774
v 1.98956 1.00421 -0.07930
v 1.45485 1.00161 -0.09928
v 1.48513 1.30126 -0.14774
v 1.48226 1.02668 -0.14774
v 1.45861 1.32724 -0.09192
v 1.60566 0.99277 -0.13647
v 1.49143 0.69154 -0.15195
v 1.48110 0.99277 -0.13647
v 1.68550 0.96737 -0.13770
v 1.68550 0.67299 -0.15195
v 1.98790 0.66104 -0.09192
v 1.96694 0.99277 -0.13647
v 1.98790 0.99994 -0.07552
v 1.96123 0.68860 -0.15195
v 1.46856 0.66821 -0.12392
v 1.46036 1.00010 -0.07934
v 1.48110 0.99277 -0.13647
v 1.49143 0.69154 -0.15195
v 1.96123 0.68860 -0.15195
v 1.66290 0.66252 -0.12959
v 1.68550 0.67299 -0.15195
v 1.98790 0.66104 -0.09192
v 1.49143 0.69154 -0.15195
v 1.66290 0.66252 -0.12959
v 1.46856 0.66821 -0.12392
v 1.68550 0.67299 -0.15195
v 1.96694 0.99277 -0.13647
v 1.68550 0.98729 -0.12045
v 1.66923 1.00108 -0.10436
v 1.68550 0.67299 -0.15195
v 1.83516 0.99277 -0.13647
v 1.96123 0.68860 -0.15195
v 1.68550 0.96737 -0.13770
v 1.96694 0.99277 -0.13647
v 1.83516 0.99277 -0.13647
v 1.48110 0.99277 -0.13647
v 1.60566 0.99277 -0.13647
v 1.48347 2.69953 0.11940
v 1.43032 2.67533 0.11817
v 1.48347 2.69953 0.11940
v 1.48347 2.68055 0.10215
v 1.48347 2.69953 0.11940
v 1.59863 2.96234 0.13365
v 1.48347 2.98002 0.13365
v 1.60896 2.67533 0.11817
v 1.15602 2.99140 0.07363
v 1.39103 2.67533 0.11817
v 1.20045 2.96514 0.13365
v 1.37030 2.66849 0.05722
v 1.59863 2.96234 0.13365
v 1.60896 2.67533 0.11817
v 1.62150 2.98456 0.10562
v 1.62970 2.66835 0.06104
v 1.15602 2.99140 0.07363
v 1.20045 2.96514 0.13365
v 1.50607 2.98998 0.11129
v 1.48347 2.98002 0.13365
v 1.50607 2.98998 0.11129
v 1.59863 2.96234 0.13365
v 1.62150 2.98456 0.10562
v 1.48347 2.98002 0.13365
v 1.39103 2.67533 0.11817
v 1.48347 2.68055 0.10215
v 1.43032 2.67533 0.11817
v 1.49974 2.66741 0.08606
v 1.37030 2.66849 0.05722
v 1.60896 2.67533 0.11817
v 1.48347 2.69953 0.11940
v 1.48347 2.69953 0.11940
v 1.48347 2.68055 0.10215
v 1.48347 2.69953 0.11940
v 1.39103 2.67533 0.11817
v 1.43032 2.67533 0.11817
v 1.48347 2.98002 0.13365
v 1.20045 2.96514 0.13365
v 1.60896 2.67533 0.11817
v 1.62970 2.66835 0.06104
v 1.37776 2.65257 0.07363
v 1.51744 2.35684 0.11817
v 1.41362 2.62630 0.13365
v 1.49671 2.32966 0.05722
v 1.98863 2.32951 0.06104
v 1.51744 2.35684 0.11817
v 1.49671 2.32966 0.05722
v 1.96035 2.34398 0.11817
v 1.95821 2.62914 0.13365
v 1.96035 2.34398 0.11817
v 1.98863 2.65136 0.10562
v 1.98863 2.32951 0.06104
v 1.37776 2.65257 0.07363
v 1.41362 2.62630 0.13365
v 1.98863 2.65136 0.10562
v 1.95821 2.62914 0.13365
v 1.95821 2.62914 0.13365
v 1.51744 2.35684 0.11817
v 1.96035 2.34398 0.11817
v 1.41362 2.62630 0.13365
v 1.67635 2.28652 0.11940
v 1.56118 2.02371 0.13365
v 1.67635 2.00603 0.13365
v 1.59651 2.31072 0.11817
v 1.51882 2.31072 0.11817
v 1.99658 1.99465 0.07363
v 1.97473 2.31072 0.11817
v 1.96902 2.02091 0.13365
v 1.99658 2.31756 0.05722
v 1.56118 2.02371 0.13365
v 1.51882 2.31072 0.11817
v 1.53831 2.00149 0.10562
v 1.49808 2.31770 0.06104
v 1.99658 1.99465 0.07363
v 1.96902 2.02091 0.13365
v 1.65374 1.99607 0.11129
v 1.67635 2.00603 0.13365
v 1.65374 1.99607 0.11129
v 1.56118 2.02371 0.13365
v 1.53831 2.00149 0.10562
v 1.67635 2.00603 0.13365
v 1.97473 2.31072 0.11817
v 1.99658 2.31756 0.05722
v 1.66007 2.31864 0.08606
v 1.67635 2.30550 0.10215
v 1.77183 2.31072 0.11817
v 1.96902 2.02091 0.13365
v 1.77183 2.31072 0.11817
v 1.67635 2.00603 0.13365
v 1.97473 2.31072 0.11817
v 1.67635 2.28652 0.11940
v 1.51882 2.31072 0.11817
v 1.59651 2.31072 0.11817
v 1.49808 2.31770 0.06104
v 1.63576 0.00119 -0.12392
v 1.63419 0.33860 0.06104
v 1.63576 0.00119 0.10562
v 1.63419 0.33860 -0.07934
v 1.65434 0.33172 -0.13647
v 1.63360 0.00000 -0.09192
v 1.63360 0.33846 -0.07552
v 1.66004 0.02590 -0.15195
v 1.65434 0.33172 -0.13647
v 1.85731 0.33953 -0.10436
v 1.84104 0.32657 -0.12045
v 1.63360 0.33846 -0.07552
v 1.86364 0.00140 -0.12959
v 1.66004 0.02590 -0.15195
v 1.84104 0.01122 -0.15195
v 1.63360 0.00000 -0.09192
v 1.84104 0.30785 -0.13770
v 1.66004 0.02590 -0.15195
v 1.65434 0.33172 -0.13647
v 1.84104 0.01122 -0.15195
v 1.97407 0.02310 -0.15195
v 1.86364 0.00140 -0.12959
v 1.84104 0.01122 -0.15195
v 1.99379 0.00119 -0.12392
v 1.97621 0.33172 -0.13647
v 1.99222 0.33860 -0.07934
v 1.99379 0.00119 -0.12392
v 1.97407 0.02310 -0.15195
v 1.84104 0.30785 -0.13770
v 1.97407 0.02310 -0.15195
v 1.84104 0.01122 -0.15195
v 1.92087 0.33172 -0.13647
v 1.97621 0.33172 -0.13647
v 1.97621 0.33172 -0.13647
v 1.92087 0.33172 -0.13647
v 1.99222 0.33860 -0.07934
v 1.61603 0.02310 0.13365
v 1.51441 0.30785 0.11940
v 1.51441 0.01122 0.13365
v 1.61817 0.33172 0.11817
v 1.46479 0.00000 0.07362
v 1.46479 0.33846 -0.07552
v 1.46479 0.00000 -0.09192
v 1.46479 0.33846 0.05722
v 1.61817 0.33172 0.11817
v 1.63419 0.33860 0.06104
v 1.53068 0.33953 0.08606
v 1.51441 0.32657 0.10215
v 1.53701 0.00140 0.11129
v 1.61603 0.02310 0.13365
v 1.51441 0.01122 0.13365
v 1.63576 0.00119 0.10562
v 1.61817 0.33172 0.11817
v 1.61603 0.02310 0.13365
v 1.63576 0.00119 0.10562
v 1.63419 0.33860 0.06104
v 1.63576 0.00119 0.10562
v 1.53701 0.00140 -0.12959
v 1.63576 0.00119 -0.12392
v 1.53701 0.00140 0.11129
v 1.49123 0.02590 0.13365
v 1.51441 0.30785 0.11940
v 1.48553 0.33172 0.11817
v 1.51441 0.01122 0.13365
v 1.96744 0.36688 -0.14395
v 1.53825 0.38120 -0.14395
v 1.96609 0.51714 -0.14395
v 1.46038 0.64006 -0.14395
v 1.45241 0.53308 -0.10436
v 1.45336 0.66037 -0.07934
v 1.53730 0.64242 -0.12786
v 1.51137 0.66037 -0.08501
v 1.99180 0.66037 -0.12392
v 1.65713 0.62528 -0.14395
v 1.95386 0.63743 -0.14395
v 1.46038 0.36129 -0.14395
v 1.51165 0.34098 -0.07761
v 1.45350 0.34098 -0.07552
v 1.53825 0.38120 -0.14395
v 1.65713 0.62528 -0.14395
v 1.95386 0.63743 -0.14395
v 1.52079 0.51714 -0.14395
v 1.99171 0.53928 -0.12959
v 1.95386 0.63743 -0.14395
v 1.99180 0.66037 -0.12392
v 1.96609 0.51714 -0.14395
v 1.99171 0.53928 -0.12959
v 1.96744 0.36688 -0.14395
v 1.96609 0.51714 -0.14395
v 1.99079 0.34098 -0.09192
v 1.46038 0.36129 -0.14395
v 1.45350 0.34098 -0.07552
v 1.53730 0.64242 -0.12786
v 1.45336 0.66037 -0.07934
v 1.51137 0.66037 -0.08501
v 1.46038 0.64006 -0.14395
v 1.54204 0.62124 -0.14395
v 1.46564 0.51714 -0.14395
v 1.46038 0.64006 -0.14395
v 1.46038 0.36129 -0.14395
v 1.53825 0.38120 -0.14395
v 1.99079 0.34098 -0.09192
v 1.51165 0.34098 -0.07761
v 1.96744 0.36688 -0.14395
v 1.48086 1.64535 -0.15195
v 1.45915 1.54257 -0.12959
v 1.45894 1.66590 -0.12392
v 1.46898 1.52153 -0.15195
v 1.62495 1.66772 0.07362
v 1.64568 1.32935 0.11817
v 1.65139 1.63960 0.13365
v 1.62495 1.32203 0.05722
v 1.62379 1.32846 0.05722
v 1.62486 1.53667 -0.10436
v 1.62486 1.53667 0.08606
v 1.62379 1.32846 -0.07552
v 1.62495 1.66772 0.07362
v 1.85923 1.66620 -0.12959
v 1.62495 1.66772 -0.09192
v 1.62495 1.32203 -0.07552
v 1.85290 1.32087 0.08606
v 1.62495 1.32203 0.05722
v 1.64568 1.32935 0.11817
v 1.85290 1.32087 0.08606
v 1.83662 1.33494 0.10215
v 1.62495 1.32203 0.05722
v 1.62495 1.66772 0.07362
v 1.65139 1.63960 0.13365
v 1.85923 1.66620 0.11129
v 1.83662 1.65553 0.13365
v 1.99017 1.32187 0.06104
v 1.85290 1.32087 -0.10436
v 1.99017 1.32187 -0.07934
v 1.83662 1.35526 0.11940
v 1.65139 1.63960 0.13365
v 1.64568 1.32935 0.11817
v 1.83662 1.65553 0.13365
v 1.85923 1.66620 0.11129
v 1.96965 1.64264 0.13365
v 1.99174 1.66643 0.10562
v 1.83662 1.65553 0.13365
v 1.96965 1.64264 0.13365
v 1.97179 1.32935 0.11817
v 1.99174 1.66643 0.10562
v 1.99017 1.32187 0.06104
v 1.83662 1.35526 0.11940
v 1.96965 1.64264 0.13365
v 1.83662 1.65553 0.13365
v 1.91646 1.32935 0.11817
v 1.97179 1.32935 0.11817
v 1.99017 1.32187 0.06104
v 1.99174 1.66643 -0.12392
v 1.99174 1.66643 0.10562
v 1.99017 1.32187 -0.07934
v 1.85923 1.66620 0.11129
v 1.99174 1.66643 -0.12392
v 1.99174 1.66643 0.10562
v 1.97179 1.32935 0.11817
v 1.91646 1.32935 0.11817
v 1.99017 1.32187 0.06104
v 1.61705 1.64734 -0.13647
v 1.62394 1.66444 -0.07934
v 1.62486 1.53667 -0.10436
v 1.61190 1.52153 -0.12045
v 1.61705 1.59584 -0.13647
v 1.45894 1.66590 -0.12392
v 1.62394 1.66444 -0.07934
v 1.61705 1.64734 -0.13647
v 1.48086 1.64535 -0.15195
v 1.45776 1.32846 0.07362
v 1.48366 1.35307 0.13365
v 1.45915 1.54257 0.11129
v 1.46898 1.52153 0.13365
v 1.61190 1.52153 0.10215
v 1.61705 1.59584 0.11817
v 1.61705 1.34776 0.11817
v 1.62379 1.32846 0.05722
v 1.48366 1.35307 -0.15195
v 1.45915 1.54257 -0.12959
v 1.46898 1.52153 -0.15195
v 1.45776 1.32846 -0.09192
v 1.45776 1.32846 -0.09192
v 1.61705 1.34776 -0.13647
v 1.62379 1.32846 -0.07552
v 1.48366 1.35307 -0.15195
v 1.48086 1.64535 -0.15195
v 1.59318 1.52153 -0.13770
v 1.46898 1.52153 -0.15195
v 1.61705 1.64734 -0.13647
v 1.61705 1.59584 -0.13647
v 1.62495 1.66772 0.07362
v 1.62495 1.32203 -0.07552
v 1.62495 1.32203 0.05722
v 1.62495 1.66772 -0.09192
v 1.45776 1.32846 0.07362
v 1.45915 1.54257 -0.12959
v 1.45776 1.32846 -0.09192
v 1.48366 1.35307 -0.15195
v 1.59318 1.52153 -0.13770
v 1.61705 1.34776 -0.13647
v 1.46898 1.52153 -0.15195
v 1.61705 1.34776 -0.13647
v 1.62379 1.32846 -0.07552
v 1.45776 1.32846 0.07362
v 1.61705 1.34776 0.11817
v 1.48366 1.35307 0.13365
v 1.62379 1.32846 0.05722
v 1.54289 1.98242 0.05722
v 1.45338 1.66398 0.07362
v 1.47982 1.68988 0.13365
v 1.62486 1.53667 0.08606
v 1.62394 1.66444 -0.07934
v 1.62394 1.66444 0.06104
v 1.62486 1.53667 -0.10436
v 1.99220 1.98256 0.06104
v 1.56362 1.95562 0.11817
v 1.97616 1.96829 0.11817
v 1.54289 1.98242 0.05722
v 1.99327 1.76628 0.09142
v 1.97470 1.77667 0.12872
v 1.99377 1.66517 0.10562
v 1.97402 1.68708 0.13365
v 1.99377 1.66517 0.10562
v 1.99327 1.76628 -0.10972
v 1.99327 1.76628 0.09142
v 1.47982 1.68988 0.13365
v 1.45338 1.66398 0.07362
v 1.99377 1.66517 0.10562
v 1.97402 1.68708 0.13365
v 1.99377 1.66517 -0.12392
v 1.99377 1.66517 0.10562
v 1.45338 1.66398 -0.09192
v 1.45338 1.66398 0.07362
v 1.47982 1.68988 0.13365
v 1.97402 1.68708 0.13365
v 1.50626 1.77454 0.12872
v 1.54289 1.98242 -0.07552
v 1.99220 1.98256 0.06104
v 1.99220 1.98256 -0.07934
v 1.54289 1.98242 0.05722
v 1.99220 1.98256 0.06104
v 1.99377 1.66517 -0.12392
v 1.99220 1.98256 -0.07934
v 1.54289 1.98242 -0.07552
v 1.48164 1.76543 0.06840
v 1.54289 1.98242 0.05722
v 1.97616 1.96829 0.11817
v 1.56362 1.95562 0.11817
v 1.97470 1.77667 0.12872
v 1.48164 1.76543 -0.08670
v 1.45338 1.66398 0.07362
v 1.45338 1.66398 -0.09192
v 1.45861 1.32724 0.07362
v 1.97085 1.30687 0.12142
v 1.98950 1.32724 0.05717
v 1.48513 1.30126 0.12944
v 1.97085 1.30687 0.12142
v 1.98956 1.00421 0.06100
v 1.98950 1.32724 0.05717
v 1.97446 1.02458 0.12142
v 1.98950 1.32724 0.05717
v 1.98956 1.00421 -0.07930
v 1.98950 1.32724 -0.07547
v 1.98956 1.00421 0.06100
v 1.97446 1.02458 0.12142
v 1.48513 1.30126 0.12944
v 1.48226 1.02668 0.12944
v 1.97085 1.30687 0.12142
v 1.98956 1.00421 0.06100
v 1.97446 1.02458 0.12142
v 1.45485 1.00161 0.08098
v 1.48226 1.02668 0.12944
v 1.48513 1.30126 0.12944
v 1.45861 1.32724 0.07362
v 1.45485 1.00161 0.08098
v 1.48226 1.02668 0.12944
v 1.45485 1.00161 -0.09928
v 1.45485 1.00161 0.08098
v 1.45861 1.32724 -0.09192
v 1.45861 1.32724 0.07362
v 1.45485 1.00161 0.08098
v 1.45485 1.00161 -0.09928
v 1.98956 1.00421 -0.07930
v 1.98956 1.00421 0.06100
v 1.45861 1.32724 0.07362
v 1.98950 1.32724 -0.07547
v 1.45861 1.32724 -0.09192
v 1.98950 1.32724 0.05717
v 1.68550 0.96737 0.11940
v 1.49143 0.69154 0.13365
v 1.68550 0.67299 0.13365
v 1.60566 0.99277 0.11817
v 1.48110 0.99277 0.11817
v 1.98790 0.66104 0.07362
v 1.96694 0.99277 0.11817
v 1.96123 0.68860 0.13365
v 1.98790 0.99994 0.05722
v 1.49143 0.69154 0.13365
v 1.48110 0.99277 0.11817
v 1.46856 0.66821 0.10562
v 1.46036 1.00010 0.06104
v 1.98790 0.66104 0.07362
v 1.96123 0.68860 0.13365
v 1.66290 0.66252 0.11129
v 1.68550 0.67299 0.13365
v 1.66290 0.66252 0.11129
v 1.49143 0.69154 0.13365
v 1.46856 0.66821 0.10562
v 1.68550 0.67299 0.13365
v 1.96694 0.99277 0.11817
v 1.98790 0.99994 0.05722
v 1.66923 1.00108 0.08606
v 1.68550 0.98729 0.10215
v 1.83516 0.99277 0.11817
v 1.46036 1.00010 0.06104
v 1.66923 1.00108 -0.10436
v 1.46036 1.00010 -0.07934
v 1.66923 1.00108 0.08606
v 1.46036 1.00010 0.06104
v 1.46856 0.66821 -0.12392
v 1.46856 0.66821 0.10562
v 1.46036 1.00010 -0.07934
v 1.66290 0.66252 -0.12959
v 1.66290 0.66252 0.11129
v 1.46856 0.66821 -0.12392
v 1.46856 0.66821 0.10562
v 1.96123 0.68860 0.13365
v 1.83516 0.99277 0.11817
v 1.68550 0.67299 0.13365
v 1.96694 0.99277 0.11817
v 1.68550 0.96737 0.11940
v 1.98790 0.99994 -0.07552
v 1.46036 1.00010 -0.07934
v 1.68550 0.98729 0.10215
v 1.48110 0.99277 0.11817
v 1.60566 0.99277 0.11817
v 1.66923 1.00108 0.08606
v 1.46036 1.00010 0.06104
v 1.98790 0.66104 0.07362
v 1.98790 0.66104 -0.09192
v 1.98790 0.99994 -0.07552
v 1.98790 0.99994 0.05722
v 1.98790 0.66104 0.07362
v 1.66290 0.66252 -0.12959
v 1.98790 0.66104 -0.09192
v 1.66290 0.66252 0.11129
v 1.48347 2.68055 -0.12045
v 1.43032 2.67533 -0.13647
v 1.48347 2.69953 -0.13770
v 1.48347 2.69953 -0.13770
v 1.59863 2.96234 -0.15195
v 1.48347 2.69953 -0.13770
v 1.48347 2.98002 -0.15195
v 1.60896 2.67533 -0.13647
v 1.50607 2.98998 0.11129
v 1.62150 2.98456 -0.12392
v 1.50607 2.98998 -0.12959
v 1.62150 2.98456 0.10562
v 1.15602 2.99140 -0.09192
v 1.39103 2.67533 -0.13647
v 1.37030 2.66849 -0.07552
v 1.20045 2.96514 -0.15195
v 1.62150 2.98456 -0.12392
v 1.62970 2.66835 -0.07934
v 1.60896 2.67533 -0.13647
v 1.59863 2.96234 -0.15195
v 1.20045 2.96514 -0.15195
v 1.50607 2.98998 -0.12959
v 1.48347 2.98002 -0.15195
v 1.15602 2.99140 -0.09192
v 1.50607 2.98998 -0.12959
v 1.59863 2.96234 -0.15195
v 1.48347 2.98002 -0.15195
v 1.62150 2.98456 -0.12392
v 1.39103 2.67533 -0.13647
v 1.48347 2.68055 -0.12045
v 1.49974 2.66741 -0.10436
v 1.37030 2.66849 -0.07552
v 1.49974 2.66741 0.08606
v 1.62970 2.66835 -0.07934
v 1.62970 2.66835 0.06104
v 1.49974 2.66741 -0.10436
v 1.62970 2.66835 -0.07934
v 1.62150 2.98456 0.10562
v 1.62970 2.66835 0.06104
v 1.62150 2.98456 -0.12392
v 1.48347 2.68055 -0.12045
v 1.48347 2.69953 -0.13770
v 1.60896 2.67533 -0.13647
v 1.48347 2.69953 -0.13770
v 1.39103 2.67533 -0.13647
v 1.48347 2.69953 -0.13770
v 1.43032 2.67533 -0.13647
v 1.20045 2.96514 -0.15195
v 1.48347 2.98002 -0.15195
v 1.49974 2.66741 -0.10436
v 1.37030 2.66849 0.05722
v 1.37030 2.66849 -0.07552
v 1.49974 2.66741 0.08606
v 1.43032 2.67533 -0.13647
v 1.60896 2.67533 -0.13647
v 1.62970 2.66835 -0.07934
v 1.37030 2.66849 -0.07552
v 1.15602 2.99140 0.07363
v 1.15602 2.99140 -0.09192
v 1.37030 2.66849 0.05722
v 1.37776 2.65257 -0.09192
v 1.51744 2.35684 -0.13647
v 1.49671 2.32966 -0.07552
v 1.41362 2.62630 -0.15195
v 1.15602 2.99140 0.07363
v 1.50607 2.98998 -0.12959
v 1.15602 2.99140 -0.09192
v 1.50607 2.98998 0.11129
v 1.51744 2.35684 -0.13647
v 1.98863 2.32951 -0.07934
v 1.49671 2.32966 -0.07552
v 1.96035 2.34398 -0.13647
v 1.98863 2.65136 -0.12392
v 1.98863 2.32951 -0.07934
v 1.96035 2.34398 -0.13647
v 1.95821 2.62914 -0.15195
v 1.98863 2.32951 -0.07934
v 1.98863 2.65136 0.10562
v 1.98863 2.32951 0.06104
v 1.98863 2.65136 -0.12392
v 1.41362 2.62630 -0.15195
v 1.37776 2.65257 -0.09192
v 1.98863 2.65136 -0.12392
v 1.95821 2.62914 -0.15195
v 1.37776 2.65257 0.07363
v 1.98863 2.65136 -0.12392
v 1.37776 2.65257 -0.09192
v 1.98863 2.65136 0.10562
v 1.51744 2.35684 -0.13647
v 1.41362 2.62630 -0.15195
v 1.95821 2.62914 -0.15195
v 1.96035 2.34398 -0.13647
v 1.98863 2.32951 -0.07934
v 1.49671 2.32966 0.05722
v 1.49671 2.32966 -0.07552
v 1.98863 2.32951 0.06104
v 1.59651 2.31072 -0.13647
v 1.56118 2.02371 -0.15195
v 1.51882 2.31072 -0.13647
v 1.67635 2.28652 -0.13770
v 1.67635 2.00603 -0.15195
v 1.99658 1.99465 -0.09192
v 1.97473 2.31072 -0.13647
v 1.99658 2.31756 -0.07552
v 1.96902 2.02091 -0.15195
v 1.53831 2.00149 -0.12392
v 1.51882 2.31072 -0.13647
v 1.56118 2.02371 -0.15195
v 1.49808 2.31770 -0.07934
v 1.96902 2.02091 -0.15195
v 1.99658 1.99465 -0.09192
v 1.65374 1.99607 -0.12959
v 1.67635 2.00603 -0.15195
v 1.65374 1.99607 -0.12959
v 1.56118 2.02371 -0.15195
v 1.67635 2.00603 -0.15195
v 1.53831 2.00149 -0.12392
v 1.97473 2.31072 -0.13647
v 1.67635 2.30550 -0.12045
v 1.66007 2.31864 -0.10436
v 1.49808 2.31770 0.06104
v 1.49808 2.31770 -0.07934
v 1.53831 2.00149 -0.12392
v 1.49808 2.31770 0.06104
v 1.49808 2.31770 -0.07934
v 1.53831 2.00149 0.10562
v 1.65374 1.99607 0.11129
v 1.53831 2.00149 -0.12392
v 1.65374 1.99607 -0.12959
v 1.53831 2.00149 0.10562
v 1.67635 2.00603 -0.15195
v 1.77183 2.31072 -0.13647
v 1.96902 2.02091 -0.15195
v 1.67635 2.28652 -0.13770
v 1.97473 2.31072 -0.13647
v 1.99658 2.31756 -0.07552
v 1.51882 2.31072 -0.13647
v 1.49808 2.31770 -0.07934
v 1.77183 2.31072 -0.13647
v 1.59651 2.31072 -0.13647
v 1.99658 2.31756 0.05722
v 1.99658 1.99465 -0.09192
v 1.99658 2.31756 -0.07552
v 1.99658 1.99465 0.07363
v 1.65374 1.99607 0.11129
v 1.99658 1.99465 -0.09192
v 1.99658 1.99465 0.07363
v 1.65374 1.99607 -0.12959
v 1.53701 0.00140 -0.12959
v 1.61603 0.02310 -0.15195
v 1.63576 0.00119 -0.12392
v 1.51441 0.01122 -0.15195
v 1.65434 0.33172 0.11817
v 1.63360 0.00000 0.07362
v 1.66004 0.02590 0.13365
v 1.63360 0.33846 0.05722
v 1.46479 0.00000 -0.09192
v 1.53701 0.00140 0.11129
v 1.46479 0.00000 0.07362
v 1.53701 0.00140 -0.12959
v 1.63360 0.00000 -0.09192
v 1.86364 0.00140 0.11129
v 1.63360 0.00000 0.07362
v 1.49671 2.32966 -0.07552
v 1.37776 2.65257 0.07363
v 1.37776 2.65257 -0.09192
v 1.49671 2.32966 0.05722
v 1.85731 0.33953 0.08606
v 1.65434 0.33172 0.11817
v 1.84104 0.32657 0.10215
v 1.63360 0.33846 0.05722
v 1.66004 0.02590 0.13365
v 1.86364 0.00140 0.11129
v 1.84104 0.01122 0.13365
v 1.63360 0.00000 0.07362
v 1.85731 0.33953 0.08606
v 1.85731 0.33953 -0.10436
v 1.63360 0.33846 -0.07552
v 1.63360 0.33846 0.05722
v 1.99222 0.33860 0.06104
v 1.99222 0.33860 -0.07934
v 1.66004 0.02590 0.13365
v 1.84104 0.30785 0.11940
v 1.65434 0.33172 0.11817
v 1.84104 0.01122 0.13365
v 1.86364 0.00140 0.11129
v 1.97407 0.02310 0.13365
v 1.84104 0.01122 0.13365
v 1.99379 0.00119 0.10562
v 1.97621 0.33172 0.11817
v 1.97407 0.02310 0.13365
v 1.99379 0.00119 0.10562
v 1.99222 0.33860 0.06104
v 1.97407 0.02310 0.13365
v 1.97621 0.33172 0.11817
v 1.92087 0.33172 0.11817
v 1.84104 0.30785 0.11940
v 1.84104 0.01122 0.13365
v 1.99379 0.00119 -0.12392
v 1.99222 0.33860 0.06104
v 1.99379 0.00119 0.10562
v 1.99222 0.33860 -0.07934
v 1.99379 0.00119 0.10562
v 1.86364 0.00140 -0.12959
v 1.99379 0.00119 -0.12392
v 1.85731 0.33953 0.08606
v 1.97621 0.33172 0.11817
v 1.99222 0.33860 0.06104
v 1.84104 0.32657 0.10215
v 1.92087 0.33172 0.11817
v 1.53068 0.33953 -0.10436
v 1.61817 0.33172 -0.13647
v 1.51441 0.32657 -0.12045
v 1.63419 0.33860 -0.07934
v 1.61817 0.33172 -0.13647
v 1.63419 0.33860 -0.07934
v 1.63576 0.00119 -0.12392
v 1.61603 0.02310 -0.15195
v 1.49123 0.02590 0.13365
v 1.46479 0.00000 0.07362
v 1.53701 0.00140 0.11129
v 1.51441 0.01122 0.13365
v 1.46479 0.33846 0.05722
v 1.51441 0.32657 0.10215
v 1.53068 0.33953 0.08606
v 1.48553 0.33172 0.11817
v 1.53701 0.00140 -0.12959
v 1.49123 0.02590 -0.15195
v 1.51441 0.01122 -0.15195
v 1.46479 0.00000 -0.09192
v 1.48553 0.33172 -0.13647
v 1.46479 0.00000 -0.09192
v 1.46479 0.33846 -0.07552
v 1.49123 0.02590 -0.15195
v 1.51441 0.30785 -0.13770
v 1.61603 0.02310 -0.15195
v 1.51441 0.01122 -0.15195
v 1.61817 0.33172 -0.13647
v 1.63360 0.00000 0.07362
v 1.63360 0.33846 -0.07552
v 1.63360 0.00000 -0.09192
v 1.63360 0.33846 0.05722
v 1.48553 0.33172 0.11817
v 1.46479 0.00000 0.07362
v 1.49123 0.02590 0.13365
v 1.46479 0.33846 0.05722
v 1.51441 0.30785 -0.13770
v 1.49123 0.02590 -0.15195
v 1.48553 0.33172 -0.13647
v 1.51441 0.01122 -0.15195
v 1.51441 0.32657 -0.12045
v 1.46479 0.33846 -0.07552
v 1.53068 0.33953 -0.10436
v 1.48553 0.33172 -0.13647
v 1.46479 0.33846 0.05722
v 1.53068 0.33953 -0.10436
v 1.46479 0.33846 -0.07552
v 1.53068 0.33953 0.08606
v 1.45336 0.66037 0.06104
v 1.51137 0.66037 -0.08501
v 1.45336 0.66037 -0.07934
v 1.46038 0.64006 0.12566
v 1.45336 0.66037 0.06104
v 1.45241 0.53308 0.08606
v 1.46564 0.51714 0.12565
v 1.99079 0.34098 -0.09192
v 1.99171 0.53928 0.11129
v 1.99079 0.34098 0.07362
v 1.65713 0.62528 0.12566
v 1.99180 0.66037 0.10562
v 1.53730 0.64242 0.10956
v 1.95386 0.63743 0.12566
v 1.51137 0.66037 0.06671
v 1.45350 0.34098 0.05722
v 1.51165 0.34098 -0.07761
v 1.51165 0.34098 0.05931
v 1.51165 0.34098 0.05931
v 1.46038 0.36129 0.12565
v 1.45350 0.34098 0.05722
v 1.53825 0.38120 0.12565
v 1.96609 0.51714 0.12565
v 1.53825 0.38120 0.12565
v 1.96744 0.36688 0.12565
v 1.65713 0.62528 0.12566
v 1.52079 0.51714 0.12565
v 1.54204 0.62124 0.12566
v 1.95386 0.63743 0.12566
v 1.46564 0.51714 0.12565
v 1.46038 0.64006 0.12566
v 1.99079 0.34098 0.07362
v 1.99079 0.34098 -0.09192
v 1.45350 0.34098 -0.07552
v 1.99171 0.53928 0.11129
v 1.95386 0.63743 0.12566
v 1.96609 0.51714 0.12565
v 1.99180 0.66037 0.10562
v 1.96744 0.36688 0.12565
v 1.99171 0.53928 0.11129
v 1.96609 0.51714 0.12565
v 1.99079 0.34098 0.07362
v 1.53068 0.33953 -0.10436
v 1.63419 0.33860 0.06104
v 1.63419 0.33860 -0.07934
v 1.53068 0.33953 0.08606
v 1.51137 0.66037 0.06671
v 1.99180 0.66037 0.10562
v 1.99180 0.66037 -0.12392
v 1.46038 0.36129 0.12565
v 1.45350 0.34098 0.05722
v 1.45336 0.66037 0.06104
v 1.53730 0.64242 0.10956
v 1.51137 0.66037 0.06671
v 1.46038 0.64006 0.12566
v 1.46038 0.36129 0.12565
v 1.99079 0.34098 0.07362
v 1.53825 0.38120 0.12565
v 1.51165 0.34098 0.05931
v 1.96744 0.36688 0.12565
v 1.46564 0.51714 -0.14395
v -0.14407 3.63673 -0.12755
v 0.00044 3.65843 -0.10519
v 0.00044 3.64860 -0.12755
v -0.16616 3.65864 -0.09952
v -0.14621 3.52670 -0.11207
v -0.16458 3.51118 -0.05494
v -0.16616 3.65864 -0.09952
v -0.14407 3.63673 -0.12755
v 0.00044 3.53777 -0.11590
v -0.14407 3.63673 -0.12755
v 0.00044 3.64860 -0.12755
v -0.14621 3.52670 -0.11207
v -0.14621 3.52670 -0.11207
v 0.00044 3.52481 -0.09285
v -0.16458 3.51118 -0.05494
v 0.00044 3.53777 -0.11590
v 0.00044 3.52481 -0.09285
v -0.16458 3.51118 0.08544
v -0.16458 3.51118 -0.05494
v 0.00044 3.52481 0.12335
v 0.00044 3.65843 0.13569
v -0.14407 3.63673 0.15805
v 0.00044 3.64860 0.15805
v -0.16616 3.65864 0.13002
v -0.16458 3.51118 0.08544
v -0.14621 3.52670 0.14257
v -0.16616 3.65864 0.13002
v -0.14407 3.63673 0.15805
v -0.14407 3.63673 0.15805
v -0.14621 3.52670 0.14257
v 0.00044 3.53777 0.14640
v 0.00044 3.64860 0.15805
v -0.16458 3.51118 0.08544
v -0.16616 3.65864 -0.09952
v -0.16458 3.51118 -0.05494
v -0.16616 3.65864 0.13002
v 0.00044 3.65843 -0.10519
v -0.16616 3.65864 -0.09952
v -0.16616 3.65864 0.13002
v -0.14621 3.52670 0.14257
v -0.16458 3.51118 0.08544
v 0.00044 3.52481 0.12335
v 0.00044 3.53777 0.14640
v -0.97149 3.18708 -0.13971
v -0.73568 3.32724 -0.08091
v -0.98864 3.16129 -0.07709
v -0.77457 3.30502 -0.14237
v -0.73568 3.32724 0.06261
v -0.97149 3.18708 0.12142
v -0.98864 3.16129 0.05880
v -0.77457 3.30502 0.12407
v -0.98864 3.16129 -0.07709
v -0.73568 3.32724 0.06261
v -0.98864 3.16129 0.05880
v -0.73568 3.32724 -0.08091
v -0.98861 3.32724 0.05717
v -0.98861 3.32724 -0.07547
v -0.98864 3.16129 -0.07709
v -0.98864 3.16129 0.05880
v -0.96996 3.30687 0.12142
v -0.98861 3.32724 0.05717
v -0.98864 3.16129 0.05880
v -0.97149 3.18708 0.12142
v -0.98864 3.16129 -0.07709
v -0.96996 3.30687 -0.13971
v -0.97149 3.18708 -0.13971
v -0.98861 3.32724 -0.07547
v -0.96996 3.30687 -0.13971
v -0.77457 3.30502 -0.14237
v -0.97149 3.18708 -0.13971
v -0.96996 3.30687 0.12142
v -0.97149 3.18708 0.12142
v -0.77457 3.30502 0.12407
v -0.73568 3.32724 0.06261
v -0.73568 3.32724 -0.08091
v -0.98861 3.32724 -0.07547
v -0.98861 3.32724 0.05717
v -0.73568 3.32724 0.06261
v -0.96996 3.30687 0.12142
v -0.77457 3.30502 0.12407
v -0.98861 3.32724 0.05717
v -0.96996 3.30687 -0.13971
v -0.73568 3.32724 -0.08091
v -0.77457 3.30502 -0.14237
v -0.98861 3.32724 -0.07547
v -0.18278 3.64861 0.11817
v -0.41923 3.64346 0.10215
v -0.33940 3.64861 0.11817
v -0.18278 3.64861 -0.13647
v -0.40296 3.65642 -0.10436
v -0.16441 3.65550 -0.07934
v -0.65040 3.38482 -0.13647
v -0.62830 3.65153 -0.09192
v -0.62967 3.37808 -0.07552
v -0.65474 3.62564 -0.15195
v -0.72055 3.34226 -0.12045
v -0.62967 3.37808 -0.07552
v -0.73683 3.32930 -0.10436
v -0.65040 3.38482 -0.13647
v -0.85834 3.65014 -0.12959
v -0.65474 3.62564 -0.15195
v -0.83574 3.64031 -0.15195
v -0.62830 3.65153 -0.09192
v -0.65474 3.62564 -0.15195
v -0.72055 3.36098 -0.13770
v -0.83574 3.64031 -0.15195
v -0.65040 3.38482 -0.13647
v -0.96877 3.62843 -0.15195
v -0.85834 3.65014 -0.12959
v -0.83574 3.64031 -0.15195
v -0.99085 3.65035 -0.12392
v -0.97091 3.33984 -0.13647
v -0.98928 3.33295 -0.07934
v -0.99085 3.65035 -0.12392
v -0.96877 3.62843 -0.15195
v -0.83574 3.64031 -0.15195
v -0.72055 3.36098 -0.13770
v -0.91557 3.33984 -0.13647
v -0.96877 3.62843 -0.15195
v -0.97091 3.33984 -0.13647
v -0.72055 3.34226 -0.12045
v -0.97091 3.33984 -0.13647
v -0.91557 3.33984 -0.13647
v -0.73683 3.32930 -0.10436
v -0.98928 3.33295 -0.07934
v -0.39865 3.47075 0.11129
v -0.19306 3.51301 0.13365
v -0.40350 3.48222 0.13365
v -0.16722 3.49568 0.10562
v -0.39865 3.47075 -0.12959
v -0.16722 3.49568 0.10562
v -0.39865 3.47075 0.11129
v -0.16722 3.49568 -0.12392
v -0.40296 3.65642 0.08606
v -0.62667 3.65535 0.05722
v -0.60593 3.64861 0.11817
v -0.16722 3.49568 0.10562
v -0.16441 3.65550 -0.07934
v -0.16441 3.65550 0.06104
v -0.16722 3.49568 -0.12392
v -0.62667 3.65535 -0.07552
v -0.62844 3.38161 0.07363
v -0.62667 3.65535 0.05722
v -0.62844 3.38161 -0.09192
v -0.40350 3.48222 0.13365
v -0.33940 3.64861 0.11817
v -0.41923 3.62474 0.11940
v -0.19306 3.51301 0.13365
v -0.18278 3.64861 0.11817
v -0.50667 3.66398 -0.09192
v -0.52740 3.95562 -0.13647
v -0.50667 3.98242 -0.07552
v -0.53311 3.68988 -0.15195
v -0.52740 3.95562 -0.13647
v -0.99131 3.98256 -0.07934
v -0.50667 3.98242 -0.07552
v -0.97528 3.96829 -0.13647
v -0.99289 3.66517 -0.12392
v -0.99131 3.98256 -0.07934
v -0.97528 3.96829 -0.13647
v -0.97314 3.68708 -0.15195
v -0.53311 3.68988 -0.15195
v -0.99289 3.66517 -0.12392
v -0.97314 3.68708 -0.15195
v -0.50667 3.66398 -0.09192
v -0.52740 3.95562 -0.13647
v -0.97314 3.68708 -0.15195
v -0.97528 3.96829 -0.13647
v -0.53311 3.68988 -0.15195
v -0.48430 3.96446 -0.13958
v -0.00064 3.98477 -0.09192
v -0.02708 3.95887 -0.14758
v -0.50448 3.98477 -0.07552
v -0.50462 3.66397 -0.07934
v -0.48430 3.96446 -0.13958
v -0.49759 3.68427 -0.13958
v -0.50448 3.98477 -0.07552
v -0.02806 3.68637 -0.14758
v -0.49759 3.68427 -0.13958
v -0.48430 3.96446 -0.13958
v -0.02708 3.95887 -0.14758
v -0.00073 3.66137 -0.09926
v -0.50462 3.66397 -0.07934
v -0.49759 3.68427 -0.13958
v -0.02806 3.68637 -0.14758
v -0.02708 3.95887 -0.14758
v -0.00073 3.66137 -0.09926
v -0.02806 3.68637 -0.14758
v -0.00064 3.98477 -0.09192
v -0.19306 3.51301 -0.15195
v -0.39865 3.47075 -0.12959
v -0.40350 3.48222 -0.15195
v -0.16722 3.49568 -0.12392
v -0.16441 3.65550 0.06104
v -0.62667 3.65535 -0.07552
v -0.62667 3.65535 0.05722
v -0.65040 3.38482 0.11817
v -0.62830 3.65153 0.07363
v -0.65474 3.62564 0.13365
v -0.62967 3.37808 0.05722
v -0.62830 3.65153 -0.09192
v -0.85834 3.65014 0.11129
v -0.62830 3.65153 0.07363
v -0.73683 3.32930 0.08606
v -0.62967 3.37808 -0.07552
v -0.62967 3.37808 0.05722
v -0.73683 3.32930 -0.10436
v -0.62967 3.37808 0.05722
v -0.72055 3.34226 0.10215
v -0.73683 3.32930 0.08606
v -0.65040 3.38482 0.11817
v -0.65474 3.62564 0.13365
v -0.85834 3.65014 0.11129
v -0.83574 3.64031 0.13365
v -0.62830 3.65153 0.07363
v -0.73683 3.32930 -0.10436
v -0.98928 3.33295 0.06104
v -0.98928 3.33295 -0.07934
v -0.73683 3.32930 0.08606
v -0.72055 3.36098 0.11940
v -0.65474 3.62564 0.13365
v -0.83574 3.64031 0.13365
v -0.65040 3.38482 0.11817
v -0.85834 3.65014 0.11129
v -0.96877 3.62843 0.13365
v -0.83574 3.64031 0.13365
v -0.99085 3.65035 0.10562
v -0.97091 3.33984 0.11817
v -0.96877 3.62843 0.13365
v -0.99085 3.65035 0.10562
v -0.98928 3.33295 0.06104
v -0.91557 3.33984 0.11817
v -0.96877 3.62843 0.13365
v -0.97091 3.33984 0.11817
v -0.72055 3.36098 0.11940
v -0.83574 3.64031 0.13365
v -0.99085 3.65035 -0.12392
v -0.98928 3.33295 0.06104
v -0.99085 3.65035 0.10562
v -0.98928 3.33295 -0.07934
v -0.85834 3.65014 -0.12959
v -0.99085 3.65035 -0.12392
v -0.99085 3.65035 0.10562
v -0.73683 3.32930 0.08606
v -0.97091 3.33984 0.11817
v -0.98928 3.33295 0.06104
v -0.72055 3.34226 0.10215
v -0.91557 3.33984 0.11817
v -0.59846 3.40331 0.13365
v -0.62844 3.38161 0.07363
v -0.39865 3.47075 0.11129
v -0.40350 3.48222 0.13365
v -0.18278 3.64861 -0.13647
v -0.16441 3.65550 -0.07934
v -0.16722 3.49568 -0.12392
v -0.19306 3.51301 -0.15195
v -0.16441 3.65550 0.06104
v -0.18278 3.64861 0.11817
v -0.16722 3.49568 0.10562
v -0.19306 3.51301 0.13365
v -0.39865 3.47075 -0.12959
v -0.59846 3.40331 -0.15195
v -0.40350 3.48222 -0.15195
v -0.62844 3.38161 -0.09192
v -0.60593 3.64861 -0.13647
v -0.62844 3.38161 -0.09192
v -0.62667 3.65535 -0.07552
v -0.59846 3.40331 -0.15195
v -0.40350 3.48222 -0.15195
v -0.41923 3.62474 -0.13770
v -0.33940 3.64861 -0.13647
v -0.19306 3.51301 -0.15195
v -0.18278 3.64861 -0.13647
v -0.62967 3.37808 -0.07552
v -0.62830 3.65153 0.07363
v -0.62967 3.37808 0.05722
v -0.62830 3.65153 -0.09192
v -0.41923 3.62474 0.11940
v -0.59846 3.40331 0.13365
v -0.40350 3.48222 0.13365
v -0.60593 3.64861 0.11817
v -0.59846 3.40331 -0.15195
v -0.41923 3.62474 -0.13770
v -0.40350 3.48222 -0.15195
v -0.60593 3.64861 -0.13647
v -0.41923 3.64346 -0.12045
v -0.33940 3.64861 -0.13647
v -0.60593 3.64861 -0.13647
v -0.62667 3.65535 -0.07552
v -0.62844 3.38161 -0.09192
v -0.39865 3.47075 0.11129
v -0.62844 3.38161 0.07363
v -0.39865 3.47075 -0.12959
v -0.50667 3.66398 0.07363
v -0.52740 3.95562 0.11817
v -0.53311 3.68988 0.13365
v -0.50667 3.98242 0.05722
v -0.60593 3.64861 0.11817
v -0.62844 3.38161 0.07363
v -0.59846 3.40331 0.13365
v -0.62667 3.65535 0.05722
v -0.99131 3.98256 0.06104
v -0.52740 3.95562 0.11817
v -0.50667 3.98242 0.05722
v -0.97528 3.96829 0.11817
v -0.97528 3.96829 0.11817
v -0.99131 3.98256 0.06104
v -0.99289 3.66517 0.10562
v -0.97314 3.68708 0.13365
v -0.99131 3.98256 0.06104
v -0.99289 3.66517 -0.12392
v -0.99289 3.66517 0.10562
v -0.99131 3.98256 -0.07934
v -0.50667 3.66398 0.07363
v -0.53311 3.68988 0.13365
v -0.99289 3.66517 0.10562
v -0.97314 3.68708 0.13365
v -0.99289 3.66517 0.10562
v -0.99289 3.66517 -0.12392
v -0.50667 3.66398 -0.09192
v -0.50667 3.66398 0.07363
v -0.52740 3.95562 0.11817
v -0.97314 3.68708 0.13365
v -0.53311 3.68988 0.13365
v -0.97528 3.96829 0.11817
v -0.00064 3.98477 0.07363
v -0.48430 3.96446 0.12128
v -0.02708 3.95887 0.12928
v -0.50448 3.98477 0.05722
v -0.50667 3.98242 -0.07552
v -0.99131 3.98256 0.06104
v -0.50667 3.98242 0.05722
v -0.99131 3.98256 -0.07934
v -0.48430 3.96446 0.12128
v -0.50448 3.98477 0.05722
v -0.50462 3.66397 0.06104
v -0.49759 3.68427 0.12128
v -0.50448 3.98477 -0.07552
v -0.50462 3.66397 0.06104
v -0.50448 3.98477 0.05722
v -0.50462 3.66397 -0.07934
v -0.48430 3.96446 0.12128
v -0.49759 3.68427 0.12128
v -0.02806 3.68637 0.12928
v -0.02708 3.95887 0.12928
v -0.49759 3.68427 0.12128
v -0.50462 3.66397 0.06104
v -0.00073 3.66137 0.08097
v -0.02806 3.68637 0.12928
v -0.00064 3.98477 0.07363
v -0.02708 3.95887 0.12928
v -0.00073 3.66137 0.08097
v -0.02806 3.68637 0.12928
v -0.00073 3.66137 -0.09926
v -0.00064 3.98477 0.07363
v -0.00073 3.66137 0.08097
v -0.00064 3.98477 -0.09192
v -0.00073 3.66137 -0.09926
v -0.50462 3.66397 0.06104
v -0.50462 3.66397 -0.07934
v -0.00073 3.66137 0.08097
v -0.00064 3.98477 0.07363
v -0.00064 3.98477 -0.09192
v -0.50448 3.98477 -0.07552
v -0.50448 3.98477 0.05722
v -0.50667 3.66398 0.07363
v -0.50667 3.66398 -0.09192
v -0.50667 3.98242 -0.07552
v -0.50667 3.98242 0.05722
v -1.52885 3.48018 0.12309
v -1.53408 3.35416 0.13068
v -1.44729 3.37302 0.13066
v -1.47308 3.48018 0.12436
v -1.53408 3.35416 0.13068
v -1.53954 3.33502 0.06104
v -1.48153 3.33502 0.06671
v -1.44729 3.37302 0.13066
v -1.52885 3.48018 0.12309
v -1.45536 3.61954 0.13075
v -1.53408 3.63994 0.13068
v -1.47308 3.48018 0.12436
v -1.01042 3.65889 0.07363
v -1.45536 3.61954 0.13075
v -1.03373 3.63421 0.13328
v -1.48125 3.65889 0.05931
v -1.53408 3.63994 0.13068
v -1.53940 3.65889 0.05722
v -1.54049 3.46410 0.08606
v -1.52885 3.48018 0.12309
v -1.01042 3.65889 0.07363
v -1.03373 3.63421 0.13328
v -1.01185 3.45781 0.11129
v -1.01859 3.48018 0.13312
v -1.03373 3.63421 0.13328
v -1.45536 3.61954 0.13075
v -1.01859 3.48018 0.13312
v -1.47308 3.48018 0.12436
v -1.01185 3.45781 0.11129
v -1.03085 3.35631 0.13325
v -1.01163 3.33502 0.10562
v -1.01859 3.48018 0.13312
v -1.48125 3.65889 0.05931
v -1.53408 3.63994 0.13068
v -1.45536 3.61954 0.13075
v -1.53940 3.65889 0.05722
v -1.44729 3.37302 0.13066
v -1.48153 3.33502 0.06671
v -1.01163 3.33502 0.10562
v -1.03085 3.35631 0.13325
v -1.01859 3.48018 0.13312
v -1.44729 3.37302 0.13066
v -1.03085 3.35631 0.13325
v -1.47308 3.48018 0.12436
v -1.53408 3.35416 0.13068
v -1.53954 3.33502 0.06104
v -1.45806 1.66590 0.10562
v -1.62305 1.66444 -0.07934
v -1.62305 1.66444 0.06104
v -1.45806 1.66590 -0.12392
v -1.64480 1.32935 -0.13647
v -1.62406 1.66772 -0.09192
v -1.62406 1.32203 -0.07552
v -1.65050 1.63960 -0.15195
v -1.64480 1.32935 -0.13647
v -1.85201 1.32087 -0.10436
v -1.83574 1.33494 -0.12045
v -1.62406 1.32203 -0.07552
v -1.85834 1.66620 -0.12959
v -1.65050 1.63960 -0.15195
v -1.83574 1.65553 -0.15195
v -1.62406 1.66772 -0.09192
v -1.65050 1.63960 -0.15195
v -1.83574 1.35526 -0.13770
v -1.83574 1.65553 -0.15195
v -1.64480 1.32935 -0.13647
v -1.96877 1.64264 -0.15195
v -1.85834 1.66620 -0.12959
v -1.83574 1.65553 -0.15195
v -1.99085 1.66643 -0.12392
v -1.97091 1.32935 -0.13647
v -1.98928 1.32187 -0.07934
v -1.99085 1.66643 -0.12392
v -1.96877 1.64264 -0.15195
v -1.83574 1.35526 -0.13770
v -1.96877 1.64264 -0.15195
v -1.83574 1.65553 -0.15195
v -1.91557 1.32935 -0.13647
v -1.97091 1.32935 -0.13647
v -1.97091 1.32935 -0.13647
v -1.91557 1.32935 -0.13647
v -1.98928 1.32187 -0.07934
v -1.61617 1.59584 0.11817
v -1.47997 1.64535 0.13365
v -1.61617 1.64734 0.11817
v -1.59230 1.52153 0.11940
v -1.46810 1.52153 0.13365
v -1.62291 1.32846 -0.07552
v -1.45687 1.32846 0.07362
v -1.62291 1.32846 0.05722
v -1.45687 1.32846 -0.09192
v -1.61617 1.64734 0.11817
v -1.61101 1.52153 0.10215
v -1.61617 1.59584 0.11817
v -1.62305 1.66444 0.06104
v -1.62398 1.53667 0.08606
v -1.45827 1.54257 0.11129
v -1.47997 1.64535 0.13365
v -1.46810 1.52153 0.13365
v -1.45806 1.66590 0.10562
v -1.62305 1.66444 0.06104
v -1.61617 1.64734 0.11817
v -1.45806 1.66590 0.10562
v -1.47997 1.64535 0.13365
v -1.45806 1.66590 -0.12392
v -1.45806 1.66590 0.10562
v -1.45827 1.54257 0.11129
v -1.59230 1.52153 0.11940
v -1.48277 1.35307 0.13365
v -1.46810 1.52153 0.13365
v -1.61617 1.34776 0.11817
v -1.45249 1.66398 -0.09192
v -1.50538 1.77454 -0.14702
v -1.48076 1.76543 -0.08670
v -1.56273 1.95562 -0.13647
v -1.99131 1.98256 -0.07934
v -1.54200 1.98242 -0.07552
v -1.97528 1.96829 -0.13647
v -1.99289 1.66517 -0.12392
v -1.97382 1.77667 -0.14702
v -1.97314 1.68708 -0.15195
v -1.99238 1.76628 -0.10972
v -1.47893 1.68988 -0.15195
v -1.99289 1.66517 -0.12392
v -1.97314 1.68708 -0.15195
v -1.45249 1.66398 -0.09192
v -1.97314 1.68708 -0.15195
v -1.50538 1.77454 -0.14702
v -1.47893 1.68988 -0.15195
v -1.97382 1.77667 -0.14702
v -1.56273 1.95562 -0.13647
v -1.97528 1.96829 -0.13647
v -1.97528 1.96829 0.11817
v -1.99131 1.98256 0.06104
v -1.99238 1.76628 0.09142
v -1.97382 1.77667 0.12872
v -1.56273 1.95562 0.11817
v -1.48076 1.76543 0.06840
v -1.54200 1.98242 0.05722
v -1.47893 1.68988 -0.15195
v -1.56273 1.95562 -0.13647
v -1.54200 1.98242 -0.07552
v -1.99238 1.76628 -0.10972
v -1.97528 1.96829 -0.13647
v -1.97382 1.77667 -0.14702
v -1.99131 1.98256 -0.07934
v -1.49209 3.32456 0.11817
v -1.51054 3.00848 0.07363
v -1.48701 3.03475 0.13365
v -1.51054 3.33139 0.05722
v -1.51054 3.33139 0.05722
v -1.49209 3.32456 0.11817
v -1.31147 3.33248 0.08606
v -1.48701 3.03475 0.13365
v -1.30583 3.00990 0.11129
v -1.32595 3.01987 0.13365
v -1.51054 3.00848 0.07363
v -1.48701 3.03475 0.13365
v -1.32595 3.30035 0.11940
v -1.49209 3.32456 0.11817
v -1.32595 3.01987 0.13365
v -1.30583 3.00990 0.11129
v -1.15611 3.03191 0.13365
v -1.32595 3.01987 0.13365
v -1.13575 3.00969 0.10562
v -0.99540 3.15918 0.08818
v -1.01501 3.16997 0.12759
v -1.13575 3.00969 0.10562
v -1.15611 3.03191 0.13365
v -1.01501 3.16997 0.12759
v -1.25490 3.32456 0.11817
v -1.15611 3.03191 0.13365
v -1.01523 3.32456 0.11817
v -1.32595 3.30035 0.11940
v -1.32595 3.01987 0.13365
v -1.96996 1.30687 -0.13971
v -1.45772 1.32724 -0.09192
v -1.48424 1.30126 -0.14774
v -1.98861 1.32724 -0.07547
v -1.98868 1.00421 -0.07930
v -1.96996 1.30687 -0.13971
v -1.97357 1.02458 -0.13971
v -1.98861 1.32724 -0.07547
v -1.48424 1.30126 -0.14774
v -1.97357 1.02458 -0.13971
v -1.96996 1.30687 -0.13971
v -1.48138 1.02668 -0.14774
v -1.45397 1.00161 -0.09928
v -1.97357 1.02458 -0.13971
v -1.48138 1.02668 -0.14774
v -1.98868 1.00421 -0.07930
v -1.48424 1.30126 -0.14774
v -1.45397 1.00161 -0.09928
v -1.48138 1.02668 -0.14774
v -1.45772 1.32724 -0.09192
v -0.99678 3.33154 0.06104
v -1.01523 3.32456 0.11817
v -0.99540 3.15918 0.08818
v -1.01501 3.16997 0.12759
v -1.01523 3.32456 -0.13647
v -0.99678 3.33154 -0.07934
v -0.99540 3.15918 -0.10648
v -1.01501 3.16997 -0.14589
v -0.99678 3.33154 0.06104
v -0.99540 3.15918 -0.10648
v -0.99678 3.33154 -0.07934
v -0.99540 3.15918 0.08818
v -1.01523 3.32456 0.11817
v -1.32595 3.31933 0.10215
v -1.25490 3.32456 0.11817
v -1.68462 0.96737 -0.13770
v -1.49054 0.69154 -0.15195
v -1.68462 0.67299 -0.15195
v -1.60478 0.99277 -0.13647
v -1.48021 0.99277 -0.13647
v -1.96605 0.99277 -0.13647
v -1.98702 0.66104 -0.09192
v -1.98702 0.99994 -0.07552
v -1.96034 0.68860 -0.15195
v -1.48021 0.99277 -0.13647
v -1.45948 1.00010 -0.07934
v -1.46767 0.66821 -0.12392
v -1.49054 0.69154 -0.15195
v -1.66201 0.66252 -0.12959
v -1.96034 0.68860 -0.15195
v -1.68462 0.67299 -0.15195
v -1.98702 0.66104 -0.09192
v -1.49054 0.69154 -0.15195
v -1.66201 0.66252 -0.12959
v -1.68462 0.67299 -0.15195
v -1.46767 0.66821 -0.12392
v -1.96605 0.99277 -0.13647
v -1.98702 0.99994 -0.07552
v -1.66834 1.00108 -0.10436
v -1.68462 0.98729 -0.12045
v -1.83427 0.99277 -0.13647
v -1.68462 0.67299 -0.15195
v -1.83427 0.99277 -0.13647
v -1.68462 0.96737 -0.13770
v -1.96034 0.68860 -0.15195
v -1.96605 0.99277 -0.13647
v -1.48021 0.99277 -0.13647
v -1.60478 0.99277 -0.13647
v -1.45948 1.00010 -0.07934
v -1.42943 2.67533 0.11817
v -1.48258 2.69953 0.11940
v -1.48258 2.69953 0.11940
v -1.48258 2.68055 0.10215
v -1.48258 2.69953 0.11940
v -1.59774 2.96234 0.13365
v -1.60808 2.67533 0.11817
v -1.48258 2.98002 0.13365
v -1.64101 2.66519 0.07363
v -1.66175 2.98126 0.11817
v -1.66745 2.69145 0.13365
v -1.64101 2.98809 0.05722
v -1.66175 2.98126 0.11817
v -1.86472 2.98918 0.08606
v -1.84845 2.97603 0.10215
v -1.64101 2.98809 0.05722
v -1.64101 2.66519 0.07363
v -1.66745 2.69145 0.13365
v -1.87105 2.66660 0.11129
v -1.84845 2.67657 0.13365
v -1.66745 2.69145 0.13365
v -1.84845 2.95705 0.11940
v -1.84845 2.67657 0.13365
v -1.66175 2.98126 0.11817
v -1.87105 2.66660 0.11129
v -1.98117 2.68491 0.13169
v -1.99658 2.66639 0.10562
v -1.84845 2.67657 0.13365
v -1.98117 2.68491 0.13169
v -1.98133 2.98260 0.10714
v -1.99658 2.66639 0.10562
v -1.99161 2.98824 0.06104
v -1.84845 2.95705 0.11940
v -1.98117 2.68491 0.13169
v -1.84845 2.67657 0.13365
v -1.98133 2.98260 0.10714
v -1.98133 2.98260 0.10714
v -1.99161 2.98824 0.06104
v -1.39015 2.67533 0.11817
v -1.15513 2.99140 0.07363
v -1.19956 2.96514 0.13365
v -1.36941 2.66849 0.05722
v -1.60808 2.67533 0.11817
v -1.59774 2.96234 0.13365
v -1.62062 2.98456 0.10562
v -1.62881 2.66835 0.06104
v -1.19956 2.96514 0.13365
v -1.15513 2.99140 0.07363
v -1.50518 2.98998 0.11129
v -1.48258 2.98002 0.13365
v -1.50518 2.98998 0.11129
v -1.59774 2.96234 0.13365
v -1.48258 2.98002 0.13365
v -1.62062 2.98456 0.10562
v -1.36941 2.66849 0.05722
v -1.39015 2.67533 0.11817
v -1.49885 2.66741 0.08606
v -1.48258 2.68055 0.10215
v -1.60808 2.67533 0.11817
v -1.48258 2.68055 0.10215
v -1.48258 2.69953 0.11940
v -1.48258 2.69953 0.11940
v -1.39015 2.67533 0.11817
v -1.48258 2.98002 0.13365
v -1.48258 2.69953 0.11940
v -1.42943 2.67533 0.11817
v -1.19956 2.96514 0.13365
v -1.42943 2.67533 0.11817
v -1.60808 2.67533 0.11817
v -1.62881 2.66835 0.06104
v -1.51655 2.35684 0.11817
v -1.37687 2.65257 0.07363
v -1.41273 2.62630 0.13365
v -1.49582 2.32966 0.05722
v -1.98774 2.32951 0.06104
v -1.51655 2.35684 0.11817
v -1.95946 2.34398 0.11817
v -1.49582 2.32966 0.05722
v -1.95946 2.34398 0.11817
v -1.95732 2.62914 0.13365
v -1.98774 2.65136 0.10562
v -1.98774 2.32951 0.06104
v -1.41273 2.62630 0.13365
v -1.37687 2.65257 0.07363
v -1.98774 2.65136 0.10562
v -1.95732 2.62914 0.13365
v -1.51655 2.35684 0.11817
v -1.95732 2.62914 0.13365
v -1.95946 2.34398 0.11817
v -1.41273 2.62630 0.13365
v -1.56030 2.02371 0.13365
v -1.51793 2.31072 0.11817
v -1.59562 2.31072 0.11817
v -1.67546 2.28652 0.11940
v -1.67546 2.00603 0.13365
v -1.97384 2.31072 0.11817
v -1.99570 1.99465 0.07363
v -1.96814 2.02091 0.13365
v -1.99570 2.31756 0.05722
v -1.51793 2.31072 0.11817
v -1.56030 2.02371 0.13365
v -1.53742 2.00149 0.10562
v -1.49720 2.31770 0.06104
v -1.96814 2.02091 0.13365
v -1.99570 1.99465 0.07363
v -1.65286 1.99607 0.11129
v -1.67546 2.00603 0.13365
v -1.65286 1.99607 0.11129
v -1.56030 2.02371 0.13365
v -1.67546 2.00603 0.13365
v -1.53742 2.00149 0.10562
v -1.97384 2.31072 0.11817
v -1.67546 2.30550 0.10215
v -1.65919 2.31864 0.08606
v -1.96814 2.02091 0.13365
v -1.77094 2.31072 0.11817
v -1.97384 2.31072 0.11817
v -1.67546 2.00603 0.13365
v -1.67546 2.28652 0.11940
v -1.51793 2.31072 0.11817
v -1.59562 2.31072 0.11817
v -1.77094 2.31072 0.11817
v -1.63330 0.33860 0.06104
v -1.63488 0.00119 -0.12392
v -1.63488 0.00119 0.10562
v -1.63330 0.33860 -0.07934
v -1.63272 0.00000 -0.09192
v -1.65345 0.33172 -0.13647
v -1.63272 0.33846 -0.07552
v -1.65916 0.02590 -0.15195
v -1.63272 0.33846 -0.07552
v -1.65345 0.33172 -0.13647
v -1.85642 0.33953 -0.10436
v -1.65916 0.02590 -0.15195
v -1.86275 0.00140 -0.12959
v -1.84015 0.01122 -0.15195
v -1.63272 0.00000 -0.09192
v -1.84015 0.30785 -0.13770
v -1.65916 0.02590 -0.15195
v -1.84015 0.01122 -0.15195
v -1.65345 0.33172 -0.13647
v -1.97318 0.02310 -0.15195
v -1.86275 0.00140 -0.12959
v -1.99291 0.00119 -0.12392
v -1.84015 0.01122 -0.15195
v -1.99291 0.00119 -0.12392
v -1.99133 0.33860 -0.07934
v -1.97532 0.33172 -0.13647
v -1.97318 0.02310 -0.15195
v -1.91999 0.33172 -0.13647
v -1.97318 0.02310 -0.15195
v -1.97532 0.33172 -0.13647
v -1.84015 0.30785 -0.13770
v -1.84015 0.01122 -0.15195
v -1.84015 0.32657 -0.12045
v -1.97532 0.33172 -0.13647
v -1.99133 0.33860 -0.07934
v -1.91999 0.33172 -0.13647
v -1.61515 0.02310 0.13365
v -1.51352 0.30785 0.11940
v -1.61729 0.33172 0.11817
v -1.51352 0.01122 0.13365
v -1.46391 0.00000 0.07362
v -1.46391 0.00000 -0.09192
v -1.46391 0.33846 -0.07552
v -1.46391 0.33846 0.05722
v -1.52980 0.33953 0.08606
v -1.61729 0.33172 0.11817
v -1.51352 0.32657 0.10215
v -1.63330 0.33860 0.06104
v -1.53613 0.00140 0.11129
v -1.61515 0.02310 0.13365
v -1.63488 0.00119 0.10562
v -1.51352 0.01122 0.13365
v -1.61515 0.02310 0.13365
v -1.61729 0.33172 0.11817
v -1.63488 0.00119 0.10562
v -1.63330 0.33860 0.06104
v -1.53613 0.00140 -0.12959
v -1.63488 0.00119 0.10562
v -1.63488 0.00119 -0.12392
v -1.53613 0.00140 0.11129
v -1.49035 0.02590 0.13365
v -1.51352 0.30785 0.11940
v -1.51352 0.01122 0.13365
v -1.48464 0.33172 0.11817
v -1.45950 0.64006 -0.14395
v -1.45247 0.66037 -0.07934
v -1.45152 0.53308 -0.10436
v -1.65625 0.62528 -0.14395
v -1.99092 0.66037 -0.12392
v -1.53641 0.64242 -0.12786
v -1.51048 0.66037 -0.08501
v -1.95297 0.63743 -0.14395
v -1.45950 0.36129 -0.14395
v -1.51076 0.34098 -0.07761
v -1.53736 0.38120 -0.14395
v -1.45261 0.34098 -0.07552
v -1.65625 0.62528 -0.14395
v -1.96521 0.51714 -0.14395
v -1.95297 0.63743 -0.14395
v -1.51991 0.51714 -0.14395
v -1.54115 0.62124 -0.14395
v -1.46476 0.51714 -0.14395
v -1.99082 0.53928 -0.12959
v -1.95297 0.63743 -0.14395
v -1.96521 0.51714 -0.14395
v -1.99092 0.66037 -0.12392
v -1.96655 0.36688 -0.14395
v -1.98991 0.34098 -0.09192
v -1.99082 0.53928 -0.12959
v -1.96521 0.51714 -0.14395
v -1.45247 0.66037 -0.07934
v -1.45950 0.64006 -0.14395
v -1.53641 0.64242 -0.12786
v -1.51048 0.66037 -0.08501
v -1.45950 0.64006 -0.14395
v -1.53736 0.38120 -0.14395
v -1.45950 0.36129 -0.14395
v -1.96655 0.36688 -0.14395
v -1.53736 0.38120 -0.14395
v -1.98991 0.34098 -0.09192
v -1.96655 0.36688 -0.14395
v -1.51076 0.34098 -0.07761
v -1.44729 3.37302 -0.14896
v -1.52885 3.48018 -0.14139
v -1.47308 3.48018 -0.14266
v -1.53408 3.35416 -0.14898
v -1.53408 3.35416 -0.14898
v -1.44729 3.37302 -0.14896
v -1.48153 3.33502 -0.08501
v -1.53954 3.33502 -0.07934
v -1.45536 3.61954 -0.14905
v -1.52885 3.48018 -0.14139
v -1.53408 3.63994 -0.14898
v -1.47308 3.48018 -0.14266
v -1.53954 3.33502 -0.07934
v -1.54049 3.46410 -0.10436
v -1.45536 3.61954 -0.14905
v -1.01042 3.65889 -0.09192
v -1.03373 3.63421 -0.15158
v -1.48125 3.65889 -0.07761
v -1.01042 3.65889 0.07363
v -1.01185 3.45781 -0.12959
v -1.01042 3.65889 -0.09192
v -1.01042 3.65889 0.07363
v -1.48125 3.65889 -0.07761
v -1.48125 3.65889 0.05931
v -1.03373 3.63421 -0.15158
v -1.01185 3.45781 -0.12959
v -1.01859 3.48018 -0.15142
v -1.01042 3.65889 -0.09192
v -1.53940 3.65889 -0.07552
v -1.53408 3.63994 -0.14898
v -1.53954 3.33502 0.06104
v -1.01859 3.48018 -0.15142
v -1.45536 3.61954 -0.14905
v -1.03373 3.63421 -0.15158
v -1.47308 3.48018 -0.14266
v -1.03085 3.35631 -0.15155
v -1.01185 3.45781 -0.12959
v -1.01163 3.33502 -0.12392
v -1.01859 3.48018 -0.15142
v -1.53408 3.63994 -0.14898
v -1.48125 3.65889 -0.07761
v -1.45536 3.61954 -0.14905
v -1.53940 3.65889 -0.07552
v -1.01163 3.33502 -0.12392
v -1.48153 3.33502 -0.08501
v -1.44729 3.37302 -0.14896
v -1.03085 3.35631 -0.15155
v -1.01859 3.48018 -0.15142
v -1.44729 3.37302 -0.14896
v -1.47308 3.48018 -0.14266
v -1.03085 3.35631 -0.15155
v -1.01163 3.33502 0.10562
v -1.48153 3.33502 -0.08501
v -1.01163 3.33502 -0.12392
v -1.01042 3.65889 -0.09192
v -1.53940 3.65889 -0.07552
v -1.53940 3.65889 0.05722
v -1.01185 3.45781 0.11129
v -1.01163 3.33502 -0.12392
v -1.01163 3.33502 0.10562
v -1.52885 3.48018 -0.14139
v -1.53408 3.35416 -0.14898
v -1.53954 3.33502 -0.07934
v -1.47997 1.64535 -0.15195
v -1.45827 1.54257 -0.12959
v -1.46810 1.52153 -0.15195
v -1.45806 1.66590 -0.12392
v -1.64480 1.32935 0.11817
v -1.62406 1.66772 0.07362
v -1.65050 1.63960 0.13365
v -1.62406 1.32203 0.05722
v -1.62398 1.53667 -0.10436
v -1.62291 1.32846 0.05722
v -1.62398 1.53667 0.08606
v -1.62291 1.32846 -0.07552
v -1.62406 1.66772 -0.09192
v -1.85834 1.66620 0.11129
v -1.62406 1.66772 0.07362
v -1.62406 1.32203 0.05722
v -1.64480 1.32935 0.11817
v -1.85201 1.32087 0.08606
v -1.65050 1.63960 0.13365
v -1.62406 1.66772 0.07362
v -1.85834 1.66620 0.11129
v -1.83574 1.65553 0.13365
v -1.85201 1.32087 0.08606
v -1.85201 1.32087 -0.10436
v -1.62406 1.32203 -0.07552
v -1.62406 1.32203 0.05722
v -1.98928 1.32187 0.06104
v -1.98928 1.32187 -0.07934
v -1.83574 1.35526 0.11940
v -1.65050 1.63960 0.13365
v -1.83574 1.65553 0.13365
v -1.64480 1.32935 0.11817
v -1.85834 1.66620 0.11129
v -1.96877 1.64264 0.13365
v -1.83574 1.65553 0.13365
v -1.99085 1.66643 0.10562
v -1.97091 1.32935 0.11817
v -1.96877 1.64264 0.13365
v -1.99085 1.66643 0.10562
v -1.98928 1.32187 0.06104
v -1.91557 1.32935 0.11817
v -1.96877 1.64264 0.13365
v -1.97091 1.32935 0.11817
v -1.83574 1.35526 0.11940
v -1.83574 1.65553 0.13365
v -1.99085 1.66643 -0.12392
v -1.98928 1.32187 0.06104
v -1.99085 1.66643 0.10562
v -1.98928 1.32187 -0.07934
v -1.85834 1.66620 -0.12959
v -1.99085 1.66643 -0.12392
v -1.99085 1.66643 0.10562
v -1.83574 1.33494 0.10215
v -1.97091 1.32935 0.11817
v -1.98928 1.32187 0.06104
v -1.91557 1.32935 0.11817
v -1.48153 3.33502 0.06671
v -1.53954 3.33502 -0.07934
v -1.53954 3.33502 0.06104
v -1.61617 1.64734 -0.13647
v -1.62398 1.53667 -0.10436
v -1.62305 1.66444 -0.07934
v -1.61617 1.64734 -0.13647
v -1.62305 1.66444 -0.07934
v -1.45806 1.66590 -0.12392
v -1.47997 1.64535 -0.15195
v -1.48277 1.35307 0.13365
v -1.45827 1.54257 0.11129
v -1.46810 1.52153 0.13365
v -1.45687 1.32846 0.07362
v -1.61617 1.34776 0.11817
v -1.62291 1.32846 0.05722
v -1.45827 1.54257 -0.12959
v -1.48277 1.35307 -0.15195
v -1.46810 1.52153 -0.15195
v -1.45687 1.32846 -0.09192
v -1.61617 1.34776 -0.13647
v -1.45687 1.32846 -0.09192
v -1.62291 1.32846 -0.07552
v -1.48277 1.35307 -0.15195
v -1.59230 1.52153 -0.13770
v -1.47997 1.64535 -0.15195
v -1.46810 1.52153 -0.15195
v -1.61617 1.59584 -0.13647
v -1.61617 1.64734 -0.13647
v -1.62406 1.66772 0.07362
v -1.62406 1.32203 -0.07552
v -1.62406 1.66772 -0.09192
v -1.62406 1.32203 0.05722
v -1.45827 1.54257 -0.12959
v -1.45687 1.32846 0.07362
v -1.45687 1.32846 -0.09192
v -1.48277 1.35307 -0.15195
v -1.59230 1.52153 -0.13770
v -1.46810 1.52153 -0.15195
v -1.61617 1.34776 -0.13647
v -1.61101 1.52153 -0.12045
v -1.61617 1.59584 -0.13647
v -1.61617 1.34776 -0.13647
v -1.62291 1.32846 -0.07552
v -1.45687 1.32846 0.07362
v -1.61617 1.34776 0.11817
v -1.62291 1.32846 0.05722
v -1.48277 1.35307 0.13365
v -1.50538 1.77454 0.12872
v -1.45249 1.66398 0.07362
v -1.47893 1.68988 0.13365
v -1.62305 1.66444 -0.07934
v -1.62398 1.53667 0.08606
v -1.62305 1.66444 0.06104
v -1.62398 1.53667 -0.10436
v -1.99131 1.98256 0.06104
v -1.56273 1.95562 0.11817
v -1.54200 1.98242 0.05722
v -1.97528 1.96829 0.11817
v -1.97382 1.77667 0.12872
v -1.99238 1.76628 0.09142
v -1.99289 1.66517 0.10562
v -1.97314 1.68708 0.13365
v -1.99289 1.66517 0.10562
v -1.99238 1.76628 -0.10972
v -1.99289 1.66517 -0.12392
v -1.45249 1.66398 0.07362
v -1.47893 1.68988 0.13365
v -1.99289 1.66517 0.10562
v -1.97314 1.68708 0.13365
v -1.99289 1.66517 0.10562
v -1.45249 1.66398 -0.09192
v -1.45249 1.66398 0.07362
v -1.99289 1.66517 -0.12392
v -1.54200 1.98242 -0.07552
v -1.99131 1.98256 0.06104
v -1.54200 1.98242 0.05722
v -1.99131 1.98256 -0.07934
v -1.99131 1.98256 0.06104
v -1.99238 1.76628 0.09142
v -1.99131 1.98256 -0.07934
v -1.50538 1.77454 0.12872
v -1.97314 1.68708 0.13365
v -1.47893 1.68988 0.13365
v -1.97382 1.77667 0.12872
v -1.56273 1.95562 0.11817
v -1.97528 1.96829 0.11817
v -1.48076 1.76543 0.06840
v -1.48076 1.76543 -0.08670
v -1.54200 1.98242 -0.07552
v -1.54200 1.98242 0.05722
v -1.45249 1.66398 0.07362
v -1.45249 1.66398 -0.09192
v -1.49209 3.32456 -0.13647
v -1.51054 3.00848 -0.09192
v -1.51054 3.33139 -0.07552
v -1.48701 3.03475 -0.15195
v -1.51054 3.00848 -0.09192
v -1.30583 3.00990 0.11129
v -1.51054 3.00848 0.07363
v -1.51054 3.33139 0.05722
v -1.31147 3.33248 -0.10436
v -1.51054 3.33139 -0.07552
v -1.49209 3.32456 -0.13647
v -1.31147 3.33248 -0.10436
v -1.32595 3.31933 -0.12045
v -1.51054 3.33139 -0.07552
v -1.30583 3.00990 -0.12959
v -1.48701 3.03475 -0.15195
v -1.32595 3.01987 -0.15195
v -1.51054 3.00848 -0.09192
v -1.32595 3.30035 -0.13770
v -1.48701 3.03475 -0.15195
v -1.49209 3.32456 -0.13647
v -1.32595 3.01987 -0.15195
v -1.15611 3.03191 -0.15195
v -1.30583 3.00990 -0.12959
v -1.32595 3.01987 -0.15195
v -1.13575 3.00969 -0.12392
v -1.01501 3.16997 -0.14589
v -0.99540 3.15918 -0.10648
v -1.13575 3.00969 -0.12392
v -1.15611 3.03191 -0.15195
v -1.01501 3.16997 -0.14589
v -1.25490 3.32456 -0.13647
v -1.01523 3.32456 -0.13647
v -1.15611 3.03191 -0.15195
v -1.32595 3.30035 -0.13770
v -1.32595 3.01987 -0.15195
v -0.99540 3.15918 0.08818
v -1.13575 3.00969 -0.12392
v -0.99540 3.15918 -0.10648
v -1.13575 3.00969 0.10562
v -1.30583 3.00990 -0.12959
v -1.13575 3.00969 -0.12392
v -1.13575 3.00969 0.10562
v -1.45772 1.32724 0.07362
v -1.96996 1.30687 0.12142
v -1.48424 1.30126 0.12944
v -1.98861 1.32724 0.05717
v -1.96996 1.30687 0.12142
v -1.98861 1.32724 0.05717
v -1.98868 1.00421 0.06100
v -1.97357 1.02458 0.12142
v -1.98861 1.32724 0.05717
v -1.98861 1.32724 -0.07547
v -1.98868 1.00421 -0.07930
v -1.98868 1.00421 0.06100
v -1.48424 1.30126 0.12944
v -1.97357 1.02458 0.12142
v -1.48138 1.02668 0.12944
v -1.96996 1.30687 0.12142
v -1.97357 1.02458 0.12142
v -1.98868 1.00421 0.06100
v -1.45397 1.00161 0.08098
v -1.48138 1.02668 0.12944
v -1.45772 1.32724 0.07362
v -1.48424 1.30126 0.12944
v -1.45397 1.00161 0.08098
v -1.48138 1.02668 0.12944
v -1.45397 1.00161 0.08098
v -1.45397 1.00161 -0.09928
v -1.45772 1.32724 -0.09192
v -1.45772 1.32724 0.07362
v -1.45397 1.00161 0.08098
v -1.98868 1.00421 -0.07930
v -1.45397 1.00161 -0.09928
v -1.98868 1.00421 0.06100
v -1.45772 1.32724 0.07362
v -1.98861 1.32724 -0.07547
v -1.98861 1.32724 0.05717
v -1.45772 1.32724 -0.09192
v -1.01523 3.32456 -0.13647
v -1.25490 3.32456 -0.13647
v -0.99678 3.33154 -0.07934
v -1.51054 3.00848 -0.09192
v -1.51054 3.33139 0.05722
v -1.51054 3.33139 -0.07552
v -1.51054 3.00848 0.07363
v -0.99678 3.33154 0.06104
v -0.99678 3.33154 -0.07934
v -1.49054 0.69154 0.13365
v -1.48021 0.99277 0.11817
v -1.60478 0.99277 0.11817
v -1.68462 0.96737 0.11940
v -1.68462 0.67299 0.13365
v -1.96605 0.99277 0.11817
v -1.98702 0.66104 0.07362
v -1.96034 0.68860 0.13365
v -1.98702 0.99994 0.05722
v -1.48021 0.99277 0.11817
v -1.49054 0.69154 0.13365
v -1.46767 0.66821 0.10562
v -1.45948 1.00010 0.06104
v -1.96034 0.68860 0.13365
v -1.98702 0.66104 0.07362
v -1.66201 0.66252 0.11129
v -1.68462 0.67299 0.13365
v -1.66201 0.66252 0.11129
v -1.49054 0.69154 0.13365
v -1.68462 0.67299 0.13365
v -1.46767 0.66821 0.10562
v -1.96605 0.99277 0.11817
v -1.68462 0.98729 0.10215
v -1.66834 1.00108 0.08606
v -1.46767 0.66821 -0.12392
v -1.45948 1.00010 0.06104
v -1.46767 0.66821 0.10562
v -1.45948 1.00010 -0.07934
v -1.66201 0.66252 0.11129
v -1.66201 0.66252 -0.12959
v -1.46767 0.66821 -0.12392
v -1.46767 0.66821 0.10562
v -1.96034 0.68860 0.13365
v -1.83427 0.99277 0.11817
v -1.96605 0.99277 0.11817
v -1.68462 0.67299 0.13365
v -1.68462 0.96737 0.11940
v -1.45948 1.00010 0.06104
v -1.45948 1.00010 -0.07934
v -1.98702 0.99994 0.05722
v -1.48021 0.99277 0.11817
v -1.45948 1.00010 0.06104
v -1.60478 0.99277 0.11817
v -1.83427 0.99277 0.11817
v -1.98702 0.66104 0.07362
v -1.98702 0.99994 -0.07552
v -1.98702 0.66104 -0.09192
v -1.98702 0.99994 0.05722
v -1.66201 0.66252 -0.12959
v -1.98702 0.66104 0.07362
v -1.98702 0.66104 -0.09192
v -1.66201 0.66252 0.11129
v -1.48258 2.69953 -0.13770
v -1.42943 2.67533 -0.13647
v -1.48258 2.69953 -0.13770
v -1.48258 2.68055 -0.12045
v -1.59774 2.96234 -0.15195
v -1.48258 2.69953 -0.13770
v -1.60808 2.67533 -0.13647
v -1.48258 2.98002 -0.15195
v -1.64101 2.66519 -0.09192
v -1.66175 2.98126 -0.13647
v -1.64101 2.98809 -0.07552
v -1.66745 2.69145 -0.15195
v -1.50518 2.98998 0.11129
v -1.50518 2.98998 -0.12959
v -1.62062 2.98456 -0.12392
v -1.62062 2.98456 0.10562
v -1.64101 2.66519 0.07363
v -1.87105 2.66660 -0.12959
v -1.64101 2.66519 -0.09192
v -1.64101 2.98809 -0.07552
v -1.66175 2.98126 -0.13647
v -1.86472 2.98918 -0.10436
v -1.66745 2.69145 -0.15195
v -1.87105 2.66660 -0.12959
v -1.84845 2.67657 -0.15195
v -1.64101 2.66519 -0.09192
v -1.86472 2.98918 -0.10436
v -1.64101 2.98809 0.05722
v -1.64101 2.98809 -0.07552
v -1.86472 2.98918 0.08606
v -1.99161 2.98824 -0.07934
v -1.99161 2.98824 0.06104
v -1.84845 2.95705 -0.13770
v -1.66745 2.69145 -0.15195
v -1.84845 2.67657 -0.15195
v -1.66175 2.98126 -0.13647
v -1.98117 2.68491 -0.14999
v -1.87105 2.66660 -0.12959
v -1.99658 2.66639 -0.12392
v -1.84845 2.67657 -0.15195
v -1.99658 2.66639 -0.12392
v -1.99161 2.98824 -0.07934
v -1.98133 2.98260 -0.12544
v -1.98117 2.68491 -0.14999
v -1.84845 2.95705 -0.13770
v -1.98117 2.68491 -0.14999
v -1.98133 2.98260 -0.12544
v -1.84845 2.67657 -0.15195
v -1.99658 2.66639 -0.12392
v -1.99161 2.98824 0.06104
v -1.99161 2.98824 -0.07934
v -1.99658 2.66639 0.10562
v -1.87105 2.66660 0.11129
v -1.99658 2.66639 0.10562
v -1.99658 2.66639 -0.12392
v -1.84845 2.97603 -0.12045
v -1.98133 2.98260 -0.12544
v -1.99161 2.98824 -0.07934
v -1.39015 2.67533 -0.13647
v -1.15513 2.99140 -0.09192
v -1.36941 2.66849 -0.07552
v -1.19956 2.96514 -0.15195
v -1.60808 2.67533 -0.13647
v -1.62881 2.66835 -0.07934
v -1.62062 2.98456 -0.12392
v -1.59774 2.96234 -0.15195
v -1.50518 2.98998 -0.12959
v -1.19956 2.96514 -0.15195
v -1.48258 2.98002 -0.15195
v -1.15513 2.99140 -0.09192
v -1.50518 2.98998 -0.12959
v -1.59774 2.96234 -0.15195
v -1.62062 2.98456 -0.12392
v -1.48258 2.98002 -0.15195
v -1.39015 2.67533 -0.13647
v -1.49885 2.66741 -0.10436
v -1.48258 2.68055 -0.12045
v -1.36941 2.66849 -0.07552
v -1.62881 2.66835 -0.07934
v -1.49885 2.66741 0.08606
v -1.62881 2.66835 0.06104
v -1.49885 2.66741 -0.10436
v -1.62881 2.66835 -0.07934
v -1.62062 2.98456 0.10562
v -1.62062 2.98456 -0.12392
v -1.62881 2.66835 0.06104
v -1.64101 2.98809 0.05722
v -1.64101 2.66519 -0.09192
v -1.64101 2.98809 -0.07552
v -1.64101 2.66519 0.07363
v -1.48258 2.69953 -0.13770
v -1.60808 2.67533 -0.13647
v -1.48258 2.69953 -0.13770
v -1.48258 2.68055 -0.12045
v -1.48258 2.69953 -0.13770
v -1.39015 2.67533 -0.13647
v -1.42943 2.67533 -0.13647
v -1.48258 2.98002 -0.15195
v -1.19956 2.96514 -0.15195
v -1.36941 2.66849 0.05722
v -1.49885 2.66741 -0.10436
v -1.36941 2.66849 -0.07552
v -1.49885 2.66741 0.08606
v -1.42943 2.67533 -0.13647
v -1.60808 2.67533 -0.13647
v -1.62881 2.66835 -0.07934
v -1.36941 2.66849 -0.07552
v -1.15513 2.99140 0.07363
v -1.36941 2.66849 0.05722
v -1.15513 2.99140 -0.09192
v -1.51655 2.35684 -0.13647
v -1.37687 2.65257 -0.09192
v -1.49582 2.32966 -0.07552
v -1.41273 2.62630 -0.15195
v -1.50518 2.98998 -0.12959
v -1.15513 2.99140 0.07363
v -1.15513 2.99140 -0.09192
v -1.50518 2.98998 0.11129
v -1.51655 2.35684 -0.13647
v -1.98774 2.32951 -0.07934
v -1.95946 2.34398 -0.13647
v -1.49582 2.32966 -0.07552
v -1.63272 0.33846 -0.07552
v -1.85642 0.33953 0.08606
v -1.63272 0.33846 0.05722
v -1.85642 0.33953 -0.10436
v -1.95946 2.34398 -0.13647
v -1.98774 2.32951 -0.07934
v -1.98774 2.65136 -0.12392
v -1.95732 2.62914 -0.15195
v -1.98774 2.32951 -0.07934
v -1.98774 2.65136 0.10562
v -1.98774 2.65136 -0.12392
v -1.98774 2.32951 0.06104
v -1.98774 2.65136 -0.12392
v -1.41273 2.62630 -0.15195
v -1.95732 2.62914 -0.15195
v -1.37687 2.65257 -0.09192
v -1.98774 2.65136 -0.12392
v -1.98774 2.65136 0.10562
v -1.37687 2.65257 0.07363
v -1.37687 2.65257 -0.09192
v -1.51655 2.35684 -0.13647
v -1.95732 2.62914 -0.15195
v -1.41273 2.62630 -0.15195
v -1.95946 2.34398 -0.13647
v -1.98774 2.32951 -0.07934
v -1.49582 2.32966 0.05722
v -1.98774 2.32951 0.06104
v -1.49582 2.32966 -0.07552
v -1.59562 2.31072 -0.13647
v -1.51793 2.31072 -0.13647
v -1.56030 2.02371 -0.15195
v -1.67546 2.28652 -0.13770
v -1.67546 2.00603 -0.15195
v -1.97384 2.31072 -0.13647
v -1.99570 1.99465 -0.09192
v -1.99570 2.31756 -0.07552
v -1.96814 2.02091 -0.15195
v -1.51793 2.31072 -0.13647
v -1.49720 2.31770 -0.07934
v -1.53742 2.00149 -0.12392
v -1.56030 2.02371 -0.15195
v -1.65286 1.99607 -0.12959
v -1.99570 1.99465 -0.09192
v -1.96814 2.02091 -0.15195
v -1.67546 2.00603 -0.15195
v -1.65286 1.99607 -0.12959
v -1.56030 2.02371 -0.15195
v -1.53742 2.00149 -0.12392
v -1.67546 2.00603 -0.15195
v -1.67546 2.30550 -0.12045
v -1.97384 2.31072 -0.13647
v -1.65919 2.31864 -0.10436
v -1.77094 2.31072 -0.13647
v -1.99570 2.31756 -0.07552
v -1.65919 2.31864 -0.10436
v -1.49720 2.31770 0.06104
v -1.49720 2.31770 -0.07934
v -1.65919 2.31864 0.08606
v -1.49720 2.31770 0.06104
v -1.53742 2.00149 -0.12392
v -1.49720 2.31770 -0.07934
v -1.53742 2.00149 0.10562
v -1.65286 1.99607 0.11129
v -1.65286 1.99607 -0.12959
v -1.53742 2.00149 -0.12392
v -1.53742 2.00149 0.10562
v -1.67546 2.00603 -0.15195
v -1.77094 2.31072 -0.13647
v -1.67546 2.28652 -0.13770
v -1.96814 2.02091 -0.15195
v -1.97384 2.31072 -0.13647
v -1.99570 2.31756 0.05722
v -1.49720 2.31770 0.06104
v -1.67546 2.30550 -0.12045
v -1.51793 2.31072 -0.13647
v -1.59562 2.31072 -0.13647
v -1.65919 2.31864 -0.10436
v -1.49720 2.31770 -0.07934
v -1.99570 1.99465 -0.09192
v -1.99570 2.31756 0.05722
v -1.99570 2.31756 -0.07552
v -1.99570 1.99465 0.07363
v -1.65286 1.99607 -0.12959
v -1.65286 1.99607 0.11129
v -1.99570 1.99465 -0.09192
v -1.99570 1.99465 0.07363
v -1.53613 0.00140 -0.12959
v -1.61515 0.02310 -0.15195
v -1.51352 0.01122 -0.15195
v -1.63488 0.00119 -0.12392
v -1.63272 0.00000 0.07362
v -1.65345 0.33172 0.11817
v -1.65916 0.02590 0.13365
v -1.63272 0.33846 0.05722
v -1.46391 0.00000 0.07362
v -1.53613 0.00140 -0.12959
v -1.46391 0.00000 -0.09192
v -1.53613 0.00140 0.11129
v -1.63272 0.00000 0.07362
v -1.86275 0.00140 -0.12959
v -1.63272 0.00000 -0.09192
v -1.49582 2.32966 -0.07552
v -1.37687 2.65257 0.07363
v -1.49582 2.32966 0.05722
v -1.37687 2.65257 -0.09192
v -1.65345 0.33172 0.11817
v -1.85642 0.33953 0.08606
v -1.84015 0.32657 0.10215
v -1.63272 0.33846 0.05722
v -1.63272 0.00000 0.07362
v -1.65916 0.02590 0.13365
v -1.86275 0.00140 0.11129
v -1.84015 0.01122 0.13365
v -1.99133 0.33860 0.06104
v -1.85642 0.33953 -0.10436
v -1.99133 0.33860 -0.07934
v -1.85642 0.33953 0.08606
v -1.65916 0.02590 0.13365
v -1.84015 0.30785 0.11940
v -1.84015 0.01122 0.13365
v -1.65345 0.33172 0.11817
v -1.86275 0.00140 0.11129
v -1.97318 0.02310 0.13365
v -1.99291 0.00119 0.10562
v -1.84015 0.01122 0.13365
v -1.97318 0.02310 0.13365
v -1.97532 0.33172 0.11817
v -1.99291 0.00119 0.10562
v -1.99133 0.33860 0.06104
v -1.84015 0.30785 0.11940
v -1.97318 0.02310 0.13365
v -1.84015 0.01122 0.13365
v -1.91999 0.33172 0.11817
v -1.97532 0.33172 0.11817
v -1.99133 0.33860 0.06104
v -1.99291 0.00119 -0.12392
v -1.99291 0.00119 0.10562
v -1.99133 0.33860 -0.07934
v -1.86275 0.00140 0.11129
v -1.99291 0.00119 0.10562
v -1.99291 0.00119 -0.12392
v -1.97532 0.33172 0.11817
v -1.91999 0.33172 0.11817
v -1.99133 0.33860 0.06104
v -1.61729 0.33172 -0.13647
v -1.52980 0.33953 -0.10436
v -1.51352 0.32657 -0.12045
v -1.63330 0.33860 -0.07934
v -1.63488 0.00119 -0.12392
v -1.63330 0.33860 -0.07934
v -1.61729 0.33172 -0.13647
v -1.61515 0.02310 -0.15195
v -1.46391 0.00000 0.07362
v -1.49035 0.02590 0.13365
v -1.53613 0.00140 0.11129
v -1.51352 0.01122 0.13365
v -1.51352 0.32657 0.10215
v -1.46391 0.33846 0.05722
v -1.52980 0.33953 0.08606
v -1.48464 0.33172 0.11817
v -1.49035 0.02590 -0.15195
v -1.53613 0.00140 -0.12959
v -1.51352 0.01122 -0.15195
v -1.46391 0.00000 -0.09192
v -1.46391 0.00000 -0.09192
v -1.48464 0.33172 -0.13647
v -1.46391 0.33846 -0.07552
v -1.49035 0.02590 -0.15195
v -1.51352 0.30785 -0.13770
v -1.61515 0.02310 -0.15195
v -1.61729 0.33172 -0.13647
v -1.51352 0.01122 -0.15195
v -1.63272 0.00000 0.07362
v -1.63272 0.00000 -0.09192
v -1.63272 0.33846 -0.07552
v -1.63272 0.33846 0.05722
v -1.46391 0.00000 0.07362
v -1.48464 0.33172 0.11817
v -1.49035 0.02590 0.13365
v -1.46391 0.33846 0.05722
v -1.49035 0.02590 -0.15195
v -1.51352 0.30785 -0.13770
v -1.48464 0.33172 -0.13647
v -1.51352 0.01122 -0.15195
v -1.46391 0.33846 -0.07552
v -1.51352 0.32657 -0.12045
v -1.52980 0.33953 -0.10436
v -1.48464 0.33172 -0.13647
v -1.46391 0.33846 -0.07552
v -1.52980 0.33953 0.08606
v -1.46391 0.33846 0.05722
v -1.52980 0.33953 -0.10436
v -1.45247 0.66037 0.06104
v -1.51048 0.66037 -0.08501
v -1.51048 0.66037 0.06671
v -1.45950 0.64006 0.12566
v -1.45152 0.53308 0.08606
v -1.45247 0.66037 0.06104
v -1.98991 0.34098 0.07362
v -1.99082 0.53928 -0.12959
v -1.98991 0.34098 -0.09192
v -1.99092 0.66037 0.10562
v -1.99092 0.66037 -0.12392
v -1.99082 0.53928 0.11129
v -1.65625 0.62528 0.12566
v -1.99092 0.66037 0.10562
v -1.95297 0.63743 0.12566
v -1.53641 0.64242 0.10956
v -1.51048 0.66037 0.06671
v -1.45261 0.34098 0.05722
v -1.51076 0.34098 -0.07761
v -1.45261 0.34098 -0.07552
v -1.51076 0.34098 0.05931
v -1.45950 0.36129 0.12565
v -1.53736 0.38120 0.12565
v -1.45261 0.34098 0.05722
v -1.96521 0.51714 0.12565
v -1.65625 0.62528 0.12566
v -1.95297 0.63743 0.12566
v -1.53736 0.38120 0.12565
v -1.51991 0.51714 0.12565
v -1.54115 0.62124 0.12566
v -1.46476 0.51714 0.12565
v -1.45950 0.64006 0.12566
v -1.51076 0.34098 0.05931
v -1.98991 0.34098 0.07362
v -1.98991 0.34098 -0.09192
v -1.99082 0.53928 0.11129
v -1.95297 0.63743 0.12566
v -1.99092 0.66037 0.10562
v -1.96521 0.51714 0.12565
v -1.98991 0.34098 0.07362
v -1.96655 0.36688 0.12565
v -1.99082 0.53928 0.11129
v -1.96521 0.51714 0.12565
v -1.63330 0.33860 0.06104
v -1.52980 0.33953 -0.10436
v -1.63330 0.33860 -0.07934
v -1.52980 0.33953 0.08606
v -1.45247 0.66037 -0.07934
v -1.99092 0.66037 0.10562
v -1.99092 0.66037 -0.12392
v -1.45950 0.36129 0.12565
v -1.46476 0.51714 0.12565
v -1.45261 0.34098 0.05722
v -1.45261 0.34098 -0.07552
v -1.45950 0.36129 -0.14395
v -1.53641 0.64242 0.10956
v -1.45247 0.66037 0.06104
v -1.51048 0.66037 0.06671
v -1.45950 0.64006 0.12566
v -1.96655 0.36688 0.12565
v -1.45950 0.36129 0.12565
v -1.98991 0.34098 0.07362
v -1.53736 0.38120 0.12565
v -1.96655 0.36688 0.12565
v -1.51076 0.34098 0.05931
v -1.46476 0.51714 -0.14395
v -1.50521 2.35647 -0.10933
v -1.47147 2.66495 0.10104
v -1.50521 2.35647 0.10104
v -1.47147 2.66495 -0.10933
v -1.96016 0.00053 -0.10933
v -1.49870 1.56362 -0.10933
v -1.48586 0.00053 -0.10933
v -1.96016 0.00053 -0.10933
v -1.96016 1.56362 0.10104
v -1.96016 1.56362 -0.10933
v -1.48586 0.00053 -0.10933
v -1.49870 1.56362 0.10104
v -1.48586 0.00053 0.10104
v -1.49870 1.56362 -0.10933
v -1.49870 1.56362 -0.10933
v -1.58385 1.98787 0.10104
v -1.49870 1.56362 0.10104
v -1.58385 1.98787 -0.10933
v -1.49870 1.56362 0.10104
v -1.96016 0.00053 0.10104
v -1.48586 0.00053 0.10104
v -1.96016 1.56362 0.10104
v -1.58385 1.98787 0.10104
v -1.96016 0.00053 0.10104
v -1.96016 1.98787 0.10104
v -1.96016 1.98787 -0.10933
v -1.96016 1.56362 -0.10933
v -1.58385 1.98787 -0.10933
v -1.50521 2.35647 -0.10933
v -1.96016 2.66495 -0.10933
v -1.47147 2.66495 -0.10933
v -1.96016 2.35647 -0.10933
v -1.96016 1.98787 -0.10933
v -1.96016 2.35647 -0.10933
v -1.96016 2.66495 0.10104
v -1.96016 2.66495 -0.10933
v -1.96016 2.35647 0.10104
v -1.50521 2.35647 0.10104
v -1.96016 2.66495 0.10104
v -1.96016 2.35647 0.10104
v -1.96016 1.98787 0.10104
v -1.58385 1.98787 -0.10933
v -1.50521 2.35647 0.10104
v -1.58385 1.98787 0.10104
v -1.50521 2.35647 -0.10933
v -1.47147 2.66495 -0.10933
v -1.24158 2.97342 0.10104
v -1.47147 2.66495 0.10104
v -1.24158 2.97342 -0.10933
v -1.47147 2.66495 0.10104
v -1.96016 2.97342 0.10104
v -1.24158 2.97342 0.10104
v -1.96016 2.97342 0.10104
v -1.96016 2.97342 -0.10933
v -1.96016 2.97342 -0.10933
v -1.24158 2.97342 -0.10933
v -1.96016 2.97342 -0.10933
v -1.24158 2.97342 0.10104
v -1.24158 2.97342 -0.10933
v -1.96016 2.97342 0.10104
v -1.48586 0.00053 0.10104
v -1.96016 0.00053 -0.10933
v -1.48586 0.00053 -0.10933
v -1.96016 0.00053 0.10104
v 1.50991 0.00053 -0.10933
v 1.51617 1.58040 -0.10933
v 1.70432 1.58040 -0.10933
v 1.50991 0.00053 -0.10933
v 1.51617 1.58040 0.10104
v 1.51617 1.58040 -0.10933
v 1.50991 0.00053 0.10104
v 1.79375 0.00053 0.10104
v 1.96105 1.58040 0.10104
v 1.70432 1.58040 0.10104
v 1.50991 0.00053 0.10104
v 1.51617 1.58040 0.10104
v 1.96105 0.00053 0.10104
v 1.96105 0.00053 -0.10933
v 1.96105 1.58040 0.10104
v 1.79375 0.00053 -0.10933
v 1.96105 1.58040 -0.10933
v 1.96105 0.00053 -0.10933
v 1.96105 1.58040 -0.10933
v 1.96105 2.12706 0.10104
v 1.51617 1.58040 -0.10933
v 1.57090 2.12706 0.10104
v 1.57090 2.12706 -0.10933
v 1.51617 1.58040 0.10104
v 1.96105 0.00053 0.10104
v 1.57090 2.12706 0.10104
v 1.96105 2.12706 0.10104
v 1.67337 2.12706 0.10104
v 1.67337 2.12706 -0.10933
v 1.96105 2.12706 -0.10933
v 1.57090 2.12706 -0.10933
v -0.64947 3.44415 -0.10933
v -1.20931 3.02768 0.10104
v -1.20931 3.02769 -0.10933
v -0.64947 3.44415 0.10104
v -0.94354 3.91767 -0.10933
v -0.50179 3.91767 0.10104
v -0.50179 3.91767 -0.10933
v 1.57071 2.90851 0.10104
v 1.44624 2.63154 0.10104
v 1.57071 2.63154 0.10104
v 1.27470 2.90851 0.10104
v 1.44624 2.63154 -0.10933
v 1.27470 2.90851 0.10104
v 1.27470 2.90851 -0.10933
v 1.44624 2.63154 0.10104
v 1.57071 2.90851 -0.10933
v 1.44624 2.63154 -0.10933
v 1.27470 2.90851 -0.10933
v 1.27470 2.90851 0.10104
v 1.57071 2.90851 -0.10933
v 1.27470 2.90851 -0.10933
v 1.57071 2.90851 0.10104
v 1.96105 0.00053 -0.10933
v 1.79375 0.00053 0.10104
v 1.79375 0.00053 -0.10933
v 1.57071 2.63154 0.10104
v 1.96105 2.63154 -0.10933
v 1.57071 2.63154 -0.10933
v 1.96105 2.63154 0.10104
v 1.57071 2.63154 -0.10933
v 1.96105 2.63154 0.10104
v 0.56791 3.62181 0.10104
v -0.06003 3.62181 0.10104
v 0.49544 3.51198 0.10104
v -0.07247 3.55441 -0.10933
v -0.50179 3.62181 -0.10933
v -0.06003 3.62181 -0.10933
v -0.64947 3.44415 -0.10933
v 0.49544 3.51198 -0.10933
v 0.56791 3.62181 -0.10933
v -0.50179 3.91767 -0.10933
v -0.06003 3.91767 -0.10933
v 0.49544 3.51198 -0.10933
v 0.56791 3.62181 0.10104
v 0.49544 3.51198 0.10104
v 0.56791 3.62181 -0.10933
v -0.07247 3.55441 -0.10933
v 0.49544 3.51198 0.10104
v -0.07247 3.55441 0.10104
v 0.49544 3.51198 -0.10933
v 1.57090 2.12706 -0.10933
v 1.44624 2.63154 0.10104
v 1.44624 2.63154 -0.10933
v 1.57090 2.12706 0.10104
v 1.96105 2.63154 0.10104
v 1.96105 2.12706 -0.10933
v 1.96105 2.63154 -0.10933
v 1.96105 2.63154 -0.10933
v 1.57071 2.63154 -0.10933
v 1.57071 2.90851 0.10104
v 1.57071 2.63154 0.10104
v 1.57071 2.90851 -0.10933
v 1.96105 0.00053 0.10104
v 1.50991 0.00053 0.10104
v 1.50991 0.00053 -0.10933
v -0.50179 3.91767 0.10104
v -0.94354 3.62181 0.10104
v -0.50179 3.62181 0.10104
v -0.94354 3.91767 0.10104
v -0.06003 3.91767 0.10104
v -0.06003 3.62181 -0.10933
v -0.06003 3.91767 0.10104
v -0.06003 3.62181 0.10104
v -0.06003 3.91767 -0.10933
v -0.94354 3.91767 0.10104
v -0.06003 3.91767 0.10104
v -0.06003 3.91767 -0.10933
v -1.20931 3.02769 -0.10933
v -1.40268 2.95651 0.10104
v -1.40268 2.95651 -0.10933
v -1.20931 3.02768 0.10104
v -1.40268 3.62181 -0.10933
v -0.94354 3.62181 0.10104
v -0.94354 3.62181 -0.10933
v -1.40268 3.62181 0.10104
v -0.94354 3.91767 -0.10933
v -0.94354 3.62181 -0.10933
v -1.20931 3.02768 0.10104
v -1.40268 3.62181 0.10104
v -1.40268 2.95651 0.10104
v -0.64947 3.44415 0.10104
v 0.56791 3.62181 -0.10933
v -0.06003 3.62181 0.10104
v 0.56791 3.62181 0.10104
v -0.06003 3.62181 -0.10933
v -0.07247 3.55441 0.10104
v -1.40268 2.95651 -0.10933
v -1.40268 3.62181 0.10104
v -1.40268 3.62181 -0.10933
v -1.40268 2.95651 0.10104
v -1.20931 3.02769 -0.10933
v -1.40268 3.62181 -0.10933
v -1.40268 2.95651 -0.10933
v -0.94354 3.62181 -0.10933
v -0.94354 3.91767 0.10104
v -0.94354 3.91767 -0.10933
v -0.94354 3.62181 0.10104
v -0.07247 3.55441 0.10104
v -0.64947 3.44415 -0.10933
v -0.07247 3.55441 -0.10933
v -0.64947 3.44415 0.10104
v 0.66777 3.53308 -0.15805
v 0.16448 3.66040 -0.15797
v 0.66777 3.66040 -0.15797
v 0.16448 3.53308 -0.15805
v 0.16448 3.66040 0.14967
v 0.66777 3.66040 -0.15797
v 0.16448 3.66040 -0.15797
v 0.66777 3.66040 0.14967
v 0.66777 3.66040 0.14967
v 0.16448 3.53308 0.14975
v 0.66777 3.53308 0.14975
v 0.16448 3.66040 0.14967
v 1.50383 1.99628 0.14109
v 1.97904 1.99628 -0.14939
v 1.50383 1.99628 -0.14939
v 1.97904 1.99628 0.14109
v 1.97904 1.87605 -0.14946
v 1.50383 1.99628 -0.14939
v 1.97904 1.99628 -0.14939
v 1.50383 1.87605 -0.14946
v 1.97904 1.99628 0.14109
v 1.50383 1.87605 0.14117
v 1.97904 1.87605 0.14117
v 1.50383 1.99628 0.14109
v 1.44606 1.66403 0.14109
v 1.92127 1.66403 -0.14939
v 1.44606 1.66403 -0.14939
v 1.92127 1.66403 0.14109
v 1.92127 1.54380 -0.14946
v 1.44606 1.54380 -0.14946
v 1.44606 1.66403 -0.14939
v 1.92127 1.66403 -0.14939
v 1.92127 1.66403 0.14109
v 1.44606 1.66403 0.14109
v 1.44606 1.54380 0.14117
v 1.92127 1.54380 0.14117
v 1.40164 1.01101 -0.14809
v 1.96569 1.01101 0.13979
v 1.96569 1.01101 -0.14809
v 1.40164 1.01101 0.13979
v 1.96569 0.86832 -0.14816
v 1.40164 0.86832 -0.14816
v 1.96569 1.01101 -0.14809
v 1.40164 1.01101 -0.14809
v 1.96569 1.01101 0.13979
v 1.40164 1.01101 0.13979
v 1.96569 0.86832 0.13987
v 1.40164 0.86832 0.13987
v 1.63747 2.99424 0.14109
v 1.16225 2.87401 0.14117
v 1.63747 2.87401 0.14117
v 1.16225 2.99424 0.14109
v 1.16225 2.99424 0.14109
v 1.63747 2.99424 -0.14939
v 1.16225 2.99424 -0.14939
v 1.63747 2.99424 0.14109
v 1.63747 2.87401 -0.14946
v 1.16225 2.99424 -0.14939
v 1.63747 2.99424 -0.14939
v 1.16225 2.87401 -0.14946
v 1.40164 0.33669 0.13979
v 1.96569 0.33669 -0.14809
v 1.40164 0.33669 -0.14809
v 1.96569 0.33669 0.13979
v 1.96569 0.19400 -0.14816
v 1.40164 0.33669 -0.14809
v 1.96569 0.33669 -0.14809
v 1.40164 0.19400 -0.14816
v 1.96569 0.33669 0.13979
v 1.40164 0.19400 0.13987
v 1.96569 0.19400 0.13987
v 1.40164 0.33669 0.13979
v -0.45867 3.66040 -0.15797
v -0.96195 3.53308 -0.15805
v -0.96195 3.66040 -0.15797
v -0.45867 3.53308 -0.15805
v -0.45867 3.66040 0.14967
v -0.45867 3.66040 -0.15797
v -0.96195 3.66040 -0.15797
v -0.96195 3.66040 0.14967
v -0.45867 3.53308 0.14975
v -0.96195 3.66040 0.14967
v -0.96195 3.53308 0.14975
v -0.45867 3.66040 0.14967
v -1.42552 2.99779 -0.15797
v -1.92880 2.87046 -0.15805
v -1.92880 2.99779 -0.15797
v -1.42552 2.87046 -0.15805
v -1.42552 2.99779 0.14967
v -1.42552 2.99779 -0.15797
v -1.92880 2.99779 -0.15797
v -1.92880 2.99779 0.14967
v -1.42552 2.87046 0.14975
v -1.92880 2.99779 0.14967
v -1.92880 2.87046 0.14975
v -1.42552 2.99779 0.14967
v -1.97816 1.99628 -0.14939
v -1.50294 1.99628 0.14109
v -1.50294 1.99628 -0.14939
v -1.97816 1.99628 0.14109
v -1.50294 1.87605 -0.14946
v -1.97816 1.87605 -0.14946
v -1.50294 1.99628 -0.14939
v -1.97816 1.99628 -0.14939
v -1.50294 1.99628 0.14109
v -1.97816 1.99628 0.14109
v -1.50294 1.87605 0.14117
v -1.97816 1.87605 0.14117
v -1.92039 1.66403 -0.14939
v -1.44517 1.66403 0.14109
v -1.44517 1.66403 -0.14939
v -1.92039 1.66403 0.14109
v -1.44517 1.54380 -0.14946
v -1.92039 1.54380 -0.14946
v -1.44517 1.66403 -0.14939
v -1.92039 1.66403 -0.14939
v -1.44517 1.66403 0.14109
v -1.92039 1.66403 0.14109
v -1.44517 1.54380 0.14117
v -1.92039 1.54380 0.14117
v -1.96480 1.01101 0.13979
v -1.40075 1.01101 -0.14809
v -1.96480 1.01101 -0.14809
v -1.40075 1.01101 0.13979
v -1.40075 0.86832 -0.14816
v -1.96480 1.01101 -0.14809
v -1.40075 1.01101 -0.14809
v -1.96480 0.86832 -0.14816
v -1.40075 1.01101 0.13979
v -1.96480 1.01101 0.13979
v -1.96480 0.86832 0.13987
v -1.40075 0.86832 0.13987
v -1.16137 2.99424 0.14109
v -1.63658 2.99424 0.14109
v -1.16137 2.87401 0.14117
v -1.63658 2.87401 0.14117
v -1.63658 2.99424 -0.14939
v -1.16137 2.99424 0.14109
v -1.16137 2.99424 -0.14939
v -1.63658 2.99424 0.14109
v -1.16137 2.87401 -0.14946
v -1.63658 2.87401 -0.14946
v -1.16137 2.99424 -0.14939
v -1.63658 2.99424 -0.14939
v -1.96480 0.33669 -0.14809
v -1.40075 0.33669 0.13979
v -1.40075 0.33669 -0.14809
v -1.96480 0.33669 0.13979
v -1.40075 0.19400 -0.14816
v -1.96480 0.19400 -0.14816
v -1.40075 0.33669 -0.14809
v -1.96480 0.33669 -0.14809
v -1.40075 0.33669 0.13979
v -1.96480 0.33669 0.13979
v -1.40075 0.19400 0.13987
v -1.96480 0.19400 0.13987
vt 0.00000 0.00000
vt 0.00000 0.00000
vt 0.00000 0.00000
vt 0.00000 0.00000
vt 0.00000 0.00000
vt 0.00000 0.00000
vt 0.00000 0.00000
vt 0.00000 0.00000
vt 0.00000 0.00000
vt 0.00000 0.00000
vt 0.00000 0.00000
vt 0.00000 0.00000
vt 0.00000 0.00000
vt 0.00000 0.00000
vt 0.00000 0.00000
vt 0.00000 0.00000
vt 0.00000 0.00000
vt 0.00000 0.00000
vt 0.00000 0.00000
vt 0.00000 0.00000
vt 0.00000 0.00000
vt 0.00000 0.00000
vt 0.00000 0.00000
vt 0.00000 0.00000
vt 0.00000 0.00000
vt 0.00000 0.00000
vt 0.00000 0.00000
vt 0.00000 0.00000
vt 0.00000 0.00000
vt 0.00000 0.00000
vt 0.00000 0.00000
vt 0.00000 0.00000
vt 0.00000 0.00000
vt 0.00000 0.00000
vt 0.00000 0.00000
vt 0.00000 0.00000
vt 0.00000 0.00000
vt 0.00000 0.00000
vt 0.00000 0.00000
vt 0.00000 0.00000
vt 0.00000 0.00000
vt 0.00000 0.00000
vt 0.00000 0.00000
vt 0.00000 0.00000
vt 0.00000 0.00000
vt 0.00000 0.00000
vt 0.00000 0.00000
vt 0.00000 0.00000
vt 0.00000 0.00000
vt 0.00000 0.00000
vt 0.00000 0.00000
vt 0.00000 0.00000
vt 0.00000 0.00000
vt 0.00000 0.00000
vt 0.00000 0.00000
vt 0.00000 0.00000
vt 0.00000 0.00000
vt 0.00000 0.00000
vt 0.00000 0.00000
vt 0.00000 0.00000
vt 0.00000 0.00000
vt 0.00000 0.00000
vt 0.00000 0.00000
vt 0.00000 0.00000
vt 0.00000 0.00000
vt 0.00000 0.00000
vt 0.00000 0.00000
vt 0.00000 0.00000
vt 0.00000 0.00000
vt 0.00000 0.00000
vt 0.00000 0.00000
vt 0.00000 0.00000
vt 0.00000 0.00000
vt 0.00000 0.00000
vt 0.00000 0.00000
vt 0.00000 0.00000
vt 0.00000 0.00000
vt 0.00000 0.00000
vt 0.00000 0.00000
vt 0.00000 0.00000
vt 0.00000 0.00000
vt 0.00000 0.00000
vt 0.00000 0.00000
vt 0.00000 0.00000
vt 0.00000 0.00000
vt 0.00000 0.00000
vt 0.00000 0.00000
vt 0.00000 0.00000
vt 0.00000 0.00000
vt 0.00000 0.00000
vt 0.00000 0.00000
vt 0.00000 0.00000
vt 0.00000 0.00000
vt 0.00000 0.00000
vt 0.00000 0.00000
vt 0.00000 0.00000
vt 0.00000 0.00000
vt 0.00000 0.00000
vt 0.00000 0.00000
vt 0.00000 0.00000
vt 0.00000 0.00000
vt 0.00000 0.00000
vt 0.00000 0.00000
vt 0.00000 0.00000
vt 0.00000 0.00000
vt 0.00000 0.00000
vt 0.00000 0.00000
vt 0.00000 0.00000
vt 0.00000 0.00000
vt 0.00000 0.00000
vt 0.00000 0.00000
vt 0.00000 0.00000
vt 0.00000 0.00000
vt 0.00000 0.00000
vt 0.00000 0.00000
vt 0.00000 0.00000
vt 0.00000 0.00000
vt 0.00000 0.00000
vt 0.00000 0.00000
vt 0.00000 0.00000
vt 0.00000 0.00000
vt 0.00000 0.00000
vt 0.00000 0.00000
vt 0.00000 0.00000
vt 0.00000 0.00000
vt 0.00000 0.00000
vt 0.00000 0.00000
vt 0.00000 0.00000
vt 0.00000 0.00000
vt 0.00000 0.00000
vt 0.00000 0.00000
vt 0.00000 0.00000
vt 0.00000 0.00000
vt 0.00000 0.00000
vt 0.00000 0.00000
vt 0.00000 0.00000
vt 0.00000 0.00000
vt 0.00000 0.00000
vt 0.00000 0.00000
vt 0.00000 0.00000
vt 0.00000 0.00000
vt 0.00000 0.00000
vt 0.00000 0.00000
vt 0.00000 0.00000
vt 0.00000 0.00000
vt 0.00000 0.00000
vt 0.00000 0.00000
vt 0.00000 0.00000
vt 0.00000 0.00000
vt 0.00000 0.00000
vt 0.00000 0.00000
vt 0.00000 0.00000
vt 0.00000 0.00000
vt 0.00000 0.00000
vt 0.00000 0.00000
vt 0.00000 0.00000
vt 0.00000 0.00000
vt 0.00000 0.00000
vt 0.00000 0.00000
vt 0.00000 0.00000
vt 0.00000 0.00000
vt 0.00000 0.00000
vt 0.00000 0.00000
vt 0.00000 0.00000
vt 0.00000 0.00000
vt 0.00000 0.00000
vt 0.00000 0.00000
vt 0.00000 0.00000
vt 0.00000 0.00000
vt 0.00000 0.00000
vt 0.00000 0.00000
vt 0.00000 0.00000
vt 0.00000 0.00000
vt 0.00000 0.00000
vt 0.00000 0.00000
vt 0.00000 0.00000
vt 0.00000 0.00000
vt 0.00000 0.00000
vt 0.00000 0.00000
vt 0.00000 0.00000
vt 0.00000 0.00000
vt 0.00000 0.00000
vt 0.00000 0.00000
vt 0.00000 0.00000
vt 0.00000 0.00000
vt 0.00000 0.00000
vt 0.00000 0.00000
vt 0.00000 0.00000
vt 0.00000 0.00000
vt 0.00000 0.00000
vt 0.00000 0.00000
vt 0.00000 0.00000
vt 0.00000 0.00000
vt 0.00000 0.00000
vt 0.00000 0.00000
vt 0.00000 0.00000
vt 0.00000 0.00000
vt 0.00000 0.00000
vt 0.00000 0.00000
vt 0.00000 0.00000
vt 0.00000 0.00000
vt 0.00000 0.00000
vt 0.00000 0.00000
vt 0.00000 0.00000
vt 0.00000 0.00000
vt 0.00000 0.00000
vt 0.00000 0.00000
vt 0.00000 0.00000
vt 0.00000 0.00000
vt 0.00000 0.00000
vt 0.00000 0.00000
vt 0.00000 0.00000
vt 0.00000 0.00000
vt 0.00000 0.00000
vt 0.00000 0.00000
vt 0.00000 0.00000
vt 0.00000 0.00000
vt 0.00000 0.00000
vt 0.00000 0.00000
vt 0.00000 0.00000
vt 0.00000 0.00000
vt 0.00000 0.00000
vt 0.00000 0.00000
vt 0.00000 0.00000
vt 0.00000 0.00000
vt 0.00000 0.00000
vt 0.00000 0.00000
vt 0.00000 0.00000
vt 0.00000 0.00000
vt 0.00000 0.00000
vt 0.00000 0.00000
vt 0.00000 0.00000
vt 0.00000 0.00000
vt 0.00000 0.00000
vt 0.00000 0.00000
vt 0.00000 0.00000
vt 0.00000 0.00000
vt 0.00000 0.00000
vt 0.00000 0.00000
vt 0.00000 0.00000
vt 0.00000 0.00000
vt 0.00000 0.00000
vt 0.00000 0.00000
vt 0.00000 0.00000
vt 0.00000 0.00000
vt 0.00000 0.00000
vt 0.00000 0.00000
vt 0.00000 0.00000
vt 0.00000 0.00000
vt 0.00000 0.00000
vt 0.00000 0.00000
vt 0.00000 0.00000
vt 0.00000 0.00000
vt 0.00000 0.00000
vt 0.00000 0.00000
vt 0.00000 0.00000
vt 0.00000 0.00000
vt 0.00000 0.00000
vt 0.00000 0.00000
vt 0.00000 0.00000
vt 0.00000 0.00000
vt 0.00000 0.00000
vt 0.00000 0.00000
vt 0.00000 0.00000
vt 0.00000 0.00000
vt 0.00000 0.00000
vt 0.00000 0.00000
vt 0.00000 0.00000
vt 0.00000 0.00000
vt 0.00000 0.00000
vt 0.00000 0.00000
vt 0.00000 0.00000
vt 0.00000 0.00000
vt 0.00000 0.00000
vt 0.00000 0.00000
vt 0.00000 0.00000
vt 0.00000 0.00000
vt 0.00000 0.00000
vt 0.00000 0.00000
vt 0.00000 0.00000
vt 0.00000 0.00000
vt 0.00000 0.00000
vt 0.00000 0.00000
vt 0.00000 0.00000
vt 0.00000 0.00000
vt 0.00000 0.00000
vt 0.00000 0.00000
vt 0.00000 0.00000
vt 0.00000 0.00000
vt 0.00000 0.00000
vt 0.00000 0.00000
vt 0.00000 0.00000
vt 0.00000 0.00000
vt 0.00000 0.00000
vt 0.00000 0.00000
vt 0.00000 0.00000
vt 0.00000 0.00000
vt 0.00000 0.00000
vt 0.00000 0.00000
vt 0.00000 0.00000
vt 0.00000 0.00000
vt 0.00000 0.00000
vt 0.00000 0.00000
vt 0.00000 0.00000
vt 0.00000 0.00000
vt 0.00000 0.00000
vt 0.00000 0.00000
vt 0.00000 0.00000
vt 0.00000 0.00000
vt 0.00000 0.00000
vt 0.00000 0.00000
vt 0.00000 0.00000
vt 0.00000 0.00000
vt 0.00000 0.00000
vt 0.00000 0.00000
vt 0.00000 0.00000
vt 0.00000 0.00000
vt 0.00000 0.00000
vt 0.00000 0.00000
vt 0.00000 0.00000
vt 0.00000 0.00000
vt 0.00000 0.00000
vt 0.00000 0.00000
vt 0.00000 0.00000
vt 0.00000 0.00000
vt 0.00000 0.00000
vt 0.00000 0.00000
vt 0.00000 0.00000
vt 0.00000 0.00000
vt 0.00000 0.00000
vt 0.00000 0.00000
vt 0.00000 0.00000
vt 0.00000 0.00000
vt 0.00000 0.00000
vt 0.00000 0.00000
vt 0.00000 0.00000
vt 0.00000 0.00000
vt 0.00000 0.00000
vt 0.00000 0.00000
vt 0.00000 0.00000
vt 0.00000 0.00000
vt 0.00000 0.00000
vt 0.00000 0.00000
vt 0.00000 0.00000
vt 0.00000 0.00000
vt 0.00000 0.00000
vt 0.00000 0.00000
vt 0.00000 0.00000
vt 0.00000 0.00000
vt 0.00000 0.00000
vt 0.00000 0.00000
vt 0.00000 0.00000
vt 0.00000 0.00000
vt 0.00000 0.00000
vt 0.00000 0.00000
vt 0.00000 0.00000
vt 0.00000 0.00000
vt 0.00000 0.00000
vt 0.00000 0.00000
vt 0.00000 0.00000
vt 0.00000 0.00000
vt 0.00000 0.00000
vt 0.00000 0.00000
vt 0.00000 0.00000
vt 0.00000 0.00000
vt 0.00000 0.00000
vt 0.00000 0.00000
vt 0.00000 0.00000
vt 0.00000 0.00000
vt 0.00000 0.00000
vt 0.00000 0.00000
vt 0.00000 0.00000
vt 0.00000 0.00000
vt 0.00000 0.00000
vt 0.00000 0.00000
vt 0.00000 0.00000
vt 0.00000 0.00000
vt 0.00000 0.00000
vt 0.00000 0.00000
vt 0.00000 0.00000
vt 0.00000 0.00000
vt 0.00000 0.00000
vt 0.00000 0.00000
vt 0.00000 0.00000
vt 0.00000 0.00000
vt 0.00000 0.00000
vt 0.00000 0.00000
vt 0.00000 0.00000
vt 0.00000 0.00000
vt 0.00000 0.00000
vt 0.00000 0.00000
vt 0.00000 0.00000
vt 0.00000 0.00000
vt 0.00000 0.00000
vt 0.00000 0.00000
vt 0.00000 0.00000
vt 0.00000 0.00000
vt 0.00000 0.00000
vt 0.00000 0.00000
vt 0.00000 0.00000
vt 0.00000 0.00000
vt 0.00000 0.00000
vt 0.00000 0.00000
vt 0.00000 0.00000
vt 0.00000 0.00000
vt 0.00000 0.00000
vt 0.00000 0.00000
vt 0.00000 0.00000
vt 0.00000 0.00000
vt 0.00000 0.00000
vt 0.00000 0.00000
vt 0.00000 0.00000
vt 0.00000 0.00000
vt 0.00000 0.00000
vt 0.00000 0.00000
vt 0.00000 0.00000
vt 0.00000 0.00000
vt 0.00000 0.00000
vt 0.00000 0.00000
vt 0.00000 0.00000
vt 0.00000 0.00000
vt 0.00000 0.00000
vt 0.00000 0.00000
vt 0.00000 0.00000
vt 0.00000 0.00000
vt 0.00000 0.00000
vt 0.00000 0.00000
vt 0.00000 0.00000
vt 0.00000 0.00000
vt 0.00000 0.00000
vt 0.00000 0.00000
vt 0.00000 0.00000
vt 0.00000 0.00000
vt 0.00000 0.00000
vt 0.00000 0.00000
vt 0.00000 0.00000
vt 0.00000 0.00000
vt 0.00000 0.00000
vt 0.00000 0.00000
vt 0.00000 0.00000
vt 0.00000 0.00000
vt 0.00000 0.00000
vt 0.00000 0.00000
vt 0.00000 0.00000
vt 0.00000 0.00000
vt 0.00000 0.00000
vt 0.00000 0.00000
vt 0.00000 0.00000
vt 0.00000 0.00000
vt 0.00000 0.00000
vt 0.00000 0.00000
vt 0.00000 0.00000
vt 0.00000 0.00000
vt 0.00000 0.00000
vt 0.00000 0.00000
vt 0.00000 0.00000
vt 0.00000 0.00000
vt 0.00000 0.00000
vt 0.00000 0.00000
vt 0.00000 0.00000
vt 0.00000 0.00000
vt 0.00000 0.00000
vt 0.00000 0.00000
vt 0.00000 0.00000
vt 0.00000 0.00000
vt 0.00000 0.00000
vt 0.00000 0.00000
vt 0.00000 0.00000
vt 0.00000 0.00000
vt 0.00000 0.00000
vt 0.00000 0.00000
vt 0.00000 0.00000
vt 0.00000 0.00000
vt 0.00000 0.00000
vt 0.00000 0.00000
vt 0.00000 0.00000
vt 0.00000 0.00000
vt 0.00000 0.00000
vt 0.00000 0.00000
vt 0.00000 0.00000
vt 0.00000 0.00000
vt 0.00000 0.00000
vt 0.00000 0.00000
vt 0.00000 0.00000
vt 0.00000 0.00000
vt 0.00000 0.00000
vt 0.00000 0.00000
vt 0.00000 0.00000
vt 0.00000 0.00000
vt 0.00000 0.00000
vt 0.00000 0.00000
vt 0.00000 0.00000
vt 0.00000 0.00000
vt 0.00000 0.00000
vt 0.00000 0.00000
vt 0.00000 0.00000
vt 0.00000 0.00000
vt 0.00000 0.00000
vt 0.00000 0.00000
vt 0.00000 0.00000
vt 0.00000 0.00000
vt 0.00000 0.00000
vt 0.00000 0.00000
vt 0.00000 0.00000
vt 0.00000 0.00000
vt 0.00000 0.00000
vt 0.00000 0.00000
vt 0.00000 0.00000
vt 0.00000 0.00000
vt 0.00000 0.00000
vt 0.00000 0.00000
vt 0.00000 0.00000
vt 0.00000 0.00000
vt 0.00000 0.00000
vt 0.00000 0.00000
vt 0.00000 0.00000
vt 0.00000 0.00000
vt 0.00000 0.00000
vt 0.00000 0.00000
vt 0.00000 0.00000
vt 0.00000 0.00000
vt 0.00000 0.00000
vt 0.00000 0.00000
vt 0.00000 0.00000
vt 0.00000 0.00000
vt 0.00000 0.00000
vt 0.00000 0.00000
vt 0.00000 0.00000
vt 0.00000 0.00000
vt 0.00000 0.00000
vt 0.00000 0.00000
vt 0.00000 0.00000
vt 0.00000 0.00000
vt 0.00000 0.00000
vt 0.00000 0.00000
vt 0.00000 0.00000
vt 0.00000 0.00000
vt 0.00000 0.00000
vt 0.00000 0.00000
vt 0.00000 0.00000
vt 0.00000 0.00000
vt 0.00000 0.00000
vt 0.00000 0.00000
vt 0.00000 0.00000
vt 0.00000 0.00000
vt 0.00000 0.00000
vt 0.00000 0.00000
vt 0.00000 0.00000
vt 0.00000 0.00000
vt 0.00000 0.00000
vt 0.00000 0.00000
vt 0.00000 0.00000
vt 0.00000 0.00000
vt 0.00000 0.00000
vt 0.00000 0.00000
vt 0.00000 0.00000
vt 0.00000 0.00000
vt 0.00000 0.00000
vt 0.00000 0.00000
vt 0.00000 0.00000
vt 0.00000 0.00000
vt 0.00000 0.00000
vt 0.00000 0.00000
vt 0.00000 0.00000
vt 0.00000 0.00000
vt 0.00000 0.00000
vt 0.00000 0.00000
vt 0.00000 0.00000
vt 0.00000 0.00000
vt 0.00000 0.00000
vt 0.00000 0.00000
vt 0.00000 0.00000
vt 0.00000 0.00000
vt 0.00000 0.00000
vt 0.00000 0.00000
vt 0.00000 0.00000
vt 0.00000 0.00000
vt 0.00000 0.00000
vt 0.00000 0.00000
vt 0.00000 0.00000
vt 0.00000 0.00000
vt 0.00000 0.00000
vt 0.00000 0.00000
vt 0.00000 0.00000
vt 0.00000 0.00000
vt 0.00000 0.00000
vt 0.00000 0.00000
vt 0.00000 0.00000
vt 0.00000 0.00000
vt 0.00000 0.00000
vt 0.00000 0.00000
vt 0.00000 0.00000
vt 0.00000 0.00000
vt 0.00000 0.00000
vt 0.00000 0.00000
vt 0.00000 0.00000
vt 0.00000 0.00000
vt 0.00000 0.00000
vt 0.00000 0.00000
vt 0.00000 0.00000
vt 0.00000 0.00000
vt 0.00000 0.00000
vt 0.00000 0.00000
vt 0.00000 0.00000
vt 0.00000 0.00000
vt 0.00000 0.00000
vt 0.00000 0.00000
vt 0.00000 0.00000
vt 0.00000 0.00000
vt 0.00000 0.00000
vt 0.00000 0.00000
vt 0.00000 0.00000
vt 0.00000 0.00000
vt 0.00000 0.00000
vt 0.00000 0.00000
vt 0.00000 0.00000
vt 0.00000 0.00000
vt 0.00000 0.00000
vt 0.00000 0.00000
vt 0.00000 0.00000
vt 0.00000 0.00000
vt 0.00000 0.00000
vt 0.00000 0.00000
vt 0.00000 0.00000
vt 0.00000 0.00000
vt 0.00000 0.00000
vt 0.00000 0.00000
vt 0.00000 0.00000
vt 0.00000 0.00000
vt 0.00000 0.00000
vt 0.00000 0.00000
vt 0.00000 0.00000
vt 0.00000 0.00000
vt 0.00000 0.00000
vt 0.00000 0.00000
vt 0.00000 0.00000
vt 0.00000 0.00000
vt 0.00000 0.00000
vt 0.00000 0.00000
vt 0.00000 0.00000
vt 0.00000 0.00000
vt 0.00000 0.00000
vt 0.00000 0.00000
vt 0.00000 0.00000
vt 0.00000 0.00000
vt 0.00000 0.00000
vt 0.00000 0.00000
vt 0.00000 0.00000
vt 0.00000 0.00000
vt 0.00000 0.00000
vt 0.00000 0.00000
vt 0.00000 0.00000
vt 0.00000 0.00000
vt 0.00000 0.00000
vt 0.00000 0.00000
vt 0.00000 0.00000
vt 0.00000 0.00000
vt 0.00000 0.00000
vt 0.00000 0.00000
vt 0.00000 0.00000
vt 0.00000 0.00000
vt 0.00000 0.00000
vt 0.00000 0.00000
vt 0.00000 0.00000
vt 0.00000 0.00000
vt 0.00000 0.00000
vt 0.00000 0.00000
vt 0.00000 0.00000
vt 0.00000 0.00000
vt 0.00000 0.00000
vt 0.00000 0.00000
vt 0.00000 0.00000
vt 0.00000 0.00000
vt 0.00000 0.00000
vt 0.00000 0.00000
vt 0.00000 0.00000
vt 0.00000 0.00000
vt 0.00000 0.00000
vt 0.00000 0.00000
vt 0.00000 0.00000
vt 0.00000 0.00000
vt 0.00000 0.00000
vt 0.00000 0.00000
vt 0.00000 0.00000
vt 0.00000 0.00000
vt 0.00000 0.00000
vt 0.00000 0.00000
vt 0.00000 0.00000
vt 0.00000 0.00000
vt 0.00000 0.00000
vt 0.00000 0.00000
vt 0.00000 0.00000
vt 0.00000 0.00000
vt 0.00000 0.00000
vt 0.00000 0.00000
vt 0.00000 0.00000
vt 0.00000 0.00000
vt 0.00000 0.00000
vt 0.00000 0.00000
vt 0.00000 0.00000
vt 0.00000 0.00000
vt 0.00000 0.00000
vt 0.00000 0.00000
vt 0.00000 0.00000
vt 0.00000 0.00000
vt 0.00000 0.00000
vt 0.00000 0.00000
vt 0.00000 0.00000
vt 0.00000 0.00000
vt 0.00000 0.00000
vt 0.00000 0.00000
vt 0.00000 0.00000
vt 0.00000 0.00000
vt 0.00000 0.00000
vt 0.00000 0.00000
vt 0.00000 0.00000
vt 0.00000 0.00000
vt 0.00000 0.00000
vt 0.00000 0.00000
vt 0.00000 0.00000
vt 0.00000 0.00000
vt 0.00000 0.00000
vt 0.00000 0.00000
vt 0.00000 0.00000
vt 0.00000 0.00000
vt 0.00000 0.00000
vt 0.00000 0.00000
vt 0.00000 0.00000
vt 0.00000 0.00000
vt 0.00000 0.00000
vt 0.00000 0.00000
vt 0.00000 0.00000
vt 0.00000 0.00000
vt 0.00000 0.00000
vt 0.00000 0.00000
vt 0.00000 0.00000
vt 0.00000 0.00000
vt 0.00000 0.00000
vt 0.00000 0.00000
vt 0.00000 0.00000
vt 0.00000 0.00000
vt 0.00000 0.00000
vt 0.00000 0.00000
vt 0.00000 0.00000
vt 0.00000 0.00000
vt 0.00000 0.00000
vt 0.00000 0.00000
vt 0.00000 0.00000
vt 0.00000 0.00000
vt 0.00000 0.00000
vt 0.00000 0.00000
vt 0.00000 0.00000
vt 0.00000 0.00000
vt 0.00000 0.00000
vt 0.00000 0.00000
vt 0.00000 0.00000
vt 0.00000 0.00000
vt 0.00000 0.00000
vt 0.00000 0.00000
vt 0.00000 0.00000
vt 0.00000 0.00000
vt 0.00000 0.00000
vt 0.00000 0.00000
vt 0.00000 0.00000
vt 0.00000 0.00000
vt 0.00000 0.00000
vt 0.00000 0.00000
vt 0.00000 0.00000
vt 0.00000 0.00000
vt 0.00000 0.00000
vt 0.00000 0.00000
vt 0.00000 0.00000
vt 0.00000 0.00000
vt 0.00000 0.00000
vt 0.00000 0.00000
vt 0.00000 0.00000
vt 0.00000 0.00000
vt 0.00000 0.00000
vt 0.00000 0.00000
vt 0.00000 0.00000
vt 0.00000 0.00000
vt 0.00000 0.00000
vt 0.00000 0.00000
vt 0.00000 0.00000
vt 0.00000 0.00000
vt 0.00000 0.00000
vt 0.00000 0.00000
vt 0.00000 0.00000
vt 0.00000 0.00000
vt 0.00000 0.00000
vt 0.00000 0.00000
vt 0.00000 0.00000
vt 0.00000 0.00000
vt 0.00000 0.00000
vt 0.00000 0.00000
vt 0.00000 0.00000
vt 0.00000 0.00000
vt 0.00000 0.00000
vt 0.00000 0.00000
vt 0.00000 0.00000
vt 0.00000 0.00000
vt 0.00000 0.00000
vt 0.00000 0.00000
vt 0.00000 0.00000
vt 0.00000 0.00000
vt 0.00000 0.00000
vt 0.00000 0.00000
vt 0.00000 0.00000
vt 0.00000 0.00000
vt 0.00000 0.00000
vt 0.00000 0.00000
vt 0.00000 0.00000
vt 0.00000 0.00000
vt 0.00000 0.00000
vt 0.00000 0.00000
vt 0.00000 0.00000
vt 0.00000 0.00000
vt 0.00000 0.00000
vt 0.00000 0.00000
vt 0.00000 0.00000
vt 0.00000 0.00000
vt 0.00000 0.00000
vt 0.00000 0.00000
vt 0.00000 0.00000
vt 0.00000 0.00000
vt 0.00000 0.00000
vt 0.00000 0.00000
vt 0.00000 0.00000
vt 0.00000 0.00000
vt 0.00000 0.00000
vt 0.00000 0.00000
vt 0.00000 0.00000
vt 0.00000 0.00000
vt 0.00000 0.00000
vt 0.00000 0.00000
vt 0.00000 0.00000
vt 0.00000 0.00000
vt 0.00000 0.00000
vt 0.00000 0.00000
vt 0.00000 0.00000
vt 0.00000 0.00000
vt 0.00000 0.00000
vt 0.00000 0.00000
vt 0.00000 0.00000
vt 0.00000 0.00000
vt 0.00000 0.00000
vt 0.00000 0.00000
vt 0.00000 0.00000
vt 0.00000 0.00000
vt 0.00000 0.00000
vt 0.00000 0.00000
vt 0.00000 0.00000
vt 0.00000 0.00000
vt 0.00000 0.00000
vt 0.00000 0.00000
vt 0.00000 0.00000
vt 0.00000 0.00000
vt 0.00000 0.00000
vt 0.00000 0.00000
vt 0.00000 0.00000
vt 0.00000 0.00000
vt 0.00000 0.00000
vt 0.00000 0.00000
vt 0.00000 0.00000
vt 0.00000 0.00000
vt 0.00000 0.00000
vt 0.00000 0.00000
vt 0.00000 0.00000
vt 0.00000 0.00000
vt 0.00000 0.00000
vt 0.00000 0.00000
vt 0.00000 0.00000
vt 0.00000 0.00000
vt 0.00000 0.00000
vt 0.00000 0.00000
vt 0.00000 0.00000
vt 0.00000 0.00000
vt 0.00000 0.00000
vt 0.00000 0.00000
vt 0.00000 0.00000
vt 0.00000 0.00000
vt 0.00000 0.00000
vt 0.00000 0.00000
vt 0.00000 0.00000
vt 0.00000 0.00000
vt 0.00000 0.00000
vt 0.00000 0.00000
vt 0.00000 0.00000
vt 0.00000 0.00000
vt 0.00000 0.00000
vt 0.00000 0.00000
vt 0.00000 0.00000
vt 0.00000 0.00000
vt 0.00000 0.00000
vt 0.00000 0.00000
vt 0.00000 0.00000
vt 0.00000 0.00000
vt 0.00000 0.00000
vt 0.00000 0.00000
vt 0.00000 0.00000
vt 0.00000 0.00000
vt 0.00000 0.00000
vt 0.00000 0.00000
vt 0.00000 0.00000
vt 0.00000 0.00000
vt 0.00000 0.00000
vt 0.00000 0.00000
vt 0.00000 0.00000
vt 0.00000 0.00000
vt 0.00000 0.00000
vt 0.00000 0.00000
vt 0.00000 0.00000
vt 0.00000 0.00000
vt 0.00000 0.00000
vt 0.00000 0.00000
vt 0.00000 0.00000
vt 0.00000 0.00000
vt 0.00000 0.00000
vt 0.00000 0.00000
vt 0.00000 0.00000
vt 0.00000 0.00000
vt 0.00000 0.00000
vt 0.00000 0.00000
vt 0.00000 0.00000
vt 0.00000 0.00000
vt 0.00000 0.00000
vt 0.00000 0.00000
vt 0.00000 0.00000
vt 0.00000 0.00000
vt 0.00000 0.00000
vt 0.00000 0.00000
vt 0.00000 0.00000
vt 0.00000 0.00000
vt 0.00000 0.00000
vt 0.00000 0.00000
vt 0.00000 0.00000
vt 0.00000 0.00000
vt 0.00000 0.00000
vt 0.00000 0.00000
vt 0.00000 0.00000
vt 0.00000 0.00000
vt 0.00000 0.00000
vt 0.00000 0.00000
vt 0.00000 0.00000
vt 0.00000 0.00000
vt 0.00000 0.00000
vt 0.00000 0.00000
vt 0.00000 0.00000
vt 0.00000 0.00000
vt 0.00000 0.00000
vt 0.00000 0.00000
vt 0.00000 0.00000
vt 0.00000 0.00000
vt 0.00000 0.00000
vt 0.00000 0.00000
vt 0.00000 0.00000
vt 0.00000 0.00000
vt 0.00000 0.00000
vt 0.00000 0.00000
vt 0.00000 0.00000
vt 0.00000 0.00000
vt 0.00000 0.00000
vt 0.00000 0.00000
vt 0.00000 0.00000
vt 0.00000 0.00000
vt 0.00000 0.00000
vt 0.00000 0.00000
vt 0.00000 0.00000
vt 0.00000 0.00000
vt 0.00000 0.00000
vt 0.00000 0.00000
vt 0.00000 0.00000
vt 0.00000 0.00000
vt 0.00000 0.00000
vt 0.00000 0.00000
vt 0.00000 0.00000
vt 0.00000 0.00000
vt 0.00000 0.00000
vt 0.00000 0.00000
vt 0.00000 0.00000
vt 0.00000 0.00000
vt 0.00000 0.00000
vt 0.00000 0.00000
vt 0.00000 0.00000
vt 0.00000 0.00000
vt 0.00000 0.00000
vt 0.00000 0.00000
vt 0.00000 0.00000
vt 0.00000 0.00000
vt 0.00000 0.00000
vt 0.00000 0.00000
vt 0.00000 0.00000
vt 0.00000 0.00000
vt 0.00000 0.00000
vt 0.00000 0.00000
vt 0.00000 0.00000
vt 0.00000 0.00000
vt 0.00000 0.00000
vt 0.00000 0.00000
vt 0.00000 0.00000
vt 0.00000 0.00000
vt 0.00000 0.00000
vt 0.00000 0.00000
vt 0.00000 0.00000
vt 0.00000 0.00000
vt 0.00000 0.00000
vt 0.00000 0.00000
vt 0.00000 0.00000
vt 0.00000 0.00000
vt 0.00000 0.00000
vt 0.00000 0.00000
vt 0.00000 0.00000
vt 0.00000 0.00000
vt 0.00000 0.00000
vt 0.00000 0.00000
vt 0.00000 0.00000
vt 0.00000 0.00000
vt 0.00000 0.00000
vt 0.00000 0.00000
vt 0.00000 0.00000
vt 0.00000 0.00000
vt 0.00000 0.00000
vt 0.00000 0.00000
vt 0.00000 0.00000
vt 0.00000 0.00000
vt 0.00000 0.00000
vt 0.00000 0.00000
vt 0.00000 0.00000
vt 0.00000 0.00000
vt 0.00000 0.00000
vt 0.00000 0.00000
vt 0.00000 0.00000
vt 0.00000 0.00000
vt 0.00000 0.00000
vt 0.00000 0.00000
vt 0.00000 0.00000
vt 0.00000 0.00000
vt 0.00000 0.00000
vt 0.00000 0.00000
vt 0.00000 0.00000
vt 0.00000 0.00000
vt 0.00000 0.00000
vt 0.00000 0.00000
vt 0.00000 0.00000
vt 0.00000 0.00000
vt 0.00000 0.00000
vt 0.00000 0.00000
vt 0.00000 0.00000
vt 0.00000 0.00000
vt 0.00000 0.00000
vt 0.00000 0.00000
vt 0.00000 0.00000
vt 0.00000 0.00000
vt 0.00000 0.00000
vt 0.00000 0.00000
vt 0.00000 0.00000
vt 0.00000 0.00000
vt 0.00000 0.00000
vt 0.00000 0.00000
vt 0.00000 0.00000
vt 0.00000 0.00000
vt 0.00000 0.00000
vt 0.00000 0.00000
vt 0.00000 0.00000
vt 0.00000 0.00000
vt 0.00000 0.00000
vt 0.00000 0.00000
vt 0.00000 0.00000
vt 0.00000 0.00000
vt 0.00000 0.00000
vt 0.00000 0.00000
vt 0.00000 0.00000
vt 0.00000 0.00000
vt 0.00000 0.00000
vt 0.00000 0.00000
vt 0.00000 0.00000
vt 0.00000 0.00000
vt 0.00000 0.00000
vt 0.00000 0.00000
vt 0.00000 0.00000
vt 0.00000 0.00000
vt 0.00000 0.00000
vt 0.00000 0.00000
vt 0.00000 0.00000
vt 0.00000 0.00000
vt 0.00000 0.00000
vt 0.00000 0.00000
vt 0.00000 0.00000
vt 0.00000 0.00000
vt 0.00000 0.00000
vt 0.00000 0.00000
vt 0.00000 0.00000
vt 0.00000 0.00000
vt 0.00000 0.00000
vt 0.00000 0.00000
vt 0.00000 0.00000
vt 0.00000 0.00000
vt 0.00000 0.00000
vt 0.00000 0.00000
vt 0.00000 0.00000
vt 0.00000 0.00000
vt 0.00000 0.00000
vt 0.00000 0.00000
vt 0.00000 0.00000
vt 0.00000 0.00000
vt 0.00000 0.00000
vt 0.00000 0.00000
vt 0.00000 0.00000
vt 0.00000 0.00000
vt 0.00000 0.00000
vt 0.00000 0.00000
vt 0.00000 0.00000
vt 0.00000 0.00000
vt 0.00000 0.00000
vt 0.00000 0.00000
vt 0.00000 0.00000
vt 0.00000 0.00000
vt 0.00000 0.00000
vt 0.00000 0.00000
vt 0.00000 0.00000
vt 0.00000 0.00000
vt 0.00000 0.00000
vt 0.00000 0.00000
vt 0.00000 0.00000
vt 0.00000 0.00000
vt 0.00000 0.00000
vt 0.00000 0.00000
vt 0.00000 0.00000
vt 0.00000 0.00000
vt 0.00000 0.00000
vt 0.00000 0.00000
vt 0.00000 0.00000
vt 0.00000 0.00000
vt 0.00000 0.00000
vt 0.00000 0.00000
vt 0.00000 0.00000
vt 0.00000 0.00000
vt 0.00000 0.00000
vt 0.00000 0.00000
vt 0.00000 0.00000
vt 0.00000 0.00000
vt 0.00000 0.00000
vt 0.00000 0.00000
vt 0.00000 0.00000
vt 0.00000 0.00000
vt 0.00000 0.00000
vt 0.00000 0.00000
vt 0.00000 0.00000
vt 0.00000 0.00000
vt 0.00000 0.00000
vt 0.00000 0.00000
vt 0.00000 0.00000
vt 0.00000 0.00000
vt 0.00000 0.00000
vt 0.00000 0.00000
vt 0.00000 0.00000
vt 0.00000 0.00000
vt 0.00000 0.00000
vt 0.00000 0.00000
vt 0.00000 0.00000
vt 0.00000 0.00000
vt 0.00000 0.00000
vt 0.00000 0.00000
vt 0.00000 0.00000
vt 0.00000 0.00000
vt 0.00000 0.00000
vt 0.00000 0.00000
vt 0.00000 0.00000
vt 0.00000 0.00000
vt 0.00000 0.00000
vt 0.00000 0.00000
vt 0.00000 0.00000
vt 0.00000 0.00000
vt 0.00000 0.00000
vt 0.00000 0.00000
vt 0.00000 0.00000
vt 0.00000 0.00000
vt 0.00000 0.00000
vt 0.00000 0.00000
vt 0.00000 0.00000
vt 0.00000 0.00000
vt 0.00000 0.00000
vt 0.00000 0.00000
vt 0.00000 0.00000
vt 0.00000 0.00000
vt 0.00000 0.00000
vt 0.00000 0.00000
vt 0.00000 0.00000
vt 0.00000 0.00000
vt 0.00000 0.00000
vt 0.00000 0.00000
vt 0.00000 0.00000
vt 0.00000 0.00000
vt 0.00000 0.00000
vt 0.00000 0.00000
vt 0.00000 0.00000
vt 0.00000 0.00000
vt 0.00000 0.00000
vt 0.00000 0.00000
vt 0.00000 0.00000
vt 0.00000 0.00000
vt 0.00000 0.00000
vt 0.00000 0.00000
vt 0.00000 0.00000
vt 0.00000 0.00000
vt 0.00000 0.00000
vt 0.00000 0.00000
vt 0.00000 0.00000
vt 0.00000 0.00000
vt 0.00000 0.00000
vt 0.00000 0.00000
vt 0.00000 0.00000
vt 0.00000 0.00000
vt 0.00000 0.00000
vt 0.00000 0.00000
vt 0.00000 0.00000
vt 0.00000 0.00000
vt 0.00000 0.00000
vt 0.00000 0.00000
vt 0.00000 0.00000
vt 0.00000 0.00000
vt 0.00000 0.00000
vt 0.00000 0.00000
vt 0.00000 0.00000
vt 0.00000 0.00000
vt 0.00000 0.00000
vt 0.00000 0.00000
vt 0.00000 0.00000
vt 0.00000 0.00000
vt 0.00000 0.00000
vt 0.00000 0.00000
vt 0.00000 0.00000
vt 0.00000 0.00000
vt 0.00000 0.00000
vt 0.00000 0.00000
vt 0.00000 0.00000
vt 0.00000 0.00000
vt 0.00000 0.00000
vt 0.00000 0.00000
vt 0.00000 0.00000
vt 0.00000 0.00000
vt 0.00000 0.00000
vt 0.00000 0.00000
vt 0.00000 0.00000
vt 0.00000 0.00000
vt 0.00000 0.00000
vt 0.00000 0.00000
vt 0.00000 0.00000
vt 0.00000 0.00000
vt 0.00000 0.00000
vt 0.00000 0.00000
vt 0.00000 0.00000
vt 0.00000 0.00000
vt 0.00000 0.00000
vt 0.00000 0.00000
vt 0.00000 0.00000
vt 0.00000 0.00000
vt 0.00000 0.00000
vt 0.00000 0.00000
vt 0.00000 0.00000
vt 0.00000 0.00000
vt 0.00000 0.00000
vt 0.00000 0.00000
vt 0.00000 0.00000
vt 0.00000 0.00000
vt 0.00000 0.00000
vt 0.00000 0.00000
vt 0.00000 0.00000
vt 0.00000 0.00000
vt 0.00000 0.00000
vt 0.00000 0.00000
vt 0.00000 0.00000
vt 0.00000 0.00000
vt 0.00000 0.00000
vt 0.00000 0.00000
vt 0.00000 0.00000
vt 0.00000 0.00000
vt 0.00000 0.00000
vt 0.00000 0.00000
vt 0.00000 0.00000
vt 0.00000 0.00000
vt 0.00000 0.00000
vt 0.00000 0.00000
vt 0.00000 0.00000
vt 0.00000 0.00000
vt 0.00000 0.00000
vt 0.00000 0.00000
vt 0.00000 0.00000
vt 0.00000 0.00000
vt 0.00000 0.00000
vt 0.00000 0.00000
vt 0.00000 0.00000
vt 0.00000 0.00000
vt 0.00000 0.00000
vt 0.00000 0.00000
vt 0.00000 0.00000
vt 0.00000 0.00000
vt 0.00000 0.00000
vt 0.00000 0.00000
vt 0.00000 0.00000
vt 0.00000 0.00000
vt 0.00000 0.00000
vt 0.00000 0.00000
vt 0.00000 0.00000
vt 0.00000 0.00000
vt 0.00000 0.00000
vt 0.00000 0.00000
vt 0.00000 0.00000
vt 0.00000 0.00000
vt 0.00000 0.00000
vt 0.00000 0.00000
vt 0.00000 0.00000
vt 0.00000 0.00000
vt 0.00000 0.00000
vt 0.00000 0.00000
vt 0.00000 0.00000
vt 0.00000 0.00000
vt 0.00000 0.00000
vt 0.00000 0.00000
vt 0.00000 0.00000
vt 0.00000 0.00000
vt 0.00000 0.00000
vt 0.00000 0.00000
vt 0.00000 0.00000
vt 0.00000 0.00000
vt 0.00000 0.00000
vt 0.00000 0.00000
vt 0.00000 0.00000
vt 0.00000 0.00000
vt 0.00000 0.00000
vt 0.00000 0.00000
vt 0.00000 0.00000
vt 0.00000 0.00000
vt 0.00000 0.00000
vt 0.00000 0.00000
vt 0.00000 0.00000
vt 0.00000 0.00000
vt 0.00000 0.00000
vt 0.00000 0.00000
vt 0.00000 0.00000
vt 0.00000 0.00000
vt 0.00000 0.00000
vt 0.00000 0.00000
vt 0.00000 0.00000
vt 0.00000 0.00000
vt 0.00000 0.00000
vt 0.00000 0.00000
vt 0.00000 0.00000
vt 0.00000 0.00000
vt 0.00000 0.00000
vt 0.00000 0.00000
vt 0.00000 0.00000
vt 0.00000 0.00000
vt 0.00000 0.00000
vt 0.00000 0.00000
vt 0.00000 0.00000
vt 0.00000 0.00000
vt 0.00000 0.00000
vt 0.00000 0.00000
vt 0.00000 0.00000
vt 0.00000 0.00000
vt 0.00000 0.00000
vt 0.00000 0.00000
vt 0.00000 0.00000
vt 0.00000 0.00000
vt 0.00000 0.00000
vt 0.00000 0.00000
vt 0.00000 0.00000
vt 0.00000 0.00000
vt 0.00000 0.00000
vt 0.00000 0.00000
vt 0.00000 0.00000
vt 0.00000 0.00000
vt 0.00000 0.00000
vt 0.00000 0.00000
vt 0.00000 0.00000
vt 0.00000 0.00000
vt 0.00000 0.00000
vt 0.00000 0.00000
vt 0.00000 0.00000
vt 0.00000 0.00000
vt 0.00000 0.00000
vt 0.00000 0.00000
vt 0.00000 0.00000
vt 0.00000 0.00000
vt 0.00000 0.00000
vt 0.00000 0.00000
vt 0.00000 0.00000
vt 0.00000 0.00000
vt 0.00000 0.00000
vt 0.00000 0.00000
vt 0.00000 0.00000
vt 0.00000 0.00000
vt 0.00000 0.00000
vt 0.00000 0.00000
vt 0.00000 0.00000
vt 0.00000 0.00000
vt 0.00000 0.00000
vt 0.00000 0.00000
vt 0.00000 0.00000
vt 0.00000 0.00000
vt 0.00000 0.00000
vt 0.00000 0.00000
vt 0.00000 0.00000
vt 0.00000 0.00000
vt 0.00000 0.00000
vt 0.00000 0.00000
vt 0.00000 0.00000
vt 0.00000 0.00000
vt 0.00000 0.00000
vt 0.00000 0.00000
vt 0.00000 0.00000
vt 0.00000 0.00000
vt 0.00000 0.00000
vt 0.00000 0.00000
vt 0.00000 0.00000
vt 0.00000 0.00000
vt 0.00000 0.00000
vt 0.00000 0.00000
vt 0.00000 0.00000
vt 0.00000 0.00000
vt 0.00000 0.00000
vt 0.00000 0.00000
vt 0.00000 0.00000
vt 0.00000 0.00000
vt 0.00000 0.00000
vt 0.00000 0.00000
vt 0.00000 0.00000
vt 0.00000 0.00000
vt 0.00000 0.00000
vt 0.00000 0.00000
vt 0.00000 0.00000
vt 0.00000 0.00000
vt 0.00000 0.00000
vt 0.00000 0.00000
vt 0.00000 0.00000
vt 0.00000 0.00000
vt 0.00000 0.00000
vt 0.00000 0.00000
vt 0.00000 0.00000
vt 0.00000 0.00000
vt 0.00000 0.00000
vt 0.00000 0.00000
vt 0.00000 0.00000
vt 0.00000 0.00000
vt 0.00000 0.00000
vt 0.00000 0.00000
vt 0.00000 0.00000
vt 0.00000 0.00000
vt 0.00000 0.00000
vt 0.00000 0.00000
vt 0.00000 0.00000
vt 0.00000 0.00000
vt 0.00000 0.00000
vt 0.00000 0.00000
vt 0.00000 0.00000
vt 0.00000 0.00000
vt 0.00000 0.00000
vt 0.00000 0.00000
vt 0.00000 0.00000
vt 0.00000 0.00000
vt 0.00000 0.00000
vt 0.00000 0.00000
vt 0.00000 0.00000
vt 0.00000 0.00000
vt 0.00000 0.00000
vt 0.00000 0.00000
vt 0.00000 0.00000
vt 0.00000 0.00000
vt 0.00000 0.00000
vt 0.00000 0.00000
vt 0.00000 0.00000
vt 0.00000 0.00000
vt 0.00000 0.00000
vt 0.00000 0.00000
vt 0.00000 0.00000
vt 0.00000 0.00000
vt 0.00000 0.00000
vt 0.00000 0.00000
vt 0.00000 0.00000
vt 0.00000 0.00000
vt 0.00000 0.00000
vt 0.00000 0.00000
vt 0.00000 0.00000
vt 0.00000 0.00000
vt 0.00000 0.00000
vt 0.00000 0.00000
vt 0.00000 0.00000
vt 0.00000 0.00000
vt 0.00000 0.00000
vt 0.00000 0.00000
vt 0.00000 0.00000
vt 0.00000 0.00000
vt 0.00000 0.00000
vt 0.00000 0.00000
vt 0.00000 0.00000
vt 0.00000 0.00000
vt 0.00000 0.00000
vt 0.00000 0.00000
vt 0.00000 0.00000
vt 0.00000 0.00000
vt 0.00000 0.00000
vt 0.00000 0.00000
vt 0.00000 0.00000
vt 0.00000 0.00000
vt 0.00000 0.00000
vt 0.00000 0.00000
vt 0.00000 0.00000
vt 0.00000 0.00000
vt 0.00000 0.00000
vt 0.00000 0.00000
vt 0.00000 0.00000
vt 0.00000 0.00000
vt 0.00000 0.00000
vt 0.00000 0.00000
vt 0.00000 0.00000
vt 0.00000 0.00000
vt 0.00000 0.00000
vt 0.00000 0.00000
vt 0.00000 0.00000
vt 0.00000 0.00000
vt 0.00000 0.00000
vt 0.00000 0.00000
vt 0.00000 0.00000
vt 0.00000 0.00000
vt 0.00000 0.00000
vt 0.00000 0.00000
vt 0.00000 0.00000
vt 0.00000 0.00000
vt 0.00000 0.00000
vt 0.00000 0.00000
vt 0.00000 0.00000
vt 0.00000 0.00000
vt 0.00000 0.00000
vt 0.00000 0.00000
vt 0.00000 0.00000
vt 0.00000 0.00000
vt 0.00000 0.00000
vt 0.00000 0.00000
vt 0.00000 0.00000
vt 0.00000 0.00000
vt 0.00000 0.00000
vt 0.00000 0.00000
vt 0.00000 0.00000
vt 0.00000 0.00000
vt 0.00000 0.00000
vt 0.00000 0.00000
vt 0.00000 0.00000
vt 0.00000 0.00000
vt 0.00000 0.00000
vt 0.00000 0.00000
vt 0.00000 0.00000
vt 0.00000 0.00000
vt 0.00000 0.00000
vt 0.00000 0.00000
vt 0.00000 0.00000
vt 0.00000 0.00000
vt 0.00000 0.00000
vt 0.00000 0.00000
vt 0.00000 0.00000
vt 0.00000 0.00000
vt 0.00000 0.00000
vt 0.00000 0.00000
vt 0.00000 0.00000
vt 0.00000 0.00000
vt 0.00000 0.00000
vt 0.00000 0.00000
vt 0.00000 0.00000
vt 0.00000 0.00000
vt 0.00000 0.00000
vt 0.00000 0.00000
vt 0.00000 0.00000
vt 0.00000 0.00000
vt 0.00000 0.00000
vt 0.00000 0.00000
vt 0.00000 0.00000
vt 0.00000 0.00000
vt 0.00000 0.00000
vt 0.00000 0.00000
vt 0.00000 0.00000
vt 0.00000 0.00000
vt 0.00000 0.00000
vt 0.00000 0.00000
vt 0.00000 0.00000
vt 0.00000 0.00000
vt 0.00000 0.00000
vt 0.00000 0.00000
vt 0.00000 0.00000
vt 0.00000 0.00000
vt 0.00000 0.00000
vt 0.00000 0.00000
vt 0.00000 0.00000
vt 0.00000 0.00000
vt 0.00000 0.00000
vt 0.00000 0.00000
vt 0.00000 0.00000
vt 0.00000 0.00000
vt 0.00000 0.00000
vt 0.00000 0.00000
vt 0.00000 0.00000
vt 0.00000 0.00000
vt 0.00000 0.00000
vt 0.00000 0.00000
vt 0.00000 0.00000
vt 0.00000 0.00000
vt 0.00000 0.00000
vt 0.00000 0.00000
vt 0.00000 0.00000
vt 0.00000 0.00000
vt 0.00000 0.00000
vt 0.00000 0.00000
vt 0.00000 0.00000
vt 0.00000 0.00000
vt 0.00000 0.00000
vt 0.00000 0.00000
vt 0.00000 0.00000
vt 0.00000 0.00000
vt 0.00000 0.00000
vt 0.00000 0.00000
vt 0.00000 0.00000
vt 0.00000 0.00000
vt 0.00000 0.00000
vt 0.00000 0.00000
vt 0.00000 0.00000
vt 0.00000 0.00000
vt 0.00000 0.00000
vt 0.00000 0.00000
vt 0.00000 0.00000
vt 0.00000 0.00000
vt 0.00000 0.00000
vt 0.00000 0.00000
vt 0.00000 0.00000
vt 0.00000 0.00000
vt 0.00000 0.00000
vt 0.00000 0.00000
vt 0.00000 0.00000
vt 0.00000 0.00000
vt 0.00000 0.00000
vt 0.00000 0.00000
vt 0.00000 0.00000
vt 0.00000 0.00000
vt 0.00000 0.00000
vt 0.00000 0.00000
vt 0.00000 0.00000
vt 0.00000 0.00000
vt 0.00000 0.00000
vt 0.00000 0.00000
vt 0.00000 0.00000
vt 0.00000 0.00000
vt 0.00000 0.00000
vt 0.00000 0.00000
vt 0.00000 0.00000
vt 0.00000 0.00000
vt 0.00000 0.00000
vt 0.00000 0.00000
vt 0.00000 0.00000
vt 0.00000 0.00000
vt 0.00000 0.00000
vt 0.00000 0.00000
vt 0.00000 0.00000
vt 0.00000 0.00000
vt 0.00000 0.00000
vt 0.00000 0.00000
vt 0.00000 0.00000
vt 0.00000 0.00000
vt 0.00000 0.00000
vt 0.00000 0.00000
vt 0.00000 0.00000
vt 0.00000 0.00000
vt 0.00000 0.00000
vt 0.00000 0.00000
vt 0.00000 0.00000
vt 0.00000 0.00000
vt 0.00000 0.00000
vt 0.00000 0.00000
vt 0.00000 0.00000
vt 0.00000 0.00000
vt 0.00000 0.00000
vt 0.00000 0.00000
vt 0.00000 0.00000
vt 0.00000 0.00000
vt 0.00000 0.00000
vt 0.00000 0.00000
vt 0.00000 0.00000
vt 0.00000 0.00000
vt 0.00000 0.00000
vt 0.00000 0.00000
vt 0.00000 0.00000
vt 0.00000 0.00000
vt 0.00000 0.00000
vt 0.00000 0.00000
vt 0.00000 0.00000
vt 0.00000 0.00000
vt 0.00000 0.00000
vt 0.00000 0.00000
vt 0.00000 0.00000
vt 0.00000 0.00000
vt 0.00000 0.00000
vt 0.00000 0.00000
vt 0.00000 0.00000
vt 0.00000 0.00000
vt 0.00000 0.00000
vt 0.00000 0.00000
vt 0.00000 0.00000
vt 0.00000 0.00000
vt 0.00000 0.00000
vt 0.00000 0.00000
vt 0.00000 0.00000
vt 0.00000 0.00000
vt 0.00000 0.00000
vt 0.00000 0.00000
vt 0.00000 0.00000
vt 0.00000 0.00000
vt 0.00000 0.00000
vt 0.00000 0.00000
vt 0.00000 0.00000
vt 0.00000 0.00000
vt 0.00000 0.00000
vt 0.00000 0.00000
vt 0.00000 0.00000
vt 0.00000 0.00000
vt 0.00000 0.00000
vt 0.00000 0.00000
vt 0.00000 0.00000
vt 0.00000 0.00000
vt 0.00000 0.00000
vt 0.00000 0.00000
vt 0.00000 0.00000
vt 0.00000 0.00000
vt 0.00000 0.00000
vt 0.00000 0.00000
vt 0.00000 0.00000
vt 0.00000 0.00000
vt 0.00000 0.00000
vt 0.00000 0.00000
vt 0.00000 0.00000
vt 0.00000 0.00000
vt 0.00000 0.00000
vt 0.00000 0.00000
vt 0.00000 0.00000
vt 0.00000 0.00000
vt 0.00000 0.00000
vt 0.00000 0.00000
vt 0.00000 0.00000
vt 0.00000 0.00000
vt 0.00000 0.00000
vt 0.00000 0.00000
vt 0.00000 0.00000
vt 0.00000 0.00000
vt 0.00000 0.00000
vt 0.00000 0.00000
vt 0.00000 0.00000
vt 0.00000 0.00000
vt 0.00000 0.00000
vt 0.00000 0.00000
vt 0.00000 0.00000
vt 0.00000 0.00000
vt 0.00000 0.00000
vt 0.00000 0.00000
vt 0.00000 0.00000
vt 0.00000 0.00000
vt 0.00000 0.00000
vt 0.00000 0.00000
vt 0.00000 0.00000
vt 0.00000 0.00000
vt 0.00000 0.00000
vt 0.00000 0.00000
vt 0.00000 0.00000
vt 0.00000 0.00000
vt 0.00000 0.00000
vt 0.00000 0.00000
vt 0.00000 0.00000
vt 0.00000 0.00000
vt 0.00000 0.00000
vt 0.00000 0.00000
vt 0.00000 0.00000
vt 0.00000 0.00000
vt 0.00000 0.00000
vt 0.00000 0.00000
vt 0.00000 0.00000
vt 0.00000 0.00000
vt 0.00000 0.00000
vt 0.00000 0.00000
vt 0.00000 0.00000
vt 0.00000 0.00000
vt 0.00000 0.00000
vt 0.00000 0.00000
vt 0.00000 0.00000
vt 0.00000 0.00000
vt 0.00000 0.00000
vt 0.00000 0.00000
vt 0.00000 0.00000
vt 0.00000 0.00000
vt 0.00000 0.00000
vt 0.00000 0.00000
vt 0.00000 0.00000
vt 0.00000 0.00000
vt 0.00000 0.00000
vt 0.00000 0.00000
vt 0.00000 0.00000
vt 0.00000 0.00000
vt 0.00000 0.00000
vt 0.00000 0.00000
vt 0.00000 0.00000
vt 0.00000 0.00000
vt 0.00000 0.00000
vt 0.00000 0.00000
vt 0.00000 0.00000
vt 0.00000 0.00000
vt 0.00000 0.00000
vt 0.00000 0.00000
vt 0.00000 0.00000
vt 0.00000 0.00000
vt 0.00000 0.00000
vt 0.00000 0.00000
vt 0.00000 0.00000
vt 0.00000 0.00000
vt 0.00000 0.00000
vt 0.00000 0.00000
vt 0.00000 0.00000
vt 0.00000 0.00000
vt 0.00000 0.00000
vt 0.00000 0.00000
vt 0.00000 0.00000
vt 0.00000 0.00000
vt 0.00000 0.00000
vt 0.00000 0.00000
vt 0.00000 0.00000
vt 0.00000 0.00000
vt 0.00000 0.00000
vt 0.00000 0.00000
vt 0.00000 0.00000
vt 0.00000 0.00000
vt 0.00000 0.00000
vt 0.00000 0.00000
vt 0.00000 0.00000
vt 0.00000 0.00000
vt 0.00000 0.00000
vt 0.00000 0.00000
vt 0.00000 0.00000
vt 0.00000 0.00000
vt 0.00000 0.00000
vt 0.00000 0.00000
vt 0.00000 0.00000
vt 0.00000 0.00000
vt 0.00000 0.00000
vt 0.00000 0.00000
vt 0.00000 0.00000
vt 0.00000 0.00000
vt 0.00000 0.00000
vt 0.00000 0.00000
vt 0.00000 0.00000
vt 0.00000 0.00000
vt 0.00000 0.00000
vt 0.00000 0.00000
vt 0.00000 0.00000
vt 0.00000 0.00000
vt 0.00000 0.00000
vt 0.00000 0.00000
vt 0.00000 0.00000
vt 0.00000 0.00000
vt 0.00000 0.00000
vt 0.00000 0.00000
vt 0.00000 0.00000
vt 0.00000 0.00000
vt 0.00000 0.00000
vt 0.00000 0.00000
vt 0.00000 0.00000
vt 0.00000 0.00000
vt 0.00000 0.00000
vt 0.00000 0.00000
vt 0.00000 0.00000
vt 0.00000 0.00000
vt 0.00000 0.00000
vt 0.00000 0.00000
vt 0.00000 0.00000
vt 0.00000 0.00000
vt 0.00000 0.00000
vt 0.00000 0.00000
vt 0.00000 0.00000
vt 0.00000 0.00000
vt 0.00000 0.00000
vt 0.00000 0.00000
vt 0.00000 0.00000
vt 0.00000 0.00000
vt 0.00000 0.00000
vt 0.00000 0.00000
vt 0.00000 0.00000
vt 0.00000 0.00000
vt 0.00000 0.00000
vt 0.00000 0.00000
vt 0.00000 0.00000
vt 0.00000 0.00000
vt 0.00000 0.00000
vt 0.00000 0.00000
vt 0.00000 0.00000
vt 0.00000 0.00000
vt 0.00000 0.00000
vt 0.00000 0.00000
vt 0.00000 0.00000
vt 0.00000 0.00000
vt 0.00000 0.00000
vt 0.00000 0.00000
vt 0.00000 0.00000
vt 0.00000 0.00000
vt 0.00000 0.00000
vt 0.00000 0.00000
vt 0.00000 0.00000
vt 0.00000 0.00000
vt 0.00000 0.00000
vt 0.00000 0.00000
vt 0.00000 0.00000
vt 0.00000 0.00000
vt 0.00000 0.00000
vt 0.00000 0.00000
vt 0.00000 0.00000
vt 0.00000 0.00000
vt 0.00000 0.00000
vt 0.00000 0.00000
vt 0.00000 0.00000
vt 0.00000 0.00000
vt 0.00000 0.00000
vt 0.00000 0.00000
vt 0.00000 0.00000
vt 0.00000 0.00000
vt 0.00000 0.00000
vt 0.00000 0.00000
vt 0.00000 0.00000
vt 0.00000 0.00000
vt 0.00000 0.00000
vt 0.00000 0.00000
vt 0.00000 0.00000
vt 0.00000 0.00000
vt 0.00000 0.00000
vt 0.00000 0.00000
vt 0.00000 0.00000
vt 0.00000 0.00000
vt 0.00000 0.00000
vt 0.00000 0.00000
vt 0.00000 0.00000
vt 0.00000 0.00000
vt 0.00000 0.00000
vt 0.00000 0.00000
vt 0.00000 0.00000
vt 0.00000 0.00000
vt 0.00000 0.00000
vt 0.00000 0.00000
vt 0.00000 0.00000
vt 0.00000 0.00000
vt 0.00000 0.00000
vt 0.00000 0.00000
vt 0.00000 0.00000
vt 0.00000 0.00000
vt 0.00000 0.00000
vt 0.00000 0.00000
vt 0.00000 0.00000
vt 0.00000 0.00000
vt 0.00000 0.00000
vt 0.00000 0.00000
vt 0.00000 0.00000
vt 0.00000 0.00000
vt 0.00000 0.00000
vt 0.00000 0.00000
vt 0.00000 0.00000
vt 0.00000 0.00000
vt 0.00000 0.00000
vt 0.00000 0.00000
vt 0.00000 0.00000
vt 0.00000 0.00000
vt 0.00000 0.00000
vt 0.00000 0.00000
vt 0.00000 0.00000
vt 0.00000 0.00000
vt 0.00000 0.00000
vt 0.00000 0.00000
vt 0.00000 0.00000
vt 0.00000 0.00000
vt 0.00000 0.00000
vt 0.00000 0.00000
vt 0.00000 0.00000
vt 0.00000 0.00000
vt 0.00000 0.00000
vt 0.00000 0.00000
vt 0.00000 0.00000
vt 0.00000 0.00000
vt 0.00000 0.00000
vt 0.00000 0.00000
vt 0.00000 0.00000
vt 0.00000 0.00000
vt 0.00000 0.00000
vt 0.00000 0.00000
vt 0.00000 0.00000
vt 0.00000 0.00000
vt 0.00000 0.00000
vt 0.00000 0.00000
vt 0.00000 0.00000
vt 0.00000 0.00000
vt 0.00000 0.00000
vt 0.00000 0.00000
vt 0.00000 0.00000
vt 0.00000 0.00000
vt 0.00000 0.00000
vt 0.00000 0.00000
vt 0.00000 0.00000
vt 0.00000 0.00000
vt 0.00000 0.00000
vt 0.00000 0.00000
vt 0.00000 0.00000
vt 0.00000 0.00000
vt 0.00000 0.00000
vt 0.00000 0.00000
vt 0.00000 0.00000
vt 0.00000 0.00000
vt 0.00000 0.00000
vt 0.00000 0.00000
vt 0.00000 0.00000
vt 0.00000 0.00000
vt 0.00000 0.00000
vt 0.00000 0.00000
vt 0.00000 0.00000
vt 0.00000 0.00000
vt 0.00000 0.00000
vt 0.00000 0.00000
vt 0.00000 0.00000
vt 0.00000 0.00000
vt 0.00000 0.00000
vt 0.00000 0.00000
vt 0.00000 0.00000
vt 0.00000 0.00000
vt 0.00000 0.00000
vt 0.00000 0.00000
vt 0.00000 0.00000
vt 0.00000 0.00000
vt 0.00000 0.00000
vt 0.00000 0.00000
vt 0.00000 0.00000
vt 0.00000 0.00000
vt 0.00000 0.00000
vt 0.00000 0.00000
vt 0.00000 0.00000
vt 0.00000 0.00000
vt 0.00000 0.00000
vt 0.00000 0.00000
vt 0.00000 0.00000
vt 0.00000 0.00000
vt 0.00000 0.00000
vt 0.00000 0.00000
vt 0.00000 0.00000
vt 0.00000 0.00000
vt 0.00000 0.00000
vt 0.00000 0.00000
vt 0.00000 0.00000
vt 0.00000 0.00000
vt 0.00000 0.00000
vt 0.00000 0.00000
vt 0.00000 0.00000
vt 0.00000 0.00000
vt 0.00000 0.00000
vt 0.00000 0.00000
vt 0.00000 0.00000
vt 0.00000 0.00000
vt 0.00000 0.00000
vt 0.00000 0.00000
vt 0.00000 0.00000
vt 0.00000 0.00000
vt 0.00000 0.00000
vt 0.00000 0.00000
vt 0.00000 0.00000
vt 0.00000 0.00000
vt 0.00000 0.00000
vt 0.00000 0.00000
vt 0.00000 0.00000
vt 0.00000 0.00000
vt 0.00000 0.00000
vt 0.00000 0.00000
vt 0.00000 0.00000
vt 0.00000 0.00000
vt 0.00000 0.00000
vt 0.00000 0.00000
vt 0.00000 0.00000
vt 0.00000 0.00000
vt 0.00000 0.00000
vt 0.00000 0.00000
vt 0.00000 0.00000
vt 0.00000 0.00000
vt 0.00000 0.00000
vt 0.00000 0.00000
vt 0.00000 0.00000
vt 0.00000 0.00000
vt 0.00000 0.00000
vt 0.00000 0.00000
vt 0.00000 0.00000
vt 0.00000 0.00000
vt 0.00000 0.00000
vt 0.00000 0.00000
vt 0.00000 0.00000
vt 0.00000 0.00000
vt 0.00000 0.00000
vt 0.00000 0.00000
vt 0.00000 0.00000
vt 0.00000 0.00000
vt 0.00000 0.00000
vt 0.00000 0.00000
vt 0.00000 0.00000
vt 0.00000 0.00000
vt 0.00000 0.00000
vt 0.00000 0.00000
vt 0.00000 0.00000
vt 0.00000 0.00000
vt 0.00000 0.00000
vt 0.00000 0.00000
vt 0.00000 0.00000
vt 0.00000 0.00000
vt 0.00000 0.00000
vt 0.00000 0.00000
vt 0.00000 0.00000
vt 0.00000 0.00000
vt 0.00000 0.00000
vt 0.00000 0.00000
vt 0.00000 0.00000
vt 0.00000 0.00000
vt 0.00000 0.00000
vt 0.00000 0.00000
vt 0.00000 0.00000
vt 0.00000 0.00000
vt 0.00000 0.00000
vt 0.00000 0.00000
vt 0.00000 0.00000
vt 0.00000 0.00000
vt 0.00000 0.00000
vt 0.00000 0.00000
vt 0.00000 0.00000
vt 0.00000 0.00000
vt 0.00000 0.00000
vt 0.00000 0.00000
vt 0.00000 0.00000
vt 0.00000 0.00000
vt 0.00000 0.00000
vt 0.00000 0.00000
vt 0.00000 0.00000
vt 0.00000 0.00000
vt 0.00000 0.00000
vt 0.00000 0.00000
vt 0.00000 0.00000
vt 0.00000 0.00000
vt 0.00000 0.00000
vt 0.00000 0.00000
vt 0.00000 0.00000
vt 0.00000 0.00000
vt 0.00000 0.00000
vt 0.00000 0.00000
vt 0.00000 0.00000
vt 0.00000 0.00000
vt 0.00000 0.00000
vt 0.00000 0.00000
vt 0.00000 0.00000
vt 0.00000 0.00000
vt 0.00000 0.00000
vt 0.00000 0.00000
vt 0.00000 0.00000
vt 0.00000 0.00000
vt 0.00000 0.00000
vt 0.00000 0.00000
vt 0.00000 0.00000
vt 0.00000 0.00000
vt 0.00000 0.00000
vt 0.00000 0.00000
vt 0.00000 0.00000
vt 0.00000 0.00000
vt 0.00000 0.00000
vt 0.00000 0.00000
vt 0.00000 0.00000
vt 0.00000 0.00000
vt 0.00000 0.00000
vt 0.00000 0.00000
vt 0.00000 0.00000
vt 0.00000 0.00000
vt 0.00000 0.00000
vt 0.00000 0.00000
vt 0.00000 0.00000
vt 0.00000 0.00000
vt 0.00000 0.00000
vt 0.00000 0.00000
vt 0.00000 0.00000
vt 0.00000 0.00000
vt 0.00000 0.00000
vt 0.00000 0.00000
vt 0.00000 0.00000
vt 0.00000 0.00000
vt 0.00000 0.00000
vt 0.00000 0.00000
vt 0.00000 0.00000
vt 0.00000 0.00000
vt 0.00000 0.00000
vt 0.00000 0.00000
vt 0.00000 0.00000
vt 0.00000 0.00000
vt 0.00000 0.00000
vt 0.00000 0.00000
vt 0.00000 0.00000
vt 0.00000 0.00000
vt 0.00000 0.00000
vt 0.00000 0.00000
vt 0.00000 0.00000
vt 0.00000 0.00000
vt 0.00000 0.00000
vt 0.00000 0.00000
vt 0.00000 0.00000
vt 0.00000 0.00000
vt 0.00000 0.00000
vt 0.00000 0.00000
vt 0.00000 0.00000
vt 0.00000 0.00000
vt 0.00000 0.00000
vt 0.00000 0.00000
vt 0.00000 0.00000
vt 0.00000 0.00000
vt 0.00000 0.00000
vt 0.00000 0.00000
vt 0.00000 0.00000
vt 0.00000 0.00000
vt 0.00000 0.00000
vt 0.00000 0.00000
vt 0.00000 0.00000
vt 0.00000 0.00000
vt 0.00000 0.00000
vt 0.00000 0.00000
vt 0.00000 0.00000
vt 0.00000 0.00000
vt 0.00000 0.00000
vt 0.00000 0.00000
vt 0.00000 0.00000
vt 0.00000 0.00000
vt 0.00000 0.00000
vt 0.00000 0.00000
vt 0.00000 0.00000
vt 0.00000 0.00000
vt 0.00000 0.00000
vt 0.00000 0.00000
vt 0.00000 0.00000
vt 0.00000 0.00000
vt 0.00000 0.00000
vt 0.00000 0.00000
vt 0.00000 0.00000
vt 0.00000 0.00000
vt 0.00000 0.00000
vt 0.00000 0.00000
vt 0.00000 0.00000
vt 0.00000 0.00000
vt 0.00000 0.00000
vt 0.00000 0.00000
vt 0.00000 0.00000
vt 0.00000 0.00000
vt 0.00000 0.00000
vt 0.00000 0.00000
vt 0.00000 0.00000
vt 0.00000 0.00000
vt 0.00000 0.00000
vt 0.00000 0.00000
vt 0.00000 0.00000
vt 0.00000 0.00000
vt 0.00000 0.00000
vt 0.00000 0.00000
vt 0.00000 0.00000
vt 0.00000 0.00000
vt 0.00000 0.00000
vt 0.00000 0.00000
vt 0.00000 0.00000
vt 0.00000 0.00000
vt 0.00000 0.00000
vt 0.00000 0.00000
vt 0.00000 0.00000
vt 0.00000 0.00000
vt 0.00000 0.00000
vt 0.00000 0.00000
vt 0.00000 0.00000
vt 0.00000 0.00000
vt 0.00000 0.00000
vt 0.00000 0.00000
vt 0.00000 0.00000
vt 0.00000 0.00000
vt 0.00000 0.00000
vt 0.00000 0.00000
vt 0.00000 0.00000
vt 0.00000 0.00000
vt 0.00000 0.00000
vt 0.00000 0.00000
vt 0.00000 0.00000
vt 0.00000 0.00000
vt 0.00000 0.00000
vt 0.00000 0.00000
vt 0.00000 0.00000
vt 0.00000 0.00000
vt 0.00000 0.00000
vt 0.00000 0.00000
vt 0.00000 0.00000
vt 0.00000 0.00000
vt 0.00000 0.00000
vt 0.00000 0.00000
vt 0.00000 0.00000
vt 0.00000 0.00000
vt 0.00000 0.00000
vt 0.00000 0.00000
vt 0.00000 0.00000
vt 0.00000 0.00000
vt 0.00000 0.00000
vt 0.00000 0.00000
vt 0.00000 0.00000
vt 0.00000 0.00000
vt 0.00000 0.00000
vt 0.00000 0.00000
vt 0.00000 0.00000
vt 0.00000 0.00000
vt 0.00000 0.00000
vt 0.00000 0.00000
vt 0.00000 0.00000
vt 0.00000 0.00000
vt 0.00000 0.00000
vt 0.00000 0.00000
vt 0.00000 0.00000
vt 0.00000 0.00000
vt 0.00000 0.00000
vt 0.00000 0.00000
vt 0.00000 0.00000
vt 0.00000 0.00000
vt 0.00000 0.00000
vt 0.00000 0.00000
vt 0.00000 0.00000
vt 0.00000 0.00000
vt 0.00000 0.00000
vt 0.00000 0.00000
vt 0.00000 0.00000
vt 0.00000 0.00000
vt 0.00000 0.00000
vt 0.00000 0.00000
vt 0.00000 0.00000
vt 0.00000 0.00000
vt 0.00000 0.00000
vt 0.00000 0.00000
vt 0.00000 0.00000
vt 0.00000 0.00000
vt 0.00000 0.00000
vt 0.00000 0.00000
vt 0.00000 0.00000
vt 0.00000 0.00000
vt 0.00000 0.00000
vt 0.00000 0.00000
vt 0.00000 0.00000
vt 0.00000 0.00000
vt 0.00000 0.00000
vt 0.00000 0.00000
vt 0.00000 0.00000
vt 0.00000 0.00000
vt 0.00000 0.00000
vt 0.00000 0.00000
vt 0.00000 0.00000
vt 0.00000 0.00000
vt 0.00000 0.00000
vt 0.00000 0.00000
vt 0.00000 0.00000
vt 0.00000 0.00000
vt 0.00000 0.00000
vt 0.00000 0.00000
vt 0.00000 0.00000
vt 0.00000 0.00000
vt 0.00000 0.00000
vt 0.00000 0.00000
vt 0.00000 0.00000
vt 0.00000 0.00000
vt 0.00000 0.00000
vt 0.00000 0.00000
vt 0.00000 0.00000
vt 0.00000 0.00000
vt 0.00000 0.00000
vt 0.00000 0.00000
vt 0.00000 0.00000
vt 0.00000 0.00000
vt 0.00000 0.00000
vt 0.00000 0.00000
vt 0.00000 0.00000
vt 0.00000 0.00000
vt 0.00000 0.00000
vt 0.00000 0.00000
vt 0.00000 0.00000
vt 0.00000 0.00000
vt 0.00000 0.00000
vt 0.00000 0.00000
vt 0.00000 0.00000
vt 0.00000 0.00000
vt 0.00000 0.00000
vt 0.00000 0.00000
vt 0.00000 0.00000
vt 0.00000 0.00000
vt 0.00000 0.00000
vt 0.00000 0.00000
vt 0.00000 0.00000
vt 0.00000 0.00000
vt 0.00000 0.00000
vt 0.00000 0.00000
vt 0.00000 0.00000
vt 0.00000 0.00000
vt 0.00000 0.00000
vt 0.00000 0.00000
vt 0.00000 0.00000
vt 0.00000 0.00000
vt 0.00000 0.00000
vt 0.00000 0.00000
vt 0.00000 0.00000
vt 0.00000 0.00000
vt 0.00000 0.00000
vt 0.00000 0.00000
vt 0.00000 0.00000
vt 0.00000 0.00000
vt 0.00000 0.00000
vt 0.00000 0.00000
vt 0.00000 0.00000
vt 0.00000 0.00000
vt 0.00000 0.00000
vt 0.00000 0.00000
vt 0.00000 0.00000
vt 0.00000 0.00000
vt 0.00000 0.00000
vt 0.00000 0.00000
vt 0.00000 0.00000
vt 0.00000 0.00000
vt 0.00000 0.00000
vt 0.00000 0.00000
vt 0.00000 0.00000
vt 0.00000 0.00000
vt 0.00000 0.00000
vt 0.00000 0.00000
vt 0.00000 0.00000
vt 0.00000 0.00000
vt 0.00000 0.00000
vt 0.00000 0.00000
vt 0.00000 0.00000
vt 0.00000 0.00000
vt 0.00000 0.00000
vt 0.00000 0.00000
vt 0.00000 0.00000
vt 0.00000 0.00000
vt 0.00000 0.00000
vt 0.00000 0.00000
vt 0.00000 0.00000
vt 0.00000 0.00000
vt 0.00000 0.00000
vt 0.00000 0.00000
vt 0.00000 0.00000
vt 0.00000 0.00000
vt 0.00000 0.00000
vt 0.00000 0.00000
vt 0.00000 0.00000
vt 0.00000 0.00000
vt 0.00000 0.00000
vt 0.00000 0.00000
vt 0.00000 0.00000
vt 0.00000 0.00000
vt 0.00000 0.00000
vt 0.00000 0.00000
vt 0.00000 0.00000
vt 0.00000 0.00000
vt 0.00000 0.00000
vt 0.00000 0.00000
vt 0.00000 0.00000
vt 0.00000 0.00000
vt 0.00000 0.00000
vt 0.00000 0.00000
vt 0.00000 0.00000
vt 0.00000 0.00000
vt 0.00000 0.00000
vt 0.00000 0.00000
vt 0.00000 0.00000
vt 0.00000 0.00000
vt 0.00000 0.00000
vt 0.00000 0.00000
vt 0.00000 0.00000
vt 0.00000 0.00000
vt 0.00000 0.00000
vt 0.00000 0.00000
vt 0.00000 0.00000
vt 0.00000 0.00000
vt 0.00000 0.00000
vt 0.00000 0.00000
vt 0.00000 0.00000
vt 0.00000 0.00000
vt 0.00000 0.00000
vt 0.00000 0.00000
vt 0.00000 0.00000
vt 0.00000 0.00000
vt 0.00000 0.00000
vt 0.00000 0.00000
vt 0.00000 0.00000
vt 0.00000 0.00000
vt 0.00000 0.00000
vt 0.00000 0.00000
vt 0.00000 0.00000
vt 0.00000 0.00000
vt 0.00000 0.00000
vt 0.00000 0.00000
vt 0.00000 0.00000
vt 0.00000 0.00000
vt 0.00000 0.00000
vt 0.00000 0.00000
vt 0.00000 0.00000
vt 0.00000 0.00000
vt 0.00000 0.00000
vt 0.00000 0.00000
vt 0.00000 0.00000
vt 0.00000 0.00000
vt 0.00000 0.00000
vt 0.00000 0.00000
vt 0.00000 0.00000
vt 0.00000 0.00000
vt 0.00000 0.00000
vt 0.00000 0.00000
vt 0.00000 0.00000
vt 0.00000 0.00000
vt 0.00000 0.00000
vt 0.00000 0.00000
vt 0.00000 0.00000
vt 0.00000 0.00000
vt 0.00000 0.00000
vt 0.00000 0.00000
vt 0.00000 0.00000
vt 0.00000 0.00000
vt 0.00000 0.00000
vt 0.00000 0.00000
vt 0.00000 0.00000
vt 0.00000 0.00000
vt 0.00000 0.00000
vt 0.00000 0.00000
vt 0.00000 0.00000
vt 0.00000 0.00000
vt 0.00000 0.00000
vt 0.00000 0.00000
vt 0.00000 0.00000
vt 0.00000 0.00000
vt 0.00000 0.00000
vt 0.00000 0.00000
vt 0.00000 0.00000
vt 0.00000 0.00000
vt 0.00000 0.00000
vt 0.00000 0.00000
vt 0.00000 0.00000
vt 0.00000 0.00000
vt 0.00000 0.00000
vt 0.00000 0.00000
vt 0.00000 0.00000
vt 0.00000 0.00000
vt 0.00000 0.00000
vt 0.00000 0.00000
vt 0.00000 0.00000
vt 0.00000 0.00000
vt 0.00000 0.00000
vt 0.00000 0.00000
vt 0.00000 0.00000
vt 0.00000 0.00000
vt 0.00000 0.00000
vt 0.00000 0.00000
vt 0.00000 0.00000
vt 0.00000 0.00000
vt 0.00000 0.00000
vt 0.00000 0.00000
vt 0.00000 0.00000
vt 0.00000 0.00000
vt 0.00000 0.00000
vt 0.00000 0.00000
vt 0.00000 0.00000
vt 0.00000 0.00000
vt 0.00000 0.00000
vt 0.00000 0.00000
vt 0.00000 0.00000
vt 0.00000 0.00000
vt 0.00000 0.00000
vt 0.00000 0.00000
vt 0.00000 0.00000
vt 0.00000 0.00000
vt 0.00000 0.00000
vt 0.00000 0.00000
vt 0.00000 0.00000
vt 0.00000 0.00000
vt 0.00000 0.00000
vt 0.00000 0.00000
vt 0.00000 0.00000
vt 0.00000 0.00000
vt 0.00000 0.00000
vt 0.00000 0.00000
vt 0.00000 0.00000
vt 0.00000 0.00000
vt 0.00000 0.00000
vt 0.00000 0.00000
vt 0.00000 0.00000
vt 0.00000 0.00000
vt 0.00000 0.00000
vt 0.00000 0.00000
vt 0.00000 0.00000
vt 0.00000 0.00000
vt 0.00000 0.00000
vt 0.00000 0.00000
vt 0.00000 0.00000
vt 0.00000 0.00000
vt 0.00000 0.00000
vt 0.00000 0.00000
vt 0.00000 0.00000
vt 0.00000 0.00000
vt 0.00000 0.00000
vt 0.00000 0.00000
vt 0.00000 0.00000
vt 0.00000 0.00000
vt 0.00000 0.00000
vt 0.00000 0.00000
vt 0.00000 0.00000
vt 0.00000 0.00000
vt 0.00000 0.00000
vt 0.00000 0.00000
vt 0.00000 0.00000
vt 0.00000 0.00000
vt 0.00000 0.00000
vt 0.00000 0.00000
vt 0.00000 0.00000
vt 0.00000 0.00000
vt 0.00000 0.00000
vt 0.00000 0.00000
vt 0.00000 0.00000
vt 0.00000 0.00000
vt 0.00000 0.00000
vt 0.00000 0.00000
vt 0.00000 0.00000
vt 0.00000 0.00000
vt 0.00000 0.00000
vt 0.00000 0.00000
vt 0.00000 0.00000
vt 0.00000 0.00000
vt 0.00000 0.00000
vt 0.00000 0.00000
vt 0.00000 0.00000
vt 0.00000 0.00000
vt 0.00000 0.00000
vt 0.00000 0.00000
vt 0.00000 0.00000
vt 0.00000 0.00000
vt 0.00000 0.00000
vt 0.00000 0.00000
vt 0.00000 0.00000
vt 0.00000 0.00000
vt 0.00000 0.00000
vt 0.00000 0.00000
vt 0.00000 0.00000
vt 0.00000 0.00000
vt 0.00000 0.00000
vt 0.00000 0.00000
vt 0.00000 0.00000
vt 0.00000 0.00000
vt 0.00000 0.00000
vt 0.00000 0.00000
vt 0.00000 0.00000
vt 0.00000 0.00000
vt 0.00000 0.00000
vt 0.00000 0.00000
vt 0.00000 0.00000
vt 0.00000 0.00000
vt 0.00000 0.00000
vt 0.00000 0.00000
vt 0.00000 0.00000
vt 0.00000 0.00000
vt 0.00000 0.00000
vt 0.00000 0.00000
vt 0.00000 0.00000
vt 0.00000 0.00000
vt 0.00000 0.00000
vt 0.00000 0.00000
vt 0.00000 0.00000
vt 0.00000 0.00000
vt 0.00000 0.00000
vt 0.00000 0.00000
vt 0.00000 0.00000
vt 0.00000 0.00000
vt 0.00000 0.00000
vt 0.00000 0.00000
vt 0.00000 0.00000
vt 0.00000 0.00000
vt 0.00000 0.00000
vt 0.00000 0.00000
vt 0.00000 0.00000
vt 0.00000 0.00000
vt 0.00000 0.00000
vt 0.00000 0.00000
vt 0.00000 0.00000
vt 0.00000 0.00000
vt 0.00000 0.00000
vt 0.00000 0.00000
vt 0.00000 0.00000
vt 0.00000 0.00000
vt 0.00000 0.00000
vt 0.00000 0.00000
vt 0.00000 0.00000
vt 0.00000 0.00000
vt 0.00000 0.00000
vt 0.00000 0.00000
vt 0.00000 0.00000
vt 0.00000 0.00000
vt 0.00000 0.00000
vt 0.00000 0.00000
vt 0.00000 0.00000
vt 0.00000 0.00000
vt 0.00000 0.00000
vt 0.00000 0.00000
vt 0.00000 0.00000
vt 0.00000 0.00000
vt 0.00000 0.00000
vt 0.00000 0.00000
vt 0.00000 0.00000
vt 0.00000 0.00000
vt 0.00000 0.00000
vt 0.00000 0.00000
vt 0.00000 0.00000
vt 0.00000 0.00000
vt 0.00000 0.00000
vt 0.00000 0.00000
vt 0.00000 0.00000
vt 0.00000 0.00000
vt 0.00000 0.00000
vt 0.00000 0.00000
vt 0.00000 0.00000
vt 0.00000 0.00000
vt 0.00000 0.00000
vt 0.00000 0.00000
vt 0.00000 0.00000
vt 0.00000 0.00000
vt 0.00000 0.00000
vt 0.00000 0.00000
vt 0.00000 0.00000
vt 0.00000 0.00000
vt 0.00000 0.00000
vt 0.00000 0.00000
vt 0.00000 0.00000
vt 0.00000 0.00000
vt 0.00000 0.00000
vt 0.00000 0.00000
vt 0.00000 0.00000
vt 0.00000 0.00000
vt 0.00000 0.00000
vt 0.00000 0.00000
vt 0.00000 0.00000
vt 0.00000 0.00000
vt 0.00000 0.00000
vt 0.00000 0.00000
vt 0.00000 0.00000
vt 0.00000 0.00000
vt 0.00000 0.00000
vt 0.00000 0.00000
vt 0.00000 0.00000
vt 0.00000 0.00000
vt 0.00000 0.00000
vt 0.00000 0.00000
vt 0.00000 0.00000
vt 0.00000 0.00000
vt 0.00000 0.00000
vt 0.00000 0.00000
vt 0.00000 0.00000
vt 0.00000 0.00000
vt 0.00000 0.00000
vt 0.00000 0.00000
vt 0.00000 0.00000
vt 0.00000 0.00000
vt 0.00000 0.00000
vt 0.00000 0.00000
vt 0.00000 0.00000
vt 0.00000 0.00000
vt 0.00000 0.00000
vt 0.00000 0.00000
vt 0.00000 0.00000
vt 0.00000 0.00000
vt 0.00000 0.00000
vt 0.00000 0.00000
vt 0.00000 0.00000
vt 0.00000 0.00000
vt 0.00000 0.00000
vt 0.00000 0.00000
vt 0.00000 0.00000
vt 0.00000 0.00000
vt 0.00000 0.00000
vt 0.00000 0.00000
vt 0.00000 0.00000
vt 0.00000 0.00000
vt 0.00000 0.00000
vt 0.00000 0.00000
vt 0.00000 0.00000
vt 0.00000 0.00000
vt 0.00000 0.00000
vt 0.00000 0.00000
vt 0.00000 0.00000
vt 0.00000 0.00000
vt 0.00000 0.00000
vt 0.00000 0.00000
vt 0.00000 0.00000
vt 0.00000 0.00000
vt 0.00000 0.00000
vt 0.00000 0.00000
vt 0.00000 0.00000
vt 0.00000 0.00000
vt 0.00000 0.00000
vt 0.00000 0.00000
vt 0.00000 0.00000
vt 0.00000 0.00000
vt 0.00000 0.00000
vt 0.00000 0.00000
vt 0.00000 0.00000
vt 0.00000 0.00000
vt 0.00000 0.00000
vt 0.00000 0.00000
vt 0.00000 0.00000
vt 0.00000 0.00000
vt 0.00000 0.00000
vt 0.00000 0.00000
vt 0.00000 0.00000
vt 0.00000 0.00000
vt 0.00000 0.00000
vt 0.00000 0.00000
vt 0.00000 0.00000
vt 0.00000 0.00000
vt 0.00000 0.00000
vt 0.00000 0.00000
vt 0.00000 0.00000
vt 0.00000 0.00000
vt 0.00000 0.00000
vt 0.00000 0.00000
vt 0.00000 0.00000
vt 0.00000 0.00000
vt 0.00000 0.00000
vt 0.00000 0.00000
vt 0.00000 0.00000
vt 0.00000 0.00000
vt 0.00000 0.00000
vt 0.00000 0.00000
vt 0.00000 0.00000
vt 0.00000 0.00000
vt 0.00000 0.00000
vt 0.00000 0.00000
vt 0.00000 0.00000
vt 0.00000 0.00000
vt 0.00000 0.00000
vt 0.00000 0.00000
vt 0.00000 0.00000
vt 0.00000 0.00000
vt 0.00000 0.00000
vt 0.00000 0.00000
vt 0.00000 0.00000
vt 0.00000 0.00000
vt 0.00000 0.00000
vt 0.00000 0.00000
vt 0.00000 0.00000
vt 0.00000 0.00000
vt 0.00000 0.00000
vt 0.00000 0.00000
vt 0.00000 0.00000
vt 0.00000 0.00000
vt 0.00000 0.00000
vt 0.00000 0.00000
vt 0.00000 0.00000
vt 0.00000 0.00000
vt 0.00000 0.00000
vt 0.00000 0.00000
vt 0.00000 0.00000
vt 0.00000 0.00000
vt 0.00000 0.00000
vt 0.00000 0.00000
vt 0.00000 0.00000
vt 0.00000 0.00000
vt 0.00000 0.00000
vt 0.00000 0.00000
vt 0.00000 0.00000
vt 0.00000 0.00000
vt 0.00000 0.00000
vt 0.00000 0.00000
vt 0.00000 0.00000
vt 0.00000 0.00000
vt 0.00000 0.00000
vt 0.00000 0.00000
vt 0.00000 0.00000
vt 0.00000 0.00000
vt 0.00000 0.00000
vt 0.00000 0.00000
vt 0.00000 0.00000
vt 0.00000 0.00000
vt 0.00000 0.00000
vt 0.00000 0.00000
vt 0.00000 0.00000
vt 0.00000 0.00000
vt 0.00000 0.00000
vt 0.00000 0.00000
vt 0.00000 0.00000
vt 0.00000 0.00000
vt 0.00000 0.00000
vt 0.00000 0.00000
vt 0.00000 0.00000
vt 0.00000 0.00000
vt 0.00000 0.00000
vt 0.00000 0.00000
vt 0.00000 0.00000
vt 0.00000 0.00000
vt 0.00000 0.00000
vt 0.00000 0.00000
vt 0.00000 0.00000
vt 0.00000 0.00000
vt 0.00000 0.00000
vt 0.00010 0.75514
vt 0.00010 0.24486
vt 0.00010 0.24486
vt 0.00010 0.75514
vt 0.99990 0.75514
vt 0.00010 0.75514
vt 0.00010 0.75514
vt 0.99990 0.75514
vt 0.99990 0.24486
vt 0.99990 0.75514
vt 0.00010 0.75514
vt 0.00010 0.24486
vt 0.00010 0.24486
vt 0.00010 0.75514
vt 0.00010 0.75514
vt 0.00010 0.24486
vt 0.00010 0.24486
vt 0.00010 0.75514
vt 0.00010 0.24486
vt 0.99990 0.24486
vt 0.00010 0.24486
vt 0.99990 0.24486
vt 0.00010 0.24486
vt 0.99990 0.24486
vt 0.99990 0.24486
vt 0.99990 0.75514
vt 0.99990 0.75514
vt 0.00010 0.75514
vt 0.00010 0.75514
vt 0.99990 0.75514
vt 0.00010 0.75514
vt 0.99990 0.75514
vt 0.99990 0.75514
vt 0.99990 0.75514
vt 0.99990 0.24486
vt 0.99990 0.75514
vt 0.99990 0.24486
vt 0.00010 0.24486
vt 0.99990 0.24486
vt 0.99990 0.24486
vt 0.99990 0.24486
vt 0.00010 0.75514
vt 0.00010 0.24486
vt 0.00010 0.24486
vt 0.00010 0.75514
vt 0.00010 0.75514
vt 0.00010 0.24486
vt 0.00010 0.24486
vt 0.00010 0.75514
vt 0.00010 0.24486
vt 0.99990 0.24486
vt 0.00010 0.24486
vt 0.99990 0.24486
vt 0.99990 0.75514
vt 0.99990 0.75514
vt 0.00010 0.75514
vt 0.99990 0.75514
vt 0.00010 0.24486
vt 0.00010 0.75514
vt 0.99990 0.24486
vt 0.00010 0.24486
vt 0.99990 0.75514
vt 0.00010 0.75514
vt 0.99990 0.24486
vt 0.00010 0.75514
vt 0.00010 0.75514
vt 0.50000 0.75514
vt 0.00010 0.75514
vt 0.00010 0.24486
vt 0.00010 0.75514
vt 0.00010 0.24486
vt 0.50000 0.24486
vt 0.99990 0.24486
vt 0.50000 0.24486
vt 0.00010 0.24486
vt 0.00010 0.24486
vt 0.99990 0.24486
vt 0.99990 0.75514
vt 0.99990 0.24486
vt 0.50000 0.75514
vt 0.99990 0.75514
vt 0.99990 0.75514
vt 0.99990 0.75514
vt 0.99990 0.24486
vt 0.00010 0.75514
vt 0.00010 0.24486
vt 0.00010 0.75514
vt 0.00010 0.24486
vt 0.99990 0.24486
vt 0.00010 0.24486
vt 0.99990 0.24486
vt 0.50000 0.24486
vt 0.50000 0.75514
vt 0.99990 0.75514
vt 0.00010 0.75514
vt 0.25005 0.75514
vt 0.50000 0.24486
vt 0.50000 0.75514
vt 0.25005 0.24486
vt 0.50000 0.75514
vt 0.25005 0.24486
vt 0.25005 0.75514
vt 0.50000 0.24486
vt 0.00010 0.24486
vt 0.50000 0.24486
vt 0.00010 0.24486
vt 0.00010 0.75514
vt 0.00010 0.24486
vt 0.00010 0.75514
vt 0.00010 0.24486
vt 0.50000 0.75514
vt 0.00010 0.75514
vt 0.00010 0.75514
vt 0.00010 0.24486
vt 0.50000 0.75514
vt 0.00010 0.75514
vt 0.50000 0.24486
vt 0.99990 0.75514
vt 0.50000 0.24486
vt 0.50000 0.75514
vt 0.50000 0.24486
vt 0.99990 0.75514
vt 0.50000 0.75514
vt 0.99990 0.24486
vt 0.50000 0.75514
vt 0.99990 0.24486
vt 0.00010 0.24486
vt 0.00010 0.24486
vt 0.00010 0.24486
vt 0.00010 0.75514
vt 0.25005 0.75514
vt 0.00010 0.75514
vt 0.25005 0.75514
vt 0.00010 0.75514
vt 0.00010 0.75514
vt 0.25005 0.75514
vt 0.00010 0.75514
vt 0.00010 0.75514
vt 0.00010 0.24486
vt 0.00010 0.24486
vt 0.00010 0.75514
vt 0.00010 0.75514
vt 0.00010 0.24486
vt 0.00010 0.24486
vt 0.00010 0.75514
vt 0.00010 0.75514
vt 0.00010 0.24486
vt 0.00010 0.75514
vt 0.00010 0.24486
vt 0.99990 0.24486
vt 0.99990 0.75514
vt 0.99990 0.75514
vt 0.99990 0.75514
vt 0.50000 0.75514
vt 0.50000 0.24486
vt 0.50000 0.24486
vt 0.50000 0.75514
vt 0.99990 0.24486
vt 0.00010 0.24486
vt 0.00010 0.75514
vt 0.25005 0.24486
vt 0.50000 0.24486
vt 0.25005 0.24486
vt 0.50000 0.24486
vt 0.00010 0.24486
vt 0.00010 0.75514
vt 0.00010 0.24486
vt 0.00010 0.24486
vt 0.00010 0.75514
vt 0.50000 0.24486
vt 0.00010 0.24486
vt 0.00010 0.75514
vt 0.50000 0.75514
vt 0.99990 0.24486
vt 0.99990 0.75514
vt 0.50000 0.24486
vt 0.99990 0.75514
vt 0.50000 0.24486
vt 0.50000 0.75514
vt 0.99990 0.24486
vt 0.50000 0.75514
vt 0.50000 0.75514
vt 0.50000 0.24486
vt 0.99990 0.24486
vt 0.99990 0.24486
vt 0.25005 0.24486
vt 0.00010 0.75514
vt 0.00010 0.24486
vt 0.00010 0.24486
vt 0.00010 0.75514
vt 0.00010 0.24486
vt 0.99990 0.75514
vt 0.99990 0.24486
vt 0.99990 0.75514
vt 0.99990 0.24486
vt 0.50000 0.75514
vt 0.99990 0.75514
vt 0.99990 0.75514
vt 0.50000 0.75514
vt 0.50000 0.24486
vt 0.50000 0.75514
vt 0.50000 0.24486
vt 0.00010 0.24486
vt 0.25005 0.75514
vt 0.00010 0.75514
vt 0.25005 0.24486
vt 0.00010 0.00010
vt 0.99990 0.24486
vt 0.00010 0.24486
vt 0.99990 0.00010
vt 0.99990 0.75514
vt 0.00010 0.24486
vt 0.99990 0.24486
vt 0.00010 0.75514
vt 0.00010 0.75514
vt 0.99990 0.99990
vt 0.00010 0.99990
vt 0.99990 0.75514
vt 0.00010 0.24486
vt 0.99990 0.75514
vt 0.00010 0.75514
vt 0.99990 0.24486
vt 0.99990 0.99990
vt 0.00010 0.75514
vt 0.99990 0.75514
vt 0.00010 0.99990
vt 0.99990 0.24486
vt 0.00010 0.00010
vt 0.99990 0.00010
vt 0.00010 0.24486
vt 0.00010 0.24486
vt 0.99990 0.75514
vt 0.00010 0.75514
vt 0.99990 0.24486
vt 0.99990 0.99990
vt 0.00010 0.99990
vt 0.00010 0.75514
vt 0.99990 0.75514
vt 0.99990 0.24486
vt 0.00010 0.24486
vt 0.00010 0.00010
vt 0.99990 0.00010
vt 0.99990 0.75514
vt 0.00010 0.24486
vt 0.00010 0.75514
vt 0.99990 0.24486
vt 0.00010 0.99990
vt 0.99990 0.99990
vt 0.00010 0.75514
vt 0.99990 0.75514
vt 0.00010 0.24486
vt 0.99990 0.24486
vt 0.00010 0.00010
vt 0.99990 0.00010
vt 0.99990 0.24486
vt 0.00010 0.00010
vt 0.99990 0.00010
vt 0.00010 0.24486
vt 0.00010 0.24486
vt 0.99990 0.75514
vt 0.00010 0.75514
vt 0.99990 0.24486
vt 0.99990 0.99990
vt 0.00010 0.75514
vt 0.99990 0.75514
vt 0.00010 0.99990
vt 0.00010 0.24486
vt 0.99990 0.75514
vt 0.00010 0.75514
vt 0.99990 0.24486
vt 0.99990 0.99990
vt 0.00010 0.75514
vt 0.99990 0.75514
vt 0.00010 0.99990
vt 0.99990 0.24486
vt 0.00010 0.00010
vt 0.99990 0.00010
vt 0.00010 0.24486
vt 0.99990 0.24486
vt 0.00010 0.00010
vt 0.00010 0.24486
vt 0.99990 0.00010
vt 0.99990 0.75514
vt 0.99990 0.24486
vt 0.00010 0.24486
vt 0.00010 0.75514
vt 0.99990 0.99990
vt 0.00010 0.75514
vt 0.00010 0.99990
vt 0.99990 0.75514
vt 0.99990 0.24486
vt 0.00010 0.00010
vt 0.00010 0.24486
vt 0.99990 0.00010
vt 0.99990 0.75514
vt 0.99990 0.24486
vt 0.00010 0.24486
vt 0.00010 0.75514
vt 0.99990 0.99990
vt 0.00010 0.75514
vt 0.00010 0.99990
vt 0.99990 0.75514
vt 0.99990 0.75514
vt 0.00010 0.24486
vt 0.00010 0.75514
vt 0.99990 0.24486
vt 0.00010 0.99990
vt 0.99990 0.99990
vt 0.00010 0.75514
vt 0.99990 0.75514
vt 0.00010 0.24486
vt 0.99990 0.24486
vt 0.00010 0.00010
vt 0.99990 0.00010
vt 0.99990 0.75514
vt 0.00010 0.24486
vt 0.00010 0.75514
vt 0.99990 0.24486
vt 0.00010 0.99990
vt 0.99990 0.99990
vt 0.00010 0.75514
vt 0.99990 0.75514
vt 0.00010 0.24486
vt 0.99990 0.24486
vt 0.00010 0.00010
vt 0.99990 0.00010
vt 0.00010 0.24486
vt 0.99990 0.75514
vt 0.00010 0.75514
vt 0.99990 0.24486
vt 0.99990 0.99990
vt 0.00010 0.75514
vt 0.99990 0.75514
vt 0.00010 0.99990
vt 0.99990 0.24486
vt 0.00010 0.24486
vt 0.00010 0.00010
vt 0.99990 0.00010
vt 0.00010 0.24486
vt 0.99990 0.24486
vt 0.00010 0.00010
vt 0.99990 0.00010
vt 0.99990 0.75514
vt 0.00010 0.24486
vt 0.00010 0.75514
vt 0.99990 0.24486
vt 0.00010 0.99990
vt 0.99990 0.99990
vt 0.00010 0.75514
vt 0.99990 0.75514
vt 0.99990 0.75514
vt 0.00010 0.24486
vt 0.00010 0.75514
vt 0.99990 0.24486
vt 0.00010 0.99990
vt 0.99990 0.99990
vt 0.00010 0.75514
vt 0.99990 0.75514
vt 0.00010 0.24486
vt 0.99990 0.24486
vt 0.00010 0.00010
vt 0.99990 0.00010
vn 0.18787 0.66571 0.72218
vn 0.18787 0.66571 0.72218
vn 0.18787 0.66571 0.72218
vn 0.18787 0.66571 0.72218
vn -0.08152 0.67552 -0.73282
vn -0.08152 0.67552 -0.73282
vn -0.08152 0.67552 -0.73282
vn -0.08152 0.67552 -0.73282
vn -0.08152 0.67552 0.73282
vn -0.08152 0.67552 0.73282
vn -0.08152 0.67552 0.73282
vn -0.08152 0.67552 0.73282
vn 0.18787 0.66571 -0.72218
vn 0.18787 0.66571 -0.72218
vn 0.18787 0.66571 -0.72218
vn 0.18787 0.66571 -0.72218
vn 0.66390 -0.20130 0.72022
vn 0.66390 -0.20130 0.72022
vn 0.66390 -0.20130 0.72022
vn 0.66390 -0.20130 0.72022
vn -0.19451 -0.63490 -0.74771
vn -0.19451 -0.63490 -0.74771
vn -0.19451 -0.63490 -0.74771
vn -0.19451 -0.63490 -0.74771
vn 0.08263 -0.64505 -0.75966
vn 0.08263 -0.64505 -0.75966
vn 0.08263 -0.64505 -0.75966
vn 0.08263 -0.64505 -0.75966
vn 0.67517 0.08754 0.73245
vn 0.67517 0.08754 0.73245
vn 0.67517 0.08754 0.73245
vn 0.67517 0.08754 0.73245
vn -0.10433 0.65113 -0.75176
vn -0.10433 0.65113 -0.75176
vn -0.10433 0.65113 -0.75176
vn -0.10433 0.65113 -0.75176
vn 0.19295 0.64240 -0.74169
vn 0.19295 0.64240 -0.74169
vn 0.19295 0.64240 -0.74169
vn 0.19295 0.64240 -0.74169
vn -0.15892 0.66412 0.73055
vn -0.15892 0.66412 0.73055
vn -0.15892 0.66412 0.73055
vn -0.15892 0.66412 0.73055
vn 0.18903 0.66053 0.72661
vn 0.18903 0.66053 0.72661
vn 0.18903 0.66053 0.72661
vn 0.18903 0.66053 0.72661
vn -0.14560 0.67055 0.72743
vn -0.14560 0.67055 0.72743
vn -0.14560 0.67055 0.72743
vn -0.14560 0.67055 0.72743
vn -0.18787 0.66571 -0.72218
vn -0.18787 0.66571 -0.72218
vn -0.18787 0.66571 -0.72218
vn -0.18787 0.66571 -0.72218
vn 0.08152 0.67552 -0.73282
vn 0.08152 0.67552 -0.73282
vn 0.08152 0.67552 -0.73282
vn 0.08152 0.67552 -0.73282
vn 0.46740 0.59918 0.65001
vn 0.46740 0.59918 0.65001
vn 0.46740 0.59918 0.65001
vn 0.46740 0.59918 0.65001
vn 0.14267 0.61884 -0.77245
vn 0.14267 0.61884 -0.77245
vn 0.14267 0.61884 -0.77245
vn -0.02111 0.60184 -0.79834
vn -0.02111 0.60184 -0.79834
vn -0.02111 0.60184 -0.79834
vn 0.67517 0.08754 -0.73245
vn 0.67517 0.08754 -0.73245
vn 0.67517 0.08754 -0.73245
vn 0.67517 0.08754 -0.73245
vn -0.19451 -0.63490 0.74771
vn -0.19451 -0.63490 0.74771
vn -0.19451 -0.63490 0.74771
vn -0.19451 -0.63490 0.74771
vn 0.08263 -0.64505 0.75966
vn 0.08263 -0.64505 0.75966
vn 0.08263 -0.64505 0.75966
vn 0.08263 -0.64505 0.75966
vn 0.66390 -0.20130 -0.72022
vn 0.66390 -0.20130 -0.72022
vn 0.66390 -0.20130 -0.72022
vn 0.66390 -0.20130 -0.72022
vn -0.10433 0.65113 0.75176
vn -0.10433 0.65113 0.75176
vn -0.10433 0.65113 0.75176
vn -0.10433 0.65113 0.75176
vn 0.19295 0.64240 0.74169
vn 0.19295 0.64240 0.74169
vn 0.19295 0.64240 0.74169
vn 0.19295 0.64240 0.74169
vn -0.15892 0.66411 -0.73055
vn -0.15892 0.66411 -0.73055
vn -0.15892 0.66411 -0.73055
vn -0.15892 0.66411 -0.73055
vn 0.18903 0.66053 -0.72661
vn 0.18903 0.66053 -0.72661
vn 0.18903 0.66053 -0.72661
vn 0.18903 0.66053 -0.72661
vn 0.46740 0.59918 -0.65001
vn 0.46740 0.59918 -0.65001
vn 0.46740 0.59918 -0.65001
vn 0.46740 0.59918 -0.65001
vn -0.18787 0.66571 0.72218
vn -0.18787 0.66571 0.72218
vn -0.18787 0.66571 0.72218
vn -0.18787 0.66571 0.72218
vn 0.08152 0.67552 0.73282
vn 0.08152 0.67552 0.73282
vn 0.08152 0.67552 0.73282
vn 0.08152 0.67552 0.73282
vn -0.14560 0.67055 -0.72743
vn -0.14560 0.67055 -0.72743
vn -0.14560 0.67055 -0.72743
vn -0.14560 0.67055 -0.72743
vn 0.14267 0.61884 0.77245
vn 0.14267 0.61884 0.77245
vn 0.14267 0.61884 0.77245
vn -0.02111 0.60184 0.79834
vn -0.02111 0.60184 0.79834
vn -0.02111 0.60184 0.79834
vn 0.06867 -0.67618 -0.73353
vn 0.06867 -0.67618 -0.73353
vn 0.06867 -0.67618 -0.73353
vn 0.06867 -0.67618 -0.73353
vn 0.23636 -0.65857 -0.71443
vn 0.23636 -0.65857 -0.71443
vn 0.23636 -0.65857 -0.71443
vn 0.23636 -0.65857 -0.71443
vn -0.18787 0.66571 0.72218
vn -0.18787 0.66571 0.72218
vn -0.18787 0.66571 0.72218
vn -0.18787 0.66571 0.72218
vn 0.08152 0.67552 -0.73282
vn 0.08152 0.67552 -0.73282
vn 0.08152 0.67552 -0.73282
vn 0.08152 0.67552 -0.73282
vn 0.06867 -0.67618 0.73353
vn 0.06867 -0.67618 0.73353
vn 0.06867 -0.67618 0.73353
vn 0.06867 -0.67618 0.73353
vn 0.23636 -0.65857 0.71443
vn 0.23636 -0.65857 0.71443
vn 0.23636 -0.65857 0.71443
vn 0.23636 -0.65857 0.71443
vn 0.08152 0.67552 0.73282
vn 0.08152 0.67552 0.73282
vn 0.08152 0.67552 0.73282
vn 0.08152 0.67552 0.73282
vn -0.18787 0.66571 -0.72218
vn -0.18787 0.66571 -0.72218
vn -0.18787 0.66571 -0.72218
vn -0.18787 0.66571 -0.72218
vn -0.66390 -0.20130 0.72022
vn -0.66390 -0.20130 0.72022
vn -0.66390 -0.20130 0.72022
vn -0.66390 -0.20130 0.72022
vn 0.19451 -0.63490 -0.74771
vn 0.19451 -0.63490 -0.74771
vn 0.19451 -0.63490 -0.74771
vn 0.19451 -0.63490 -0.74771
vn -0.08263 -0.64505 -0.75966
vn -0.08263 -0.64505 -0.75966
vn -0.08263 -0.64505 -0.75966
vn -0.08263 -0.64505 -0.75966
vn -0.67517 0.08754 0.73245
vn -0.67517 0.08754 0.73245
vn -0.67517 0.08754 0.73245
vn -0.67517 0.08754 0.73245
vn -0.21142 0.65745 0.72323
vn -0.21142 0.65745 0.72323
vn -0.21142 0.65745 0.72323
vn -0.21142 0.65745 0.72323
vn 0.09211 0.66981 0.73680
vn 0.09211 0.66981 0.73680
vn 0.09211 0.66981 0.73680
vn 0.09211 0.66981 0.73680
vn 0.10433 0.65113 -0.75176
vn 0.10433 0.65113 -0.75176
vn 0.10433 0.65113 -0.75176
vn 0.10433 0.65113 -0.75176
vn -0.19295 0.64240 -0.74169
vn -0.19295 0.64240 -0.74169
vn -0.19295 0.64240 -0.74169
vn -0.19295 0.64240 -0.74169
vn 0.06093 0.67140 0.73859
vn 0.06093 0.67140 0.73859
vn 0.06093 0.67140 0.73859
vn 0.06093 0.67140 0.73859
vn -0.08204 0.67040 0.73746
vn -0.08204 0.67040 0.73746
vn -0.08204 0.67040 0.73746
vn -0.08204 0.67040 0.73746
vn 0.15892 0.66412 0.73055
vn 0.15892 0.66412 0.73055
vn 0.15892 0.66412 0.73055
vn 0.15892 0.66412 0.73055
vn -0.18903 0.66053 0.72661
vn -0.18903 0.66053 0.72661
vn -0.18903 0.66053 0.72661
vn -0.18903 0.66053 0.72661
vn 0.14560 0.67055 0.72743
vn 0.14560 0.67055 0.72743
vn 0.14560 0.67055 0.72743
vn 0.14560 0.67055 0.72743
vn 0.18787 0.66571 -0.72218
vn 0.18787 0.66571 -0.72218
vn 0.18787 0.66571 -0.72218
vn 0.18787 0.66571 -0.72218
vn -0.08152 0.67552 -0.73282
vn -0.08152 0.67552 -0.73282
vn -0.08152 0.67552 -0.73282
vn -0.08152 0.67552 -0.73282
vn -0.46740 0.59918 0.65001
vn -0.46740 0.59918 0.65001
vn -0.46740 0.59918 0.65001
vn -0.46740 0.59918 0.65001
vn -0.14267 0.61884 -0.77245
vn -0.14267 0.61884 -0.77245
vn -0.14267 0.61884 -0.77245
vn 0.02111 0.60184 -0.79834
vn 0.02111 0.60184 -0.79834
vn 0.02111 0.60184 -0.79834
vn -0.67517 0.08754 -0.73245
vn -0.67517 0.08754 -0.73245
vn -0.67517 0.08754 -0.73245
vn -0.67517 0.08754 -0.73245
vn 0.19451 -0.63490 0.74771
vn 0.19451 -0.63490 0.74771
vn 0.19451 -0.63490 0.74771
vn 0.19451 -0.63490 0.74771
vn -0.08263 -0.64505 0.75966
vn -0.08263 -0.64505 0.75966
vn -0.08263 -0.64505 0.75966
vn -0.08263 -0.64505 0.75966
vn -0.66390 -0.20130 -0.72022
vn -0.66390 -0.20130 -0.72022
vn -0.66390 -0.20130 -0.72022
vn -0.66390 -0.20130 -0.72022
vn -0.21142 0.65745 -0.72323
vn -0.21142 0.65745 -0.72323
vn -0.21142 0.65745 -0.72323
vn -0.21142 0.65745 -0.72323
vn 0.09211 0.66981 -0.73680
vn 0.09211 0.66981 -0.73680
vn 0.09211 0.66981 -0.73680
vn 0.09211 0.66981 -0.73680
vn 0.10433 0.65113 0.75176
vn 0.10433 0.65113 0.75176
vn 0.10433 0.65113 0.75176
vn 0.10433 0.65113 0.75176
vn -0.19295 0.64240 0.74169
vn -0.19295 0.64240 0.74169
vn -0.19295 0.64240 0.74169
vn -0.19295 0.64240 0.74169
vn 0.06093 0.67140 -0.73858
vn 0.06093 0.67140 -0.73858
vn 0.06093 0.67140 -0.73858
vn 0.06093 0.67140 -0.73858
vn -0.08204 0.67040 -0.73745
vn -0.08204 0.67040 -0.73745
vn -0.08204 0.67040 -0.73745
vn -0.08204 0.67040 -0.73745
vn 0.15892 0.66411 -0.73055
vn 0.15892 0.66411 -0.73055
vn 0.15892 0.66411 -0.73055
vn 0.15892 0.66411 -0.73055
vn -0.18903 0.66053 -0.72661
vn -0.18903 0.66053 -0.72661
vn -0.18903 0.66053 -0.72661
vn -0.18903 0.66053 -0.72661
vn -0.46740 0.59918 -0.65001
vn -0.46740 0.59918 -0.65001
vn -0.46740 0.59918 -0.65001
vn -0.46740 0.59918 -0.65001
vn 0.18787 0.66571 0.72218
vn 0.18787 0.66571 0.72218
vn 0.18787 0.66571 0.72218
vn 0.18787 0.66571 0.72218
vn -0.08152 0.67552 0.73282
vn -0.08152 0.67552 0.73282
vn -0.08152 0.67552 0.73282
vn -0.08152 0.67552 0.73282
vn 0.14560 0.67055 -0.72743
vn 0.14560 0.67055 -0.72743
vn 0.14560 0.67055 -0.72743
vn 0.14560 0.67055 -0.72743
vn -0.14267 0.61884 0.77245
vn -0.14267 0.61884 0.77245
vn -0.14267 0.61884 0.77245
vn 0.02111 0.60184 0.79834
vn 0.02111 0.60184 0.79834
vn 0.02111 0.60184 0.79834
vn 0.04134 0.83703 -0.54559
vn 0.04134 0.83703 -0.54559
vn 0.04134 0.83703 -0.54559
vn 0.04134 0.83703 -0.54559
vn 0.90183 -0.09628 -0.42124
vn 0.90183 -0.09628 -0.42124
vn 0.90183 -0.09628 -0.42124
vn 0.90183 -0.09628 -0.42124
vn 0.00347 -0.12185 -0.99254
vn 0.00347 -0.12185 -0.99254
vn 0.00347 -0.12185 -0.99254
vn 0.00347 -0.12185 -0.99254
vn -0.03083 -0.94406 -0.32832
vn -0.03083 -0.94406 -0.32832
vn -0.03083 -0.94406 -0.32832
vn -0.03083 -0.94406 -0.32832
vn -0.08230 -0.99661 -0.00000
vn -0.08230 -0.99661 -0.00000
vn -0.08230 -0.99661 -0.00000
vn -0.08230 -0.99661 -0.00000
vn 0.04134 0.83703 0.54559
vn 0.04134 0.83703 0.54559
vn 0.04134 0.83703 0.54559
vn 0.04134 0.83703 0.54559
vn 0.90183 -0.09628 0.42124
vn 0.90183 -0.09628 0.42124
vn 0.90183 -0.09628 0.42124
vn 0.90183 -0.09628 0.42124
vn 0.00347 -0.12185 0.99254
vn 0.00347 -0.12185 0.99254
vn 0.00347 -0.12185 0.99254
vn 0.00347 -0.12185 0.99254
vn 0.99994 -0.01068 -0.00000
vn 0.99994 -0.01068 -0.00000
vn 0.99994 -0.01068 -0.00000
vn 0.99994 -0.01068 -0.00000
vn -0.00126 1.00000 0.00000
vn -0.00000 1.00000 0.00000
vn -0.00126 1.00000 0.00000
vn -0.03083 -0.94406 0.32832
vn -0.03083 -0.94406 0.32832
vn -0.03083 -0.94406 0.32832
vn -0.03083 -0.94406 0.32832
vn 0.00325 0.98166 0.19061
vn 0.00067 0.97567 0.21925
vn 0.00325 0.98166 0.19061
vn 0.00325 0.98166 -0.19061
vn 0.00325 0.98166 -0.19061
vn 0.00066 0.99995 -0.00960
vn 0.00325 0.98166 -0.19061
vn -0.11185 -0.83179 0.54371
vn -0.11185 -0.83179 0.54371
vn -0.11185 -0.83179 0.54371
vn -0.11185 -0.83179 0.54371
vn -0.10708 -0.99425 -0.00000
vn -0.10708 -0.99425 -0.00000
vn -0.10708 -0.99425 -0.00000
vn -0.10708 -0.99425 -0.00000
vn 0.00075 0.97586 0.21841
vn 0.00325 0.98166 0.19061
vn -0.00191 0.96883 0.24771
vn -0.00191 0.96883 0.24771
vn -0.99985 -0.01760 -0.00000
vn -0.99985 -0.01760 -0.00000
vn -0.99985 -0.01760 -0.00000
vn -0.99985 -0.01760 -0.00000
vn 0.00478 0.99999 0.00000
vn 0.00443 0.99999 -0.00000
vn 0.00478 0.99999 0.00000
vn 0.99998 0.00646 0.00000
vn 0.99998 0.00646 0.00000
vn 0.99998 0.00646 0.00000
vn 0.99998 0.00646 0.00000
vn 0.00966 0.10300 0.99463
vn 0.00966 0.10300 0.99463
vn 0.00966 0.10300 0.99463
vn 0.00966 0.10300 0.99463
vn 0.00966 0.10300 0.99463
vn -0.11185 -0.83179 -0.54371
vn -0.11185 -0.83179 -0.54371
vn -0.11185 -0.83179 -0.54371
vn -0.11185 -0.83179 -0.54371
vn -0.00389 0.99999 0.00000
vn 0.00160 0.98916 -0.14680
vn -0.33481 -0.90502 0.26238
vn -0.33481 -0.90502 0.26238
vn -0.33481 -0.90502 0.26238
vn -0.33481 -0.90502 0.26238
vn -0.88890 0.05309 -0.45502
vn -0.88890 0.05309 -0.45502
vn -0.88890 0.05309 -0.45502
vn -0.88890 0.05309 -0.45502
vn -0.88890 0.05309 0.45502
vn -0.88890 0.05309 0.45502
vn -0.88890 0.05309 0.45502
vn -0.88890 0.05309 0.45502
vn -0.33481 -0.90502 -0.26239
vn -0.33481 -0.90502 -0.26239
vn -0.33481 -0.90502 -0.26239
vn -0.33481 -0.90502 -0.26239
vn 0.92276 0.01351 -0.38514
vn 0.92276 0.01351 -0.38514
vn 0.92276 0.01351 -0.38514
vn 0.92276 0.01351 -0.38514
vn 0.00966 0.10300 -0.99463
vn 0.00966 0.10300 -0.99463
vn 0.00966 0.10300 -0.99463
vn 0.00966 0.10300 -0.99463
vn 0.00966 0.10300 -0.99463
vn 0.01411 0.07558 0.99704
vn 0.01411 0.07558 0.99704
vn 0.01411 0.07558 0.99704
vn 0.01411 0.07558 0.99704
vn 0.01411 0.07558 -0.99704
vn 0.01411 0.07558 -0.99704
vn 0.01411 0.07558 -0.99704
vn 0.01411 0.07558 -0.99704
vn -0.00191 0.96883 -0.24771
vn -0.00191 0.96883 -0.24771
vn -0.00191 0.96883 -0.24771
vn -0.00191 0.96883 -0.24771
vn -0.36168 -0.93230 -0.00000
vn -0.36168 -0.93230 -0.00000
vn -0.36168 -0.93230 -0.00000
vn -0.36168 -0.93230 -0.00000
vn 0.92276 0.01351 0.38514
vn 0.92276 0.01351 0.38514
vn 0.92276 0.01351 0.38514
vn 0.92276 0.01351 0.38514
vn 1.00000 -0.00082 -0.00000
vn 0.99999 -0.00384 -0.00000
vn 1.00000 -0.00082 -0.00000
vn 0.00889 0.99996 0.00000
vn 0.00889 0.99996 0.00000
vn 0.00889 0.99996 0.00000
vn 0.00889 0.99996 0.00000
vn -0.93218 -0.00948 -0.36188
vn -0.93218 -0.00948 -0.36188
vn -0.93218 -0.00948 -0.36188
vn -0.93218 -0.00948 -0.36188
vn 0.00202 -0.96357 -0.26746
vn 0.00202 -0.96357 -0.26746
vn 0.00183 -0.96378 -0.26668
vn -0.06936 0.90131 -0.42759
vn -0.06936 0.90131 -0.42759
vn -0.06936 0.90131 -0.42759
vn -0.06936 0.90131 -0.42759
vn 0.00215 -0.04865 -0.99881
vn 0.00215 -0.04865 -0.99881
vn 0.00215 -0.04865 -0.99881
vn 0.00215 -0.04865 -0.99881
vn 0.05098 0.80264 -0.59428
vn 0.05098 0.80264 -0.59428
vn 0.05098 0.80264 -0.59428
vn 0.05098 0.80264 -0.59428
vn 0.90538 -0.03783 -0.42291
vn 0.90538 -0.03783 -0.42291
vn 0.90538 -0.03783 -0.42291
vn 0.90538 -0.03783 -0.42291
vn -0.00238 -0.04838 -0.99883
vn -0.00238 -0.04838 -0.99883
vn -0.00238 -0.04838 -0.99883
vn -0.00238 -0.04838 -0.99883
vn -0.00238 -0.04838 -0.99883
vn 0.00188 -0.96373 -0.26688
vn -0.00646 -0.97284 -0.23138
vn -0.00646 -0.97284 -0.23138
vn -0.00646 -0.97284 -0.23138
vn 0.11125 -0.01095 0.99373
vn 0.11125 -0.01095 0.99373
vn 0.11125 -0.01095 0.99373
vn 0.11125 -0.01095 0.99373
vn 0.11125 -0.01095 0.99373
vn 0.00000 -1.00000 -0.00000
vn 0.00000 -1.00000 -0.00000
vn 0.00000 -1.00000 -0.00000
vn 0.00000 -1.00000 -0.00000
vn 0.97681 -0.00642 0.21401
vn 0.96901 0.00188 0.24702
vn 0.97681 -0.00642 0.21401
vn -0.82503 0.05186 0.56271
vn -0.82503 0.05186 0.56271
vn -0.82503 0.05186 0.56271
vn -0.82503 0.05186 0.56271
vn 0.07655 0.91681 0.39191
vn 0.07655 0.91681 0.39191
vn 0.07655 0.91681 0.39191
vn 0.07655 0.91681 0.39191
vn -1.00000 -0.00170 -0.00000
vn -0.99999 0.00501 -0.00000
vn -1.00000 -0.00170 -0.00000
vn 0.11482 0.00936 0.99334
vn 0.11482 0.00936 0.99334
vn 0.11482 0.00936 0.99334
vn 0.11482 0.00936 0.99334
vn -0.90959 0.28396 -0.30335
vn -0.88881 0.28380 -0.35984
vn -0.90959 0.28396 -0.30335
vn -0.01550 0.94420 -0.32901
vn -0.01550 0.94420 -0.32901
vn -0.01550 0.94420 -0.32901
vn -0.01550 0.94420 -0.32901
vn 0.87175 0.04810 -0.48758
vn 0.87175 0.04810 -0.48758
vn 0.87175 0.04810 -0.48758
vn 0.87175 0.04810 -0.48758
vn -0.01615 -0.87815 -0.47812
vn -0.01615 -0.87815 -0.47812
vn -0.01615 -0.87815 -0.47812
vn -0.01615 -0.87815 -0.47812
vn 0.00004 0.05650 -0.99840
vn -0.00089 0.05664 -0.99839
vn -0.00046 0.05658 -0.99840
vn 0.00004 0.05650 -0.99840
vn -0.00095 0.05665 -0.99839
vn -0.00095 0.05665 -0.99839
vn 0.93796 0.03374 0.34510
vn 0.93796 0.03374 0.34510
vn 0.93796 0.03374 0.34510
vn 0.93796 0.03374 0.34510
vn -0.88386 0.28363 0.37196
vn -0.90546 0.28401 0.31542
vn -0.88881 0.28380 0.35983
vn -0.90546 0.28401 -0.31542
vn -0.88386 0.28363 -0.37196
vn -0.88386 0.28363 -0.37196
vn 0.93796 0.03374 -0.34510
vn 0.93796 0.03374 -0.34510
vn 0.93796 0.03374 -0.34510
vn 0.93796 0.03374 -0.34510
vn 0.00352 0.93299 -0.35988
vn 0.00352 0.93299 -0.35988
vn 0.00352 0.93299 -0.35988
vn 0.00352 0.93299 -0.35988
vn 0.96521 0.00751 -0.26135
vn 0.96521 0.00751 -0.26135
vn 0.96521 0.00751 -0.26135
vn 0.96521 0.00751 -0.26135
vn 0.01642 0.00002 -0.99987
vn 0.01642 0.00002 -0.99987
vn 0.01642 0.00002 -0.99987
vn 0.01642 0.00002 -0.99987
vn 0.01092 -0.92324 -0.38407
vn 0.01092 -0.92324 -0.38407
vn 0.01092 -0.92324 -0.38407
vn 0.01092 -0.92324 -0.38407
vn -0.88809 0.01543 -0.45941
vn -0.88809 0.01543 -0.45941
vn -0.88809 0.01543 -0.45941
vn -0.88809 0.01543 -0.45941
vn 0.00236 0.04985 -0.99875
vn 0.00236 0.04985 -0.99875
vn 0.00236 0.04985 -0.99875
vn 0.00236 0.04985 -0.99875
vn 0.00236 0.04985 -0.99875
vn 0.93095 0.00983 -0.36501
vn 0.93095 0.00983 -0.36501
vn 0.93095 0.00983 -0.36501
vn 0.93095 0.00983 -0.36501
vn -0.89124 0.01692 -0.45322
vn -0.89124 0.01692 -0.45322
vn -0.89124 0.01692 -0.45322
vn -0.89124 0.01692 -0.45322
vn 0.04768 -0.90601 -0.42056
vn 0.04768 -0.90601 -0.42056
vn 0.04768 -0.90601 -0.42056
vn 0.04768 -0.90601 -0.42056
vn -0.05881 -0.80372 -0.59210
vn -0.05881 -0.80372 -0.59210
vn -0.05881 -0.80372 -0.59210
vn -0.05881 -0.80372 -0.59210
vn -0.00128 0.97651 -0.21548
vn 0.00141 0.97739 -0.21145
vn 0.00266 0.99723 -0.07433
vn -0.00142 0.04959 -0.99877
vn -0.00142 0.04959 -0.99877
vn -0.00142 0.04959 -0.99877
vn -0.00142 0.04959 -0.99877
vn -0.00142 0.04959 -0.99877
vn -0.00128 0.97651 -0.21548
vn 0.00402 0.97821 -0.20756
vn 0.00402 0.97821 -0.20756
vn 0.27779 -0.64619 0.71083
vn 0.27779 -0.64619 0.71083
vn 0.27779 -0.64619 0.71083
vn 0.27779 -0.64619 0.71083
vn -0.00401 -0.05238 0.99862
vn -0.00401 -0.05238 0.99862
vn -0.00401 -0.05238 0.99862
vn -0.00401 -0.05238 0.99862
vn -0.77834 -0.53168 0.33392
vn -0.77834 -0.53168 0.33392
vn -0.77834 -0.53168 0.33392
vn -0.77834 -0.53168 0.33392
vn 0.89123 -0.01776 0.45321
vn 0.89123 -0.01776 0.45321
vn 0.89123 -0.01776 0.45321
vn 0.89123 -0.01776 0.45321
vn -0.04387 0.91017 0.41191
vn -0.04387 0.91017 0.41191
vn -0.04387 0.91017 0.41191
vn -0.04387 0.91017 0.41191
vn 0.09456 0.79796 0.59525
vn 0.09456 0.79796 0.59525
vn 0.09456 0.79796 0.59525
vn 0.09456 0.79796 0.59525
vn 0.00337 -0.97686 0.21383
vn -0.00668 -0.96547 0.26041
vn 0.00337 -0.97686 0.21383
vn -0.00191 -0.97118 0.23835
vn 0.00337 -0.97686 0.21383
vn -0.12155 -0.66767 0.73447
vn -0.12155 -0.66767 0.73447
vn -0.12155 -0.66767 0.73447
vn -0.12155 -0.66767 0.73447
vn 0.00206 -0.05135 0.99868
vn 0.00206 -0.05135 0.99868
vn 0.00206 -0.05135 0.99868
vn 0.00206 -0.05135 0.99868
vn 0.00206 -0.05135 0.99868
vn -0.00697 -0.96511 0.26176
vn -0.00697 -0.96511 0.26176
vn -0.85038 -0.34135 0.40043
vn -0.85038 -0.34135 0.40043
vn -0.85038 -0.34135 0.40043
vn -0.85038 -0.34135 0.40043
vn -0.01447 -0.94326 0.33175
vn -0.01447 -0.94326 0.33175
vn -0.01447 -0.94326 0.33175
vn -0.01447 -0.94326 0.33175
vn 0.82438 -0.05285 0.56356
vn 0.82438 -0.05285 0.56356
vn 0.82438 -0.05285 0.56356
vn 0.82438 -0.05285 0.56356
vn -0.01461 0.87549 0.48302
vn -0.01461 0.87549 0.48302
vn -0.01461 0.87549 0.48302
vn -0.01461 0.87549 0.48302
vn -0.00057 -0.05583 0.99844
vn -0.00057 -0.05583 0.99844
vn -0.00057 -0.05583 0.99844
vn -0.00057 -0.05583 0.99844
vn 0.00349 0.05253 0.99861
vn 0.00349 0.05253 0.99861
vn 0.00349 0.05253 0.99861
vn 0.00349 0.05253 0.99861
vn 0.00349 0.05253 0.99861
vn 0.92630 0.01097 0.37662
vn 0.92630 0.01097 0.37662
vn 0.92630 0.01097 0.37662
vn 0.92630 0.01097 0.37662
vn -0.88214 -0.07447 0.46507
vn -0.88214 -0.07447 0.46507
vn -0.88214 -0.07447 0.46507
vn -0.88214 -0.07447 0.46507
vn 0.04332 -0.91356 0.40439
vn 0.04332 -0.91356 0.40439
vn 0.04332 -0.91356 0.40439
vn 0.04332 -0.91356 0.40439
vn -0.09456 -0.79795 0.59525
vn -0.09456 -0.79795 0.59525
vn -0.09456 -0.79795 0.59525
vn -0.09456 -0.79795 0.59525
vn -0.00112 0.98233 0.18715
vn -0.00017 0.98917 0.14679
vn -0.00103 0.99938 0.03519
vn 0.00195 0.98021 0.19797
vn -0.00112 0.98233 0.18715
vn -0.00133 0.05203 0.99864
vn -0.00133 0.05203 0.99864
vn -0.00133 0.05203 0.99864
vn -0.00133 0.05203 0.99864
vn -0.00133 0.05203 0.99864
vn 0.00508 0.97791 0.20897
vn 0.00508 0.97791 0.20897
vn 0.00508 0.97791 0.20897
vn 0.99999 0.00467 0.00000
vn 0.99999 0.00467 0.00000
vn 0.99999 0.00467 0.00000
vn 0.99999 0.00467 0.00000
vn -0.93214 0.00965 -0.36196
vn -0.93214 0.00965 -0.36196
vn -0.93214 0.00965 -0.36196
vn -0.93214 0.00965 -0.36196
vn 0.00191 0.96883 -0.24771
vn 0.00175 0.96900 -0.24706
vn 0.00178 0.96897 -0.24718
vn 0.00191 0.96883 -0.24771
vn -0.06616 -0.91429 -0.39962
vn -0.06616 -0.91429 -0.39962
vn -0.06616 -0.91429 -0.39962
vn -0.06616 -0.91429 -0.39962
vn 0.00183 0.04930 -0.99878
vn 0.00183 0.04930 -0.99878
vn 0.00183 0.04930 -0.99878
vn 0.00183 0.04930 -0.99878
vn 0.04872 -0.82606 -0.56148
vn 0.04872 -0.82606 -0.56148
vn 0.04872 -0.82606 -0.56148
vn 0.04872 -0.82606 -0.56148
vn 0.92369 0.03466 -0.38156
vn 0.92369 0.03466 -0.38156
vn 0.92369 0.03466 -0.38156
vn 0.92369 0.03466 -0.38156
vn -0.00193 0.04910 -0.99879
vn -0.00193 0.04910 -0.99879
vn -0.00193 0.04910 -0.99879
vn -0.00193 0.04910 -0.99879
vn -0.00193 0.04910 -0.99879
vn -0.00602 0.97685 -0.21385
vn -0.00602 0.97685 -0.21385
vn -0.00602 0.97685 -0.21385
vn -0.00256 0.04906 0.99879
vn -0.00256 0.04906 0.99879
vn -0.00256 0.04906 0.99879
vn -0.00256 0.04906 0.99879
vn -1.00000 -0.00000 -0.00000
vn -1.00000 -0.00000 -0.00000
vn -1.00000 -0.00000 -0.00000
vn -1.00000 -0.00000 -0.00000
vn -0.00850 0.96607 0.25813
vn -0.00850 0.96607 0.25813
vn -0.00850 0.96607 0.25813
vn -0.00850 0.96607 0.25813
vn 0.06384 -0.81924 0.56988
vn 0.06384 -0.81924 0.56988
vn 0.06384 -0.81924 0.56988
vn 0.06384 -0.81924 0.56988
vn 0.92369 0.03466 0.38156
vn 0.92369 0.03466 0.38156
vn 0.92369 0.03466 0.38156
vn 0.92369 0.03466 0.38156
vn -0.00213 -1.00000 -0.00000
vn -0.00213 -1.00000 -0.00000
vn -0.00213 -1.00000 -0.00000
vn -0.00213 -1.00000 -0.00000
vn 0.01299 0.04940 0.99869
vn 0.01299 0.04940 0.99869
vn 0.01299 0.04940 0.99869
vn 0.01299 0.04940 0.99869
vn 0.00000 0.00000 -1.00000
vn 0.00000 0.00000 -1.00000
vn 0.00000 0.00000 -1.00000
vn -0.98147 0.00224 -0.19161
vn -0.99973 0.00073 -0.02306
vn -0.98983 0.00360 -0.14222
vn -0.02796 0.80047 -0.59872
vn -0.02796 0.80047 -0.59872
vn -0.02796 0.80047 -0.59872
vn -0.02796 0.80047 -0.59872
vn -0.02796 0.80047 -0.59872
vn 0.12828 -0.91623 -0.37957
vn 0.12828 -0.91623 -0.37957
vn 0.12828 -0.91623 -0.37957
vn 0.12828 -0.91623 -0.37957
vn 0.00000 0.00000 -1.00000
vn 0.00000 0.00000 -1.00000
vn -0.00000 0.00000 -1.00000
vn 0.45138 0.04363 -0.89126
vn 0.45138 0.04363 -0.89126
vn 0.45138 0.04363 -0.89126
vn 0.45138 0.04363 -0.89126
vn 0.80145 -0.06328 -0.59471
vn 0.80145 -0.06328 -0.59471
vn 0.80145 -0.06328 -0.59471
vn 0.80145 -0.06328 -0.59471
vn -0.98307 -0.00340 -0.18321
vn -0.99048 -0.00399 -0.13762
vn 0.00927 0.94292 -0.33288
vn 0.00927 0.94292 -0.33288
vn 0.00927 0.94292 -0.33288
vn 0.00927 0.94292 -0.33288
vn -0.00000 0.00000 -1.00000
vn -0.00000 0.00000 -1.00000
vn -0.00000 0.00000 -1.00000
vn 0.00000 0.00000 -1.00000
vn -0.02144 -0.87262 -0.48794
vn -0.02144 -0.87262 -0.48794
vn -0.02144 -0.87262 -0.48794
vn -0.02144 -0.87262 -0.48794
vn -0.82503 0.05186 -0.56271
vn -0.82503 0.05186 -0.56271
vn -0.82503 0.05186 -0.56271
vn -0.82503 0.05186 -0.56271
vn -0.93218 -0.00948 0.36188
vn -0.93218 -0.00948 0.36188
vn -0.93218 -0.00948 0.36188
vn -0.93218 -0.00948 0.36188
vn 0.99999 -0.00513 -0.00000
vn 0.99999 -0.00513 -0.00000
vn 0.99999 -0.00513 -0.00000
vn 0.99999 -0.00513 -0.00000
vn 0.00647 0.99998 0.00000
vn 0.00501 0.99999 -0.00000
vn 0.00647 0.99998 0.00000
vn -0.00509 -0.99999 -0.00000
vn 0.00639 -0.99998 -0.00000
vn -0.00509 -0.99999 -0.00000
vn 0.00202 -0.96357 0.26746
vn 0.00183 -0.96378 0.26668
vn 0.00188 -0.96373 0.26688
vn 0.00202 -0.96357 0.26746
vn -0.06936 0.90131 0.42758
vn -0.06936 0.90131 0.42758
vn -0.06936 0.90131 0.42758
vn -0.06936 0.90131 0.42758
vn 0.00733 -0.99997 -0.00000
vn 0.00639 -0.99998 0.00000
vn 0.00733 -0.99997 -0.00000
vn 0.00215 -0.04865 0.99881
vn 0.00215 -0.04865 0.99881
vn 0.00215 -0.04865 0.99881
vn 0.00215 -0.04865 0.99881
vn 0.05098 0.80264 0.59428
vn 0.05098 0.80264 0.59428
vn 0.05098 0.80264 0.59428
vn 0.05098 0.80264 0.59428
vn 0.90538 -0.03783 0.42291
vn 0.90538 -0.03783 0.42291
vn 0.90538 -0.03783 0.42291
vn 0.90538 -0.03783 0.42291
vn -0.00238 -0.04838 0.99883
vn -0.00238 -0.04838 0.99883
vn -0.00238 -0.04838 0.99883
vn -0.00238 -0.04838 0.99883
vn -0.00238 -0.04838 0.99883
vn 0.99999 -0.00457 -0.00000
vn 0.99999 -0.00457 -0.00000
vn 0.99999 -0.00457 -0.00000
vn 0.99999 -0.00457 -0.00000
vn 0.00501 0.99999 0.00000
vn -0.00172 1.00000 0.00000
vn -0.00172 1.00000 0.00000
vn -0.00646 -0.97284 0.23138
vn -0.00646 -0.97284 0.23138
vn -0.00646 -0.97284 0.23138
vn 0.97681 -0.00642 -0.21401
vn 0.97681 -0.00642 -0.21401
vn 0.96901 0.00188 -0.24702
vn 0.96900 0.00189 -0.24707
vn 0.97681 -0.00642 -0.21401
vn 0.07655 0.91681 -0.39191
vn 0.07655 0.91681 -0.39191
vn 0.07655 0.91681 -0.39191
vn 0.07655 0.91681 -0.39191
vn -0.91398 -0.07105 0.39948
vn -0.91398 -0.07105 0.39948
vn -0.91398 -0.07105 0.39948
vn -0.91398 -0.07105 0.39948
vn 0.96899 0.00189 0.24708
vn 0.97681 -0.00642 0.21401
vn 0.96883 0.00205 0.24771
vn 0.96883 0.00205 0.24771
vn -0.91398 -0.07106 -0.39948
vn -0.91398 -0.07106 -0.39948
vn -0.91398 -0.07106 -0.39948
vn -0.91398 -0.07106 -0.39948
vn 0.01934 -0.94080 -0.33840
vn 0.01934 -0.94080 -0.33840
vn 0.01934 -0.94080 -0.33840
vn 0.01934 -0.94080 -0.33840
vn 0.11125 -0.01095 -0.99373
vn 0.11125 -0.01095 -0.99373
vn 0.11125 -0.01095 -0.99373
vn 0.11125 -0.01095 -0.99373
vn 0.11125 -0.01095 -0.99373
vn -1.00000 0.00000 0.00000
vn -1.00000 0.00000 0.00000
vn -1.00000 0.00000 0.00000
vn -1.00000 0.00000 0.00000
vn -0.99998 0.00652 -0.00000
vn -0.99999 0.00501 0.00000
vn -0.99998 0.00652 -0.00000
vn 0.11482 0.00936 -0.99334
vn 0.11482 0.00936 -0.99334
vn 0.11482 0.00936 -0.99334
vn 0.11482 0.00936 -0.99334
vn 0.96883 0.00205 -0.24771
vn 0.96883 0.00205 -0.24771
vn 0.01934 -0.94080 0.33840
vn 0.01934 -0.94080 0.33840
vn 0.01934 -0.94080 0.33840
vn 0.01934 -0.94080 0.33840
vn -0.88386 0.28363 0.37196
vn -0.90959 0.28396 0.30335
vn -0.90959 0.28396 0.30335
vn 0.99997 0.00725 0.00000
vn 0.99997 0.00725 0.00000
vn 0.99997 0.00725 0.00000
vn 0.99997 0.00725 0.00000
vn -0.01550 0.94420 0.32901
vn -0.01550 0.94420 0.32901
vn -0.01550 0.94420 0.32901
vn -0.01550 0.94420 0.32901
vn 0.87175 0.04810 0.48758
vn 0.87175 0.04810 0.48758
vn 0.87175 0.04810 0.48758
vn 0.87175 0.04810 0.48758
vn 0.99999 0.00497 0.00000
vn 0.99999 0.00497 0.00000
vn 0.99999 0.00497 0.00000
vn -0.01615 -0.87815 0.47812
vn -0.01615 -0.87815 0.47812
vn -0.01615 -0.87815 0.47812
vn -0.01615 -0.87815 0.47812
vn 0.00219 -1.00000 -0.00000
vn 0.00219 -1.00000 -0.00000
vn 0.00219 -1.00000 -0.00000
vn 0.00219 -1.00000 -0.00000
vn 0.00004 0.05650 0.99840
vn 0.00004 0.05650 0.99840
vn -0.00089 0.05664 0.99839
vn -0.00032 1.00000 0.00000
vn -0.00032 1.00000 0.00000
vn -0.00032 1.00000 0.00000
vn -0.00032 1.00000 0.00000
vn 0.99999 0.00496 0.00000
vn 0.99999 0.00497 0.00000
vn 0.99999 0.00496 0.00000
vn -0.96240 0.27162 0.00000
vn -0.96258 0.27101 -0.00000
vn -0.96240 0.27162 0.00000
vn -0.00095 0.05665 0.99839
vn -0.00095 0.05665 0.99839
vn -0.00046 0.05658 0.99840
vn -0.96258 0.27101 0.00000
vn -0.96331 0.26840 0.00000
vn -0.96331 0.26840 0.00000
vn 0.00352 0.93299 0.35988
vn 0.00352 0.93299 0.35988
vn 0.00352 0.93299 0.35988
vn 0.00352 0.93299 0.35988
vn 0.96521 0.00751 0.26135
vn 0.96521 0.00751 0.26135
vn 0.96521 0.00751 0.26135
vn 0.96521 0.00751 0.26135
vn 1.00000 0.00021 0.00000
vn 1.00000 0.00021 0.00000
vn 1.00000 0.00021 0.00000
vn 1.00000 0.00021 0.00000
vn 0.01642 0.00002 0.99987
vn 0.01642 0.00002 0.99987
vn 0.01642 0.00002 0.99987
vn 0.01642 0.00002 0.99987
vn 0.01092 -0.92324 0.38407
vn 0.01092 -0.92324 0.38407
vn 0.01092 -0.92324 0.38407
vn 0.01092 -0.92324 0.38407
vn -0.88809 0.01543 0.45941
vn -0.88809 0.01543 0.45941
vn -0.88809 0.01543 0.45941
vn -0.88809 0.01543 0.45941
vn -0.99993 0.01153 0.00000
vn -0.99993 0.01153 0.00000
vn -0.99993 0.01153 0.00000
vn -0.99993 0.01153 0.00000
vn 0.00486 -0.99999 -0.00000
vn 0.00486 -0.99999 -0.00000
vn 0.00486 -0.99999 -0.00000
vn 0.00486 -0.99999 -0.00000
vn -0.00000 1.00000 0.00000
vn -0.00000 1.00000 0.00000
vn -0.00000 1.00000 0.00000
vn -0.00000 1.00000 0.00000
vn 0.00236 0.04985 0.99875
vn 0.00236 0.04985 0.99875
vn 0.00236 0.04985 0.99875
vn 0.00236 0.04985 0.99875
vn 0.00236 0.04985 0.99875
vn 0.93095 0.00983 0.36501
vn 0.93095 0.00983 0.36501
vn 0.93095 0.00983 0.36501
vn 0.93095 0.00983 0.36501
vn -0.89124 0.01692 0.45322
vn -0.89124 0.01692 0.45322
vn -0.89124 0.01692 0.45322
vn -0.89124 0.01692 0.45322
vn 0.04768 -0.90601 0.42056
vn 0.04768 -0.90601 0.42056
vn 0.04768 -0.90601 0.42056
vn 0.04768 -0.90601 0.42056
vn -0.05881 -0.80372 0.59210
vn -0.05881 -0.80372 0.59210
vn -0.05881 -0.80372 0.59210
vn -0.05881 -0.80372 0.59210
vn -0.00128 0.97651 0.21548
vn -0.00021 0.98571 0.16845
vn 0.00248 0.99879 0.04915
vn -0.00128 0.97651 0.21548
vn -0.00128 0.97651 0.21548
vn -0.00472 0.99999 0.00000
vn -0.00472 0.99999 0.00000
vn -0.00472 0.99999 0.00000
vn -0.00472 0.99999 0.00000
vn -0.99970 -0.02467 -0.00000
vn -0.99970 -0.02467 -0.00000
vn -0.99970 -0.02467 -0.00000
vn -0.99970 -0.02467 -0.00000
vn -0.02925 -0.99957 -0.00000
vn -0.02925 -0.99957 -0.00000
vn -0.02925 -0.99957 -0.00000
vn -0.02925 -0.99957 -0.00000
vn -0.00142 0.04959 0.99877
vn -0.00142 0.04959 0.99877
vn -0.00142 0.04959 0.99877
vn -0.00142 0.04959 0.99877
vn -0.00142 0.04959 0.99877
vn -0.00021 0.98571 -0.16845
vn 0.00402 0.97821 -0.20756
vn 0.00402 0.97821 0.20756
vn 0.00402 0.97821 0.20756
vn 0.00402 0.97821 0.20756
vn 0.00402 0.97821 0.20756
vn 0.00402 0.97821 0.20756
vn 1.00000 0.00000 0.00000
vn 1.00000 0.00000 0.00000
vn 1.00000 0.00000 0.00000
vn 1.00000 0.00000 0.00000
vn -0.00457 -0.99999 -0.00000
vn -0.00457 -0.99999 -0.00000
vn -0.00457 -0.99999 -0.00000
vn -0.00457 -0.99999 -0.00000
vn 0.27779 -0.64619 -0.71082
vn 0.27779 -0.64619 -0.71082
vn 0.27779 -0.64619 -0.71082
vn 0.27779 -0.64619 -0.71082
vn -0.00401 -0.05238 -0.99862
vn -0.00401 -0.05238 -0.99862
vn -0.00401 -0.05238 -0.99862
vn -0.00401 -0.05238 -0.99862
vn 0.04689 0.99890 0.00000
vn 0.04689 0.99890 0.00000
vn 0.04689 0.99890 0.00000
vn 0.04689 0.99890 0.00000
vn -0.77834 -0.53168 -0.33392
vn -0.77834 -0.53168 -0.33392
vn -0.77834 -0.53168 -0.33392
vn -0.77834 -0.53168 -0.33392
vn 0.89123 -0.01776 -0.45321
vn 0.89123 -0.01776 -0.45321
vn 0.89123 -0.01776 -0.45321
vn 0.89123 -0.01776 -0.45321
vn -0.04387 0.91017 -0.41191
vn -0.04387 0.91017 -0.41191
vn -0.04387 0.91017 -0.41191
vn -0.04387 0.91017 -0.41191
vn 0.09456 0.79796 -0.59525
vn 0.09456 0.79796 -0.59525
vn 0.09456 0.79796 -0.59525
vn 0.09456 0.79796 -0.59525
vn 0.00337 -0.97686 -0.21383
vn -0.00668 -0.96547 -0.26041
vn -0.00191 -0.97118 -0.23835
vn 0.00337 -0.97686 -0.21383
vn 0.00723 -0.99997 -0.00000
vn 0.00723 -0.99997 -0.00000
vn 0.00723 -0.99997 -0.00000
vn 0.00723 -0.99997 -0.00000
vn 0.99966 0.02589 0.00000
vn 0.99966 0.02589 0.00000
vn 0.99966 0.02589 0.00000
vn 0.99966 0.02589 0.00000
vn -0.12155 -0.66767 -0.73447
vn -0.12155 -0.66767 -0.73447
vn -0.12155 -0.66767 -0.73447
vn -0.12155 -0.66767 -0.73447
vn 0.00206 -0.05135 -0.99868
vn 0.00206 -0.05135 -0.99868
vn 0.00206 -0.05135 -0.99868
vn 0.00206 -0.05135 -0.99868
vn 0.00206 -0.05135 -0.99868
vn -0.00837 -0.99996 -0.00000
vn -0.00837 -0.99996 -0.00000
vn -0.00837 -0.99996 -0.00000
vn -0.00837 -0.99996 -0.00000
vn 0.00337 -0.97686 -0.21383
vn -0.00697 -0.96511 -0.26176
vn -0.00697 -0.96511 -0.26176
vn -0.83323 -0.55293 -0.00000
vn -0.83323 -0.55293 -0.00000
vn -0.83323 -0.55293 -0.00000
vn -0.83323 -0.55293 -0.00000
vn -0.85038 -0.34135 -0.40043
vn -0.85038 -0.34135 -0.40043
vn -0.85038 -0.34135 -0.40043
vn -0.85038 -0.34135 -0.40043
vn 0.00404 0.99999 0.00000
vn 0.00404 0.99999 0.00000
vn 0.00404 0.99999 0.00000
vn 0.00404 0.99999 0.00000
vn -0.01447 -0.94326 -0.33175
vn -0.01447 -0.94326 -0.33175
vn -0.01447 -0.94326 -0.33175
vn -0.01447 -0.94326 -0.33175
vn 0.82438 -0.05285 -0.56356
vn 0.82438 -0.05285 -0.56356
vn 0.82438 -0.05285 -0.56356
vn 0.82438 -0.05285 -0.56356
vn 1.00000 -0.00000 -0.00000
vn 1.00000 -0.00000 -0.00000
vn 1.00000 -0.00000 -0.00000
vn 1.00000 -0.00000 -0.00000
vn -0.01461 0.87549 -0.48302
vn -0.01461 0.87549 -0.48302
vn -0.01461 0.87549 -0.48302
vn -0.01461 0.87549 -0.48302
vn 0.00197 1.00000 0.00000
vn 0.00197 1.00000 0.00000
vn 0.00197 1.00000 0.00000
vn 0.00197 1.00000 0.00000
vn -0.00057 -0.05583 -0.99844
vn -0.00057 -0.05583 -0.99844
vn -0.00057 -0.05583 -0.99844
vn -0.00057 -0.05583 -0.99844
vn -0.00029 -1.00000 -0.00000
vn -0.00029 -1.00000 -0.00000
vn -0.00029 -1.00000 -0.00000
vn -0.00029 -1.00000 -0.00000
vn 0.00349 0.05253 -0.99861
vn 0.00349 0.05253 -0.99861
vn 0.00349 0.05253 -0.99861
vn 0.00349 0.05253 -0.99861
vn 0.00349 0.05253 -0.99861
vn 0.92630 0.01097 -0.37662
vn 0.92630 0.01097 -0.37662
vn 0.92630 0.01097 -0.37662
vn 0.92630 0.01097 -0.37662
vn -0.88214 -0.07447 -0.46507
vn -0.88214 -0.07447 -0.46507
vn -0.88214 -0.07447 -0.46507
vn -0.88214 -0.07447 -0.46507
vn 0.04332 -0.91356 -0.40439
vn 0.04332 -0.91356 -0.40439
vn 0.04332 -0.91356 -0.40439
vn 0.04332 -0.91356 -0.40439
vn -0.09456 -0.79795 -0.59525
vn -0.09456 -0.79795 -0.59525
vn -0.09456 -0.79795 -0.59525
vn -0.09456 -0.79795 -0.59525
vn -0.00112 0.98233 -0.18715
vn 0.00195 0.98021 -0.19797
vn -0.00103 0.99938 -0.03519
vn -0.00580 0.99998 0.00000
vn -0.00580 0.99998 0.00000
vn -0.99201 -0.12619 -0.00000
vn -0.99201 -0.12619 -0.00000
vn -0.99201 -0.12619 -0.00000
vn -0.99201 -0.12619 -0.00000
vn -0.04690 -0.99890 -0.00000
vn -0.04690 -0.99890 -0.00000
vn -0.04690 -0.99890 -0.00000
vn -0.04690 -0.99890 -0.00000
vn -0.00133 0.05203 -0.99864
vn -0.00133 0.05203 -0.99864
vn -0.00133 0.05203 -0.99864
vn -0.00133 0.05203 -0.99864
vn -0.00133 0.05203 -0.99864
vn -0.00017 0.98917 -0.14679
vn 0.00508 0.97791 -0.20897
vn 0.00508 0.97791 -0.20897
vn -0.00112 0.98233 -0.18715
vn 0.00508 0.97791 -0.20897
vn 1.00000 -0.00000 -0.00000
vn 1.00000 -0.00000 -0.00000
vn 1.00000 -0.00000 -0.00000
vn 1.00000 -0.00000 -0.00000
vn -0.00413 -0.99999 -0.00000
vn -0.00413 -0.99999 -0.00000
vn -0.00413 -0.99999 -0.00000
vn -0.00413 -0.99999 -0.00000
vn 0.06384 -0.81924 -0.56988
vn 0.06384 -0.81924 -0.56988
vn 0.06384 -0.81924 -0.56988
vn 0.06384 -0.81924 -0.56988
vn -0.93214 0.00965 0.36196
vn -0.93214 0.00965 0.36196
vn -0.93214 0.00965 0.36196
vn -0.93214 0.00965 0.36196
vn 0.01932 -0.99981 -0.00000
vn 0.01932 -0.99981 -0.00000
vn 0.01932 -0.99981 -0.00000
vn 0.01932 -0.99981 -0.00000
vn 0.00607 -0.99998 -0.00000
vn 0.00473 -0.99999 -0.00000
vn 0.00607 -0.99998 -0.00000
vn -0.93836 -0.34567 -0.00000
vn -0.93836 -0.34567 -0.00000
vn -0.93836 -0.34567 -0.00000
vn -0.93836 -0.34567 -0.00000
vn 0.00191 0.96883 0.24771
vn 0.00191 0.96883 0.24771
vn 0.00191 0.96883 0.24771
vn 0.00191 0.96883 0.24771
vn -0.06616 -0.91429 0.39962
vn -0.06616 -0.91429 0.39962
vn -0.06616 -0.91429 0.39962
vn -0.06616 -0.91429 0.39962
vn 0.00599 0.99998 0.00000
vn 0.00599 0.99998 -0.00000
vn -0.00478 0.99999 0.00000
vn -0.00478 0.99999 0.00000
vn 0.00687 0.99998 0.00000
vn 0.00687 0.99998 0.00000
vn 0.00183 0.04930 0.99878
vn 0.00183 0.04930 0.99878
vn 0.00183 0.04930 0.99878
vn 0.00183 0.04930 0.99878
vn 0.04872 -0.82606 0.56148
vn 0.04872 -0.82606 0.56148
vn 0.04872 -0.82606 0.56148
vn 0.04872 -0.82606 0.56148
vn 0.92369 0.03466 0.38156
vn 0.92369 0.03466 0.38156
vn 0.92369 0.03466 0.38156
vn 0.92369 0.03466 0.38156
vn -0.00193 0.04910 0.99879
vn -0.00193 0.04910 0.99879
vn -0.00193 0.04910 0.99879
vn -0.00193 0.04910 0.99879
vn -0.00193 0.04910 0.99879
vn 0.99999 0.00467 0.00000
vn 0.99999 0.00467 0.00000
vn 0.99999 0.00467 0.00000
vn 0.99999 0.00467 0.00000
vn -0.00161 -1.00000 -0.00000
vn 0.00473 -0.99999 -0.00000
vn -0.00161 -1.00000 -0.00000
vn -0.00602 0.97685 0.21385
vn -0.00602 0.97685 0.21385
vn -0.00602 0.97685 0.21385
vn -0.00602 0.97685 0.21385
vn -0.00602 0.97685 0.21385
vn -0.00850 0.96607 -0.25813
vn -0.00850 0.96607 -0.25813
vn -0.00850 0.96607 -0.25813
vn -0.00850 0.96607 -0.25813
vn 0.92369 0.03466 -0.38156
vn 0.92369 0.03466 -0.38156
vn 0.92369 0.03466 -0.38156
vn 0.92369 0.03466 -0.38156
vn -0.27725 -0.87668 0.39314
vn -0.27725 -0.87668 0.39314
vn -0.27725 -0.87668 0.39314
vn -0.27725 -0.87668 0.39314
vn 0.00831 0.96889 0.24736
vn 0.00831 0.96889 0.24736
vn 0.00831 0.96889 0.24736
vn 0.00831 0.96889 0.24736
vn -0.27725 -0.87668 -0.39314
vn -0.27725 -0.87668 -0.39314
vn -0.27725 -0.87668 -0.39314
vn -0.27725 -0.87668 -0.39314
vn -0.93214 0.00965 -0.36197
vn -0.93214 0.00965 -0.36197
vn -0.93214 0.00965 -0.36197
vn -0.93214 0.00965 -0.36197
vn -0.00256 0.04906 -0.99879
vn -0.00256 0.04906 -0.99879
vn -0.00256 0.04906 -0.99879
vn -0.00256 0.04906 -0.99879
vn -1.00000 -0.00000 -0.00000
vn -1.00000 -0.00000 -0.00000
vn -1.00000 -0.00000 -0.00000
vn -1.00000 -0.00000 -0.00000
vn -0.93214 0.00965 0.36197
vn -0.93214 0.00965 0.36197
vn -0.93214 0.00965 0.36197
vn -0.93214 0.00965 0.36197
vn 0.01298 0.04940 -0.99869
vn 0.01298 0.04940 -0.99869
vn 0.01298 0.04940 -0.99869
vn 0.01298 0.04940 -0.99869
vn 0.00831 0.96889 -0.24736
vn 0.00831 0.96889 -0.24736
vn 0.00831 0.96889 -0.24736
vn 0.00831 0.96889 -0.24736
vn -0.01622 0.99987 0.00000
vn -0.01622 0.99987 0.00000
vn -0.01622 0.99987 0.00000
vn -0.01622 0.99987 0.00000
vn -0.00000 1.00000 0.00000
vn -0.00000 1.00000 0.00000
vn -0.00000 1.00000 0.00000
vn -0.98147 0.00224 0.19161
vn -0.98983 0.00360 0.14222
vn -0.99973 0.00073 0.02306
vn -0.98229 -0.00062 0.18735
vn 0.99999 -0.00460 -0.00000
vn 0.99999 -0.00384 0.00000
vn 0.99999 -0.00460 -0.00000
vn -0.02796 0.80047 0.59872
vn -0.02796 0.80047 0.59872
vn -0.02796 0.80047 0.59872
vn -0.02796 0.80047 0.59872
vn -0.02796 0.80047 0.59872
vn 0.00000 -1.00000 -0.00000
vn 0.00000 -1.00000 -0.00000
vn 0.00000 -1.00000 -0.00000
vn 0.12828 -0.91623 0.37957
vn 0.12828 -0.91623 0.37957
vn 0.12828 -0.91623 0.37957
vn 0.12828 -0.91623 0.37957
vn 0.00000 -0.00000 1.00000
vn -0.00000 -0.00000 1.00000
vn -0.00000 -0.00000 1.00000
vn 0.00000 -0.00000 1.00000
vn 0.00000 -0.00000 1.00000
vn 0.00000 -0.00000 1.00000
vn 0.00000 -0.00000 1.00000
vn 0.00000 -0.00000 1.00000
vn 0.00000 -0.00000 1.00000
vn 0.00000 -1.00000 -0.00000
vn 0.00000 -1.00000 -0.00000
vn 0.00000 -1.00000 -0.00000
vn 0.45138 0.04363 0.89126
vn 0.45138 0.04363 0.89126
vn 0.45138 0.04363 0.89126
vn 0.45138 0.04363 0.89126
vn 0.80145 -0.06328 0.59471
vn 0.80145 -0.06328 0.59471
vn 0.80145 -0.06328 0.59471
vn 0.80145 -0.06328 0.59471
vn 0.00896 0.99996 0.00000
vn 0.00896 0.99996 0.00000
vn 0.00896 0.99996 0.00000
vn 0.00896 0.99996 0.00000
vn -0.00000 1.00000 0.00000
vn -0.00000 1.00000 0.00000
vn -0.00000 1.00000 0.00000
vn -0.98307 -0.00340 0.18321
vn -0.99048 -0.00399 0.13762
vn 0.00927 0.94292 0.33288
vn 0.00927 0.94292 0.33288
vn 0.00927 0.94292 0.33288
vn 0.00927 0.94292 0.33288
vn -0.00000 -0.00000 1.00000
vn -0.02144 -0.87262 0.48794
vn -0.02144 -0.87262 0.48794
vn -0.02144 -0.87262 0.48794
vn -0.02144 -0.87262 0.48794
vn -0.98229 -0.00062 -0.18735
vn -0.04134 0.83703 -0.54559
vn -0.04134 0.83703 -0.54559
vn -0.04134 0.83703 -0.54559
vn -0.04134 0.83703 -0.54559
vn -0.90183 -0.09628 -0.42124
vn -0.90183 -0.09628 -0.42124
vn -0.90183 -0.09628 -0.42124
vn -0.90183 -0.09628 -0.42124
vn -0.00347 -0.12185 -0.99254
vn -0.00347 -0.12185 -0.99254
vn -0.00347 -0.12185 -0.99254
vn -0.00347 -0.12185 -0.99254
vn 0.03083 -0.94406 -0.32832
vn 0.03083 -0.94406 -0.32832
vn 0.03083 -0.94406 -0.32832
vn 0.03083 -0.94406 -0.32832
vn 0.08230 -0.99661 -0.00000
vn 0.08230 -0.99661 -0.00000
vn 0.08230 -0.99661 -0.00000
vn 0.08230 -0.99661 -0.00000
vn -0.04134 0.83703 0.54559
vn -0.04134 0.83703 0.54559
vn -0.04134 0.83703 0.54559
vn -0.04134 0.83703 0.54559
vn -0.90182 -0.09628 0.42124
vn -0.90182 -0.09628 0.42124
vn -0.90182 -0.09628 0.42124
vn -0.90182 -0.09628 0.42124
vn -0.00347 -0.12185 0.99254
vn -0.00347 -0.12185 0.99254
vn -0.00347 -0.12185 0.99254
vn -0.00347 -0.12185 0.99254
vn -0.99994 -0.01068 -0.00000
vn -0.99994 -0.01068 -0.00000
vn -0.99994 -0.01068 -0.00000
vn -0.99994 -0.01068 -0.00000
vn -0.00000 1.00000 0.00000
vn 0.00126 1.00000 0.00000
vn 0.00126 1.00000 0.00000
vn 0.03083 -0.94406 0.32832
vn 0.03083 -0.94406 0.32832
vn 0.03083 -0.94406 0.32832
vn 0.03083 -0.94406 0.32832
vn 0.52881 -0.84066 -0.11685
vn 0.52881 -0.84066 -0.11685
vn 0.52881 -0.84066 -0.11685
vn 0.52881 -0.84066 -0.11685
vn 0.52881 -0.84065 0.11685
vn 0.52881 -0.84065 0.11685
vn 0.52881 -0.84065 0.11685
vn 0.52881 -0.84065 0.11685
vn 0.54854 -0.83612 -0.00000
vn 0.54854 -0.83612 -0.00000
vn 0.54854 -0.83612 -0.00000
vn 0.54854 -0.83612 -0.00000
vn -1.00000 0.00017 0.00000
vn -1.00000 0.00017 0.00000
vn -1.00000 0.00017 0.00000
vn -1.00000 0.00017 0.00000
vn -0.96249 0.00679 0.27124
vn -0.96249 0.00679 0.27124
vn -0.96249 0.00679 0.27124
vn -0.96249 0.00679 0.27124
vn -0.96249 0.00679 -0.27124
vn -0.96249 0.00679 -0.27124
vn -0.96249 0.00679 -0.27124
vn -0.96249 0.00679 -0.27124
vn -0.01359 0.00017 -0.99991
vn -0.01359 0.00017 -0.99991
vn -0.01359 0.00017 -0.99991
vn -0.01359 0.00017 0.99991
vn -0.01359 0.00017 0.99991
vn -0.01359 0.00017 0.99991
vn -0.00000 1.00000 0.00000
vn -0.00000 1.00000 0.00000
vn -0.00000 1.00000 0.00000
vn -0.00000 1.00000 0.00000
vn -0.00187 0.94720 0.32063
vn -0.00187 0.94720 0.32063
vn -0.00187 0.94720 0.32063
vn -0.00187 0.94720 0.32063
vn -0.00187 0.94720 -0.32063
vn -0.00187 0.94720 -0.32063
vn -0.00187 0.94720 -0.32063
vn -0.00187 0.94720 -0.32063
vn -0.00325 0.98166 0.19061
vn -0.00075 0.97586 0.21840
vn -0.00325 0.98166 0.19061
vn -0.00325 0.98166 -0.19061
vn -0.00053 0.99921 -0.03962
vn -0.00160 0.98916 -0.14681
vn 0.93244 -0.01697 -0.36092
vn 0.93244 -0.01697 -0.36092
vn 0.93244 -0.01697 -0.36092
vn 0.93244 -0.01697 -0.36092
vn 0.45789 -0.85455 -0.24511
vn 0.45789 -0.85455 -0.24511
vn 0.45789 -0.85455 -0.24511
vn 0.45789 -0.85455 -0.24511
vn 0.06616 0.91429 -0.39961
vn 0.06616 0.91429 -0.39961
vn 0.06616 0.91429 -0.39961
vn 0.06616 0.91429 -0.39961
vn 0.00691 -0.05547 -0.99844
vn 0.00691 -0.05547 -0.99844
vn 0.00691 -0.05547 -0.99844
vn 0.00691 -0.05547 -0.99844
vn -0.04828 0.82517 -0.56282
vn -0.04828 0.82517 -0.56282
vn -0.04828 0.82517 -0.56282
vn -0.04828 0.82517 -0.56282
vn -0.90527 -0.04106 -0.42285
vn -0.90527 -0.04106 -0.42285
vn -0.90527 -0.04106 -0.42285
vn -0.90527 -0.04106 -0.42285
vn 0.00126 -0.05208 -0.99864
vn 0.00126 -0.05208 -0.99864
vn 0.00126 -0.05208 -0.99864
vn 0.00126 -0.05208 -0.99864
vn 0.00126 -0.05208 -0.99864
vn -0.00679 -0.96901 -0.24692
vn -0.00679 -0.96901 -0.24692
vn -0.00679 -0.96901 -0.24692
vn -0.00679 -0.96901 -0.24692
vn -0.00679 -0.96901 -0.24692
vn 0.11185 -0.83179 0.54371
vn 0.11185 -0.83179 0.54371
vn 0.11185 -0.83179 0.54371
vn 0.11185 -0.83179 0.54371
vn 0.10708 -0.99425 -0.00000
vn 0.10708 -0.99425 -0.00000
vn 0.10708 -0.99425 -0.00000
vn 0.10708 -0.99425 -0.00000
vn -0.00053 0.99921 0.03962
vn 0.00191 0.96883 0.24771
vn 0.00191 0.96883 0.24771
vn 0.99985 -0.01760 -0.00000
vn 0.99985 -0.01760 -0.00000
vn 0.99985 -0.01760 -0.00000
vn 0.99985 -0.01760 -0.00000
vn -0.99998 0.00646 0.00000
vn -0.99998 0.00646 0.00000
vn -0.99998 0.00646 0.00000
vn -0.99998 0.00646 0.00000
vn -0.00966 0.10300 0.99463
vn -0.00966 0.10300 0.99463
vn -0.00966 0.10300 0.99463
vn -0.00966 0.10300 0.99463
vn -0.00966 0.10300 0.99463
vn 0.93159 0.01073 -0.36336
vn 0.93159 0.01073 -0.36336
vn 0.93159 0.01073 -0.36336
vn 0.93159 0.01073 -0.36336
vn 0.01433 0.94423 -0.32898
vn 0.01433 0.94423 -0.32898
vn 0.01433 0.94423 -0.32898
vn 0.01433 0.94423 -0.32898
vn -0.92245 0.03768 -0.38427
vn -0.92245 0.03768 -0.38427
vn -0.92245 0.03768 -0.38427
vn -0.92245 0.03768 -0.38427
vn 0.01805 -0.87806 -0.47822
vn 0.01805 -0.87806 -0.47822
vn 0.01805 -0.87806 -0.47822
vn 0.01805 -0.87806 -0.47822
vn 0.00063 0.05650 -0.99840
vn 0.00063 0.05650 -0.99840
vn 0.00063 0.05650 -0.99840
vn 0.00063 0.05650 -0.99840
vn -0.00371 0.93298 -0.35991
vn -0.00371 0.93298 -0.35991
vn -0.00371 0.93298 -0.35991
vn -0.00371 0.93298 -0.35991
vn -0.97661 0.02320 -0.21377
vn -0.97661 0.02320 -0.21377
vn -0.97661 0.02320 -0.21377
vn -0.97661 0.02320 -0.21377
vn -0.01727 0.00045 -0.99985
vn -0.01727 0.00045 -0.99985
vn -0.01727 0.00045 -0.99985
vn -0.01727 0.00045 -0.99985
vn -0.01147 -0.92356 -0.38329
vn -0.01147 -0.92356 -0.38329
vn -0.01147 -0.92356 -0.38329
vn -0.01147 -0.92356 -0.38329
vn 0.88823 0.00404 -0.45939
vn 0.88823 0.00404 -0.45939
vn 0.88823 0.00404 -0.45939
vn 0.88823 0.00404 -0.45939
vn 0.11185 -0.83179 -0.54371
vn 0.11185 -0.83179 -0.54371
vn 0.11185 -0.83179 -0.54371
vn 0.11185 -0.83179 -0.54371
vn -0.00160 0.98916 0.14680
vn -0.00478 0.99999 0.00000
vn -0.00478 0.99999 0.00000
vn 0.93244 -0.01697 0.36092
vn 0.93244 -0.01697 0.36092
vn 0.93244 -0.01697 0.36092
vn 0.93244 -0.01697 0.36092
vn -0.00607 0.99998 0.00000
vn -0.00464 0.99999 0.00000
vn -0.00607 0.99998 0.00000
vn 0.41429 -0.91015 -0.00000
vn 0.41429 -0.91015 -0.00000
vn 0.41429 -0.91015 -0.00000
vn 0.41429 -0.91015 -0.00000
vn 0.45789 -0.85455 0.24511
vn 0.45789 -0.85455 0.24511
vn 0.45789 -0.85455 0.24511
vn 0.45789 -0.85455 0.24511
vn 0.06616 0.91429 0.39961
vn 0.06616 0.91429 0.39961
vn 0.06616 0.91429 0.39961
vn 0.06616 0.91429 0.39961
vn -0.01447 -0.99990 -0.00000
vn -0.01447 -0.99990 -0.00000
vn -0.01447 -0.99990 -0.00000
vn -0.01447 -0.99990 -0.00000
vn 0.00691 -0.05547 0.99844
vn 0.00691 -0.05547 0.99844
vn 0.00691 -0.05547 0.99844
vn 0.00691 -0.05547 0.99844
vn -0.04828 0.82517 0.56282
vn -0.04828 0.82517 0.56282
vn -0.04828 0.82517 0.56282
vn -0.04828 0.82517 0.56282
vn -0.90527 -0.04106 0.42285
vn -0.90527 -0.04106 0.42285
vn -0.90527 -0.04106 0.42285
vn -0.90527 -0.04106 0.42285
vn 0.00126 -0.05208 0.99864
vn 0.00126 -0.05208 0.99864
vn 0.00126 -0.05208 0.99864
vn 0.00126 -0.05208 0.99864
vn 0.00126 -0.05208 0.99864
vn -0.99999 -0.00496 -0.00000
vn -0.99999 -0.00496 -0.00000
vn -0.99999 -0.00496 -0.00000
vn -0.99999 -0.00496 -0.00000
vn -0.00464 0.99999 0.00000
vn 0.00159 1.00000 0.00000
vn 0.00159 1.00000 0.00000
vn -0.00679 -0.96901 0.24692
vn -0.00679 -0.96901 0.24692
vn -0.00679 -0.96901 0.24692
vn -0.00679 -0.96901 0.24692
vn -0.00679 -0.96901 0.24692
vn 0.33481 -0.90502 0.26239
vn 0.33481 -0.90502 0.26239
vn 0.33481 -0.90502 0.26239
vn 0.33481 -0.90502 0.26239
vn 0.88890 0.05309 -0.45502
vn 0.88890 0.05309 -0.45502
vn 0.88890 0.05309 -0.45502
vn 0.88890 0.05309 -0.45502
vn 0.88890 0.05309 0.45502
vn 0.88890 0.05309 0.45502
vn 0.88890 0.05309 0.45502
vn 0.88890 0.05309 0.45502
vn 0.33481 -0.90502 -0.26238
vn 0.33481 -0.90502 -0.26238
vn 0.33481 -0.90502 -0.26238
vn 0.33481 -0.90502 -0.26238
vn -0.92276 0.01351 -0.38514
vn -0.92276 0.01351 -0.38514
vn -0.92276 0.01351 -0.38514
vn -0.92276 0.01351 -0.38514
vn -0.00966 0.10300 -0.99463
vn -0.00966 0.10300 -0.99463
vn -0.00966 0.10300 -0.99463
vn -0.00966 0.10300 -0.99463
vn -0.00966 0.10300 -0.99463
vn 0.99999 -0.00498 -0.00000
vn 0.99999 -0.00498 -0.00000
vn 0.99999 -0.00498 -0.00000
vn 0.99999 -0.00498 -0.00000
vn -0.01411 0.07558 0.99704
vn -0.01411 0.07558 0.99704
vn -0.01411 0.07558 0.99704
vn -0.01411 0.07558 0.99704
vn -0.01411 0.07558 -0.99704
vn -0.01411 0.07558 -0.99704
vn -0.01411 0.07558 -0.99704
vn -0.01411 0.07558 -0.99704
vn -0.00075 0.97586 -0.21841
vn -0.00325 0.98166 -0.19061
vn 0.00191 0.96883 -0.24771
vn 0.00191 0.96883 -0.24771
vn 0.36168 -0.93230 -0.00000
vn 0.36168 -0.93230 -0.00000
vn 0.36168 -0.93230 -0.00000
vn 0.36168 -0.93230 -0.00000
vn 0.93159 0.01073 0.36336
vn 0.93159 0.01073 0.36336
vn 0.93159 0.01073 0.36336
vn 0.93159 0.01073 0.36336
vn -0.92276 0.01351 0.38514
vn -0.92276 0.01351 0.38514
vn -0.92276 0.01351 0.38514
vn -0.92276 0.01351 0.38514
vn 0.01433 0.94423 0.32897
vn 0.01433 0.94423 0.32897
vn 0.01433 0.94423 0.32897
vn 0.01433 0.94423 0.32897
vn -0.92245 0.03768 0.38427
vn -0.92245 0.03768 0.38427
vn -0.92245 0.03768 0.38427
vn -0.92245 0.03768 0.38427
vn -0.99999 0.00496 0.00000
vn -0.99999 0.00496 0.00000
vn -0.99999 0.00496 0.00000
vn -0.99999 0.00496 0.00000
vn 0.01805 -0.87806 0.47822
vn 0.01805 -0.87806 0.47822
vn 0.01805 -0.87806 0.47822
vn 0.01805 -0.87806 0.47822
vn -0.00244 -1.00000 -0.00000
vn -0.00244 -1.00000 -0.00000
vn -0.00244 -1.00000 -0.00000
vn -0.00244 -1.00000 -0.00000
vn 0.00063 0.05650 0.99840
vn 0.00063 0.05650 0.99840
vn 0.00063 0.05650 0.99840
vn 0.00063 0.05650 0.99840
vn -0.00371 0.93298 0.35991
vn -0.00371 0.93298 0.35991
vn -0.00371 0.93298 0.35991
vn -0.00371 0.93298 0.35991
vn 0.00029 1.00000 0.00000
vn 0.00029 1.00000 0.00000
vn 0.00029 1.00000 0.00000
vn 0.00029 1.00000 0.00000
vn -0.97661 0.02320 0.21377
vn -0.97661 0.02320 0.21377
vn -0.97661 0.02320 0.21377
vn -0.97661 0.02320 0.21377
vn -1.00000 0.00045 0.00000
vn -1.00000 0.00045 0.00000
vn -1.00000 0.00045 0.00000
vn -1.00000 0.00045 0.00000
vn -0.01727 0.00045 0.99985
vn -0.01727 0.00045 0.99985
vn -0.01727 0.00045 0.99985
vn -0.01727 0.00045 0.99985
vn -0.01147 -0.92356 0.38329
vn -0.01147 -0.92356 0.38329
vn -0.01147 -0.92356 0.38329
vn -0.01147 -0.92356 0.38329
vn 0.88823 0.00404 0.45939
vn 0.88823 0.00404 0.45939
vn 0.88823 0.00404 0.45939
vn 0.88823 0.00404 0.45939
vn 1.00000 -0.00030 -0.00000
vn 1.00000 -0.00030 -0.00000
vn 1.00000 -0.00030 -0.00000
vn 1.00000 -0.00030 -0.00000
vn -0.00514 -0.99999 -0.00000
vn -0.00514 -0.99999 -0.00000
vn -0.00514 -0.99999 -0.00000
vn -0.00514 -0.99999 -0.00000
vn -0.00000 1.00000 0.00000
vn -0.00000 1.00000 0.00000
vn -0.00000 1.00000 0.00000
vn -0.00000 1.00000 0.00000
vn 1.00000 0.00000 0.00000
vn 1.00000 0.00000 0.00000
vn 1.00000 0.00000 0.00000
vn 1.00000 0.00000 0.00000
vn -0.01645 0.05802 0.99818
vn -0.01645 0.05802 0.99818
vn -0.01645 0.05802 0.99818
vn -0.01645 0.05802 0.99818
vn 0.10630 -0.92525 0.36416
vn 0.10630 -0.92525 0.36416
vn 0.10630 -0.92525 0.36416
vn 0.10630 -0.92525 0.36416
vn -0.01694 -0.04597 0.99880
vn -0.01694 -0.04597 0.99880
vn -0.01694 -0.04597 0.99880
vn -0.01694 -0.04597 0.99880
vn -0.02306 0.89812 0.43914
vn -0.02306 0.89812 0.43914
vn -0.02306 0.89812 0.43914
vn -0.02306 0.89812 0.43914
vn -0.98844 -0.00247 0.15161
vn -0.99353 -0.00043 0.11358
vn -0.99997 -0.00094 0.00784
vn -0.98807 0.00179 0.15403
vn 0.93507 0.07276 0.34691
vn 0.93507 0.07276 0.34691
vn 0.93507 0.07276 0.34691
vn 0.93507 0.07276 0.34691
vn -0.01251 -0.02221 0.99968
vn -0.01251 -0.02221 0.99968
vn -0.01251 -0.02221 0.99968
vn -0.01251 -0.02221 0.99968
vn 0.86402 -0.05343 0.50062
vn 0.86402 -0.05343 0.50062
vn 0.86402 -0.05343 0.50062
vn 0.86402 -0.05343 0.50062
vn 0.13309 0.92906 0.34516
vn 0.13309 0.92906 0.34516
vn 0.13309 0.92906 0.34516
vn 0.13309 0.92906 0.34516
vn -0.04140 -0.83561 0.54776
vn -0.04140 -0.83561 0.54776
vn -0.04140 -0.83561 0.54776
vn -0.04140 -0.83561 0.54776
vn -0.01250 0.02709 0.99955
vn -0.01250 0.02709 0.99955
vn -0.01250 0.02709 0.99955
vn -0.01250 0.02709 0.99955
vn -0.98768 0.00593 0.15637
vn -0.98768 0.00593 0.15637
vn -0.00889 0.99996 0.00000
vn -0.00889 0.99996 0.00000
vn -0.00889 0.99996 0.00000
vn -0.00889 0.99996 0.00000
vn 0.93218 -0.00948 -0.36188
vn 0.93218 -0.00948 -0.36188
vn 0.93218 -0.00948 -0.36188
vn 0.93218 -0.00948 -0.36188
vn -0.00202 -0.96357 -0.26746
vn -0.00183 -0.96378 -0.26668
vn -0.00184 -0.96378 -0.26669
vn -0.00202 -0.96357 -0.26746
vn 0.06936 0.90131 -0.42758
vn 0.06936 0.90131 -0.42758
vn 0.06936 0.90131 -0.42758
vn 0.06936 0.90131 -0.42758
vn -0.00215 -0.04865 -0.99881
vn -0.00215 -0.04865 -0.99881
vn -0.00215 -0.04865 -0.99881
vn -0.00215 -0.04865 -0.99881
vn -0.05098 0.80264 -0.59428
vn -0.05098 0.80264 -0.59428
vn -0.05098 0.80264 -0.59428
vn -0.05098 0.80264 -0.59428
vn -0.90538 -0.03783 -0.42291
vn -0.90538 -0.03783 -0.42291
vn -0.90538 -0.03783 -0.42291
vn -0.90538 -0.03783 -0.42291
vn 0.00238 -0.04838 -0.99883
vn 0.00238 -0.04838 -0.99883
vn 0.00238 -0.04838 -0.99883
vn 0.00238 -0.04838 -0.99883
vn 0.00238 -0.04838 -0.99883
vn 0.00646 -0.97284 -0.23138
vn 0.00646 -0.97284 -0.23138
vn 0.00646 -0.97284 -0.23138
vn -0.11125 -0.01095 0.99373
vn -0.11125 -0.01095 0.99373
vn -0.11125 -0.01095 0.99373
vn -0.11125 -0.01095 0.99373
vn -0.11125 -0.01095 0.99373
vn 0.00000 -1.00000 -0.00000
vn 0.00000 -1.00000 -0.00000
vn 0.00000 -1.00000 -0.00000
vn 0.00000 -1.00000 -0.00000
vn -0.97681 -0.00642 0.21401
vn -0.96899 0.00189 0.24708
vn -0.97681 -0.00642 0.21401
vn -0.97681 -0.00642 0.21401
vn -0.96901 0.00188 0.24702
vn 0.82503 0.05186 0.56271
vn 0.82503 0.05186 0.56271
vn 0.82503 0.05186 0.56271
vn 0.82503 0.05186 0.56271
vn -0.07655 0.91681 0.39191
vn -0.07655 0.91681 0.39191
vn -0.07655 0.91681 0.39191
vn -0.07655 0.91681 0.39191
vn 1.00000 -0.00170 -0.00000
vn 1.00000 -0.00170 -0.00000
vn 0.99999 0.00501 -0.00000
vn -0.11482 0.00936 0.99334
vn -0.11482 0.00936 0.99334
vn -0.11482 0.00936 0.99334
vn -0.11482 0.00936 0.99334
vn 0.90959 0.28396 -0.30335
vn 0.88881 0.28380 -0.35983
vn 0.90546 0.28401 -0.31541
vn 0.01550 0.94420 -0.32901
vn 0.01550 0.94420 -0.32901
vn 0.01550 0.94420 -0.32901
vn 0.01550 0.94420 -0.32901
vn -0.87175 0.04810 -0.48758
vn -0.87175 0.04810 -0.48758
vn -0.87175 0.04810 -0.48758
vn -0.87175 0.04810 -0.48758
vn 0.01615 -0.87815 -0.47812
vn 0.01615 -0.87815 -0.47812
vn 0.01615 -0.87815 -0.47812
vn 0.01615 -0.87815 -0.47812
vn -0.00004 0.05650 -0.99840
vn 0.00089 0.05664 -0.99839
vn -0.00004 0.05650 -0.99840
vn 0.00046 0.05658 -0.99840
vn 0.00095 0.05665 -0.99839
vn 0.00095 0.05665 -0.99839
vn -0.93796 0.03374 0.34510
vn -0.93796 0.03374 0.34510
vn -0.93796 0.03374 0.34510
vn -0.93796 0.03374 0.34510
vn 0.88386 0.28363 0.37196
vn 0.90546 0.28401 0.31542
vn 0.88386 0.28363 0.37196
vn 0.90959 0.28396 -0.30335
vn 0.88386 0.28363 -0.37196
vn 0.88386 0.28363 -0.37196
vn -0.93796 0.03374 -0.34510
vn -0.93796 0.03374 -0.34510
vn -0.93796 0.03374 -0.34510
vn -0.93796 0.03374 -0.34510
vn -0.94515 0.00916 0.32652
vn -0.94515 0.00916 0.32652
vn -0.94515 0.00916 0.32652
vn -0.94515 0.00916 0.32652
vn 0.00217 0.96799 0.25098
vn 0.00217 0.96799 0.25098
vn -0.00125 0.99924 0.03903
vn -0.07517 -0.91164 0.40405
vn -0.07517 -0.91164 0.40405
vn -0.07517 -0.91164 0.40405
vn -0.07517 -0.91164 0.40405
vn 0.00247 0.05207 0.99864
vn 0.00247 0.05207 0.99864
vn 0.00247 0.05207 0.99864
vn 0.00247 0.05207 0.99864
vn 0.03815 -0.82785 0.55965
vn 0.03815 -0.82785 0.55965
vn 0.03815 -0.82785 0.55965
vn 0.03815 -0.82785 0.55965
vn 0.59106 -0.52873 0.60918
vn 0.59106 -0.52873 0.60918
vn 0.59106 -0.52873 0.60918
vn 0.59106 -0.52873 0.60918
vn -0.00338 0.05325 0.99858
vn -0.00338 0.05325 0.99858
vn -0.00338 0.05325 0.99858
vn -0.00338 0.05325 0.99858
vn -0.00338 0.05325 0.99858
vn -0.00338 0.05325 0.99858
vn -0.00352 0.93299 -0.35988
vn -0.00352 0.93299 -0.35988
vn -0.00352 0.93299 -0.35988
vn -0.00352 0.93299 -0.35988
vn -0.96521 0.00751 -0.26135
vn -0.96521 0.00751 -0.26135
vn -0.96521 0.00751 -0.26135
vn -0.96521 0.00751 -0.26135
vn -0.01642 0.00002 -0.99987
vn -0.01642 0.00002 -0.99987
vn -0.01642 0.00002 -0.99987
vn -0.01642 0.00002 -0.99987
vn -0.01092 -0.92324 -0.38407
vn -0.01092 -0.92324 -0.38407
vn -0.01092 -0.92324 -0.38407
vn -0.01092 -0.92324 -0.38407
vn 0.88809 0.01543 -0.45941
vn 0.88809 0.01543 -0.45941
vn 0.88809 0.01543 -0.45941
vn 0.88809 0.01543 -0.45941
vn 0.92997 0.04535 0.36484
vn 0.92997 0.04535 0.36484
vn 0.92997 0.04535 0.36484
vn 0.92997 0.04535 0.36484
vn 0.92997 0.04535 -0.36484
vn 0.92997 0.04535 -0.36484
vn 0.92997 0.04535 -0.36484
vn 0.92997 0.04535 -0.36484
vn 0.99997 0.00801 0.00000
vn 0.99997 0.00801 0.00000
vn 0.99997 0.00801 0.00000
vn 0.99997 0.00801 0.00000
vn -0.00245 0.98297 0.18377
vn -0.00020 0.97626 0.21662
vn -0.00245 0.98297 0.18377
vn -0.00236 0.04985 -0.99875
vn -0.00236 0.04985 -0.99875
vn -0.00236 0.04985 -0.99875
vn -0.00236 0.04985 -0.99875
vn -0.00236 0.04985 -0.99875
vn -0.93095 0.00983 -0.36501
vn -0.93095 0.00983 -0.36501
vn -0.93095 0.00983 -0.36501
vn -0.93095 0.00983 -0.36501
vn 0.89124 0.01692 -0.45322
vn 0.89124 0.01692 -0.45322
vn 0.89124 0.01692 -0.45322
vn 0.89124 0.01692 -0.45322
vn -0.04768 -0.90601 -0.42056
vn -0.04768 -0.90601 -0.42056
vn -0.04768 -0.90601 -0.42056
vn -0.04768 -0.90601 -0.42056
vn 0.05881 -0.80372 -0.59210
vn 0.05881 -0.80372 -0.59210
vn 0.05881 -0.80372 -0.59210
vn 0.05881 -0.80372 -0.59210
vn 0.00128 0.97651 -0.21548
vn 0.00021 0.98571 -0.16845
vn 0.00041 0.99927 -0.03832
vn -0.00141 0.97739 -0.21145
vn 0.00128 0.97651 -0.21548
vn 0.00142 0.04959 -0.99877
vn 0.00142 0.04959 -0.99877
vn 0.00142 0.04959 -0.99877
vn 0.00142 0.04959 -0.99877
vn 0.00142 0.04959 -0.99877
vn -0.00402 0.97821 -0.20756
vn -0.00402 0.97821 -0.20756
vn -0.00402 0.97821 -0.20756
vn -0.27779 -0.64619 0.71083
vn -0.27779 -0.64619 0.71083
vn -0.27779 -0.64619 0.71083
vn -0.27779 -0.64619 0.71083
vn 0.00401 -0.05238 0.99862
vn 0.00401 -0.05238 0.99862
vn 0.00401 -0.05238 0.99862
vn 0.00401 -0.05238 0.99862
vn 0.93217 0.01015 0.36188
vn 0.93217 0.01015 0.36188
vn 0.93217 0.01015 0.36188
vn 0.93217 0.01015 0.36188
vn -0.00193 0.96799 0.25097
vn -0.00175 0.96247 0.27139
vn -0.00158 0.95734 0.28895
vn -0.00193 0.96799 0.25097
vn 0.06693 -0.91218 0.40429
vn 0.06693 -0.91218 0.40429
vn 0.06693 -0.91218 0.40429
vn 0.06693 -0.91218 0.40429
vn -0.00220 0.05207 0.99864
vn -0.00220 0.05207 0.99864
vn -0.00220 0.05207 0.99864
vn -0.00220 0.05207 0.99864
vn -0.04231 -0.84627 0.53107
vn -0.04231 -0.84627 0.53107
vn -0.04231 -0.84627 0.53107
vn -0.04231 -0.84627 0.53107
vn -0.94364 0.04394 0.32803
vn -0.94364 0.04394 0.32803
vn -0.94364 0.04394 0.32803
vn -0.94364 0.04394 0.32803
vn -0.04483 0.06687 0.99675
vn -0.04483 0.06687 0.99675
vn -0.04483 0.06687 0.99675
vn -0.04483 0.06687 0.99675
vn -0.00158 0.95712 0.28969
vn -0.00158 0.95712 0.28969
vn 0.77834 -0.53168 0.33392
vn 0.77834 -0.53168 0.33392
vn 0.77834 -0.53168 0.33392
vn 0.77834 -0.53168 0.33392
vn -0.89123 -0.01776 0.45321
vn -0.89123 -0.01776 0.45321
vn -0.89123 -0.01776 0.45321
vn -0.89123 -0.01776 0.45321
vn 0.04387 0.91017 0.41191
vn 0.04387 0.91017 0.41191
vn 0.04387 0.91017 0.41191
vn 0.04387 0.91017 0.41191
vn -0.09456 0.79796 0.59525
vn -0.09456 0.79796 0.59525
vn -0.09456 0.79796 0.59525
vn -0.09456 0.79796 0.59525
vn -0.00337 -0.97686 0.21383
vn -0.00337 -0.97686 0.21383
vn 0.00191 -0.97118 0.23835
vn 0.00668 -0.96547 0.26041
vn 0.12155 -0.66767 0.73447
vn 0.12155 -0.66767 0.73447
vn 0.12155 -0.66767 0.73447
vn 0.12155 -0.66767 0.73447
vn -0.00206 -0.05135 0.99868
vn -0.00206 -0.05135 0.99868
vn -0.00206 -0.05135 0.99868
vn -0.00206 -0.05135 0.99868
vn -0.00206 -0.05135 0.99868
vn -0.00337 -0.97686 0.21383
vn 0.00697 -0.96511 0.26176
vn 0.00697 -0.96511 0.26176
vn 0.85038 -0.34135 0.40043
vn 0.85038 -0.34135 0.40043
vn 0.85038 -0.34135 0.40043
vn 0.85038 -0.34135 0.40043
vn 0.01447 -0.94326 0.33175
vn 0.01447 -0.94326 0.33175
vn 0.01447 -0.94326 0.33175
vn 0.01447 -0.94326 0.33175
vn -0.82438 -0.05285 0.56356
vn -0.82438 -0.05285 0.56356
vn -0.82438 -0.05285 0.56356
vn -0.82438 -0.05285 0.56356
vn 0.01461 0.87549 0.48302
vn 0.01461 0.87549 0.48302
vn 0.01461 0.87549 0.48302
vn 0.01461 0.87549 0.48302
vn 0.00057 -0.05583 0.99844
vn 0.00057 -0.05583 0.99844
vn 0.00057 -0.05583 0.99844
vn 0.00057 -0.05583 0.99844
vn -0.00349 0.05253 0.99861
vn -0.00349 0.05253 0.99861
vn -0.00349 0.05253 0.99861
vn -0.00349 0.05253 0.99861
vn -0.00349 0.05253 0.99861
vn -0.92630 0.01097 0.37662
vn -0.92630 0.01097 0.37662
vn -0.92630 0.01097 0.37662
vn -0.92630 0.01097 0.37662
vn 0.88214 -0.07447 0.46507
vn 0.88214 -0.07447 0.46507
vn 0.88214 -0.07447 0.46507
vn 0.88214 -0.07447 0.46507
vn -0.04332 -0.91356 0.40439
vn -0.04332 -0.91356 0.40439
vn -0.04332 -0.91356 0.40439
vn -0.04332 -0.91356 0.40439
vn 0.09456 -0.79795 0.59525
vn 0.09456 -0.79795 0.59525
vn 0.09456 -0.79795 0.59525
vn 0.09456 -0.79795 0.59525
vn 0.00112 0.98233 0.18715
vn -0.00195 0.98021 0.19797
vn -0.00254 0.99783 0.06581
vn 0.00133 0.05203 0.99864
vn 0.00133 0.05203 0.99864
vn 0.00133 0.05203 0.99864
vn 0.00133 0.05203 0.99864
vn 0.00133 0.05203 0.99864
vn -0.00508 0.97791 0.20897
vn -0.00508 0.97791 0.20897
vn 0.00112 0.98233 0.18715
vn -0.99999 0.00467 0.00000
vn -0.99999 0.00467 0.00000
vn -0.99999 0.00467 0.00000
vn -0.99999 0.00467 0.00000
vn 0.93214 0.00965 -0.36196
vn 0.93214 0.00965 -0.36196
vn 0.93214 0.00965 -0.36196
vn 0.93214 0.00965 -0.36196
vn -0.00191 0.96883 -0.24771
vn -0.00191 0.96883 -0.24771
vn -0.00175 0.96900 -0.24706
vn 0.06616 -0.91429 -0.39962
vn 0.06616 -0.91429 -0.39962
vn 0.06616 -0.91429 -0.39962
vn 0.06616 -0.91429 -0.39962
vn -0.00183 0.04930 -0.99878
vn -0.00183 0.04930 -0.99878
vn -0.00183 0.04930 -0.99878
vn -0.00183 0.04930 -0.99878
vn -0.04872 -0.82606 -0.56148
vn -0.04872 -0.82606 -0.56148
vn -0.04872 -0.82606 -0.56148
vn -0.04872 -0.82606 -0.56148
vn -0.92369 0.03466 -0.38156
vn -0.92369 0.03466 -0.38156
vn -0.92369 0.03466 -0.38156
vn -0.92369 0.03466 -0.38156
vn 0.00193 0.04910 -0.99879
vn 0.00193 0.04910 -0.99879
vn 0.00193 0.04910 -0.99879
vn 0.00193 0.04910 -0.99879
vn 0.00193 0.04910 -0.99879
vn -0.00178 0.96897 -0.24718
vn 0.00602 0.97685 -0.21385
vn 0.00602 0.97685 -0.21385
vn 0.00602 0.97685 -0.21385
vn 0.00256 0.04906 0.99879
vn 0.00256 0.04906 0.99879
vn 0.00256 0.04906 0.99879
vn 0.00256 0.04906 0.99879
vn 1.00000 0.00000 0.00000
vn 1.00000 0.00000 0.00000
vn 1.00000 0.00000 0.00000
vn 1.00000 0.00000 0.00000
vn 0.00850 0.96607 0.25813
vn 0.00850 0.96607 0.25813
vn 0.00850 0.96607 0.25813
vn 0.00850 0.96607 0.25813
vn -0.06384 -0.81924 0.56988
vn -0.06384 -0.81924 0.56988
vn -0.06384 -0.81924 0.56988
vn -0.06384 -0.81924 0.56988
vn -0.92369 0.03466 0.38156
vn -0.92369 0.03466 0.38156
vn -0.92369 0.03466 0.38156
vn -0.92369 0.03466 0.38156
vn 0.00213 -1.00000 -0.00000
vn 0.00213 -1.00000 -0.00000
vn 0.00213 -1.00000 -0.00000
vn 0.00213 -1.00000 -0.00000
vn -0.01299 0.04940 0.99869
vn -0.01299 0.04940 0.99869
vn -0.01299 0.04940 0.99869
vn -0.01299 0.04940 0.99869
vn 0.98147 0.00224 -0.19161
vn 0.98983 0.00360 -0.14222
vn 0.99973 0.00073 -0.02306
vn 0.02796 0.80047 -0.59872
vn 0.02796 0.80047 -0.59872
vn 0.02796 0.80047 -0.59872
vn 0.02796 0.80047 -0.59872
vn 0.02796 0.80047 -0.59872
vn -0.12828 -0.91623 -0.37957
vn -0.12828 -0.91623 -0.37957
vn -0.12828 -0.91623 -0.37957
vn -0.12828 -0.91623 -0.37957
vn -0.00000 0.00000 -1.00000
vn -0.00000 0.00000 -1.00000
vn -0.00000 0.00000 -1.00000
vn 0.00000 0.00000 -1.00000
vn 0.00000 0.00000 -1.00000
vn 0.00000 0.00000 -1.00000
vn -0.45138 0.04363 -0.89126
vn -0.45138 0.04363 -0.89126
vn -0.45138 0.04363 -0.89126
vn -0.45138 0.04363 -0.89126
vn -0.80145 -0.06328 -0.59471
vn -0.80145 -0.06328 -0.59471
vn -0.80145 -0.06328 -0.59471
vn -0.80145 -0.06328 -0.59471
vn -0.00927 0.94292 -0.33288
vn -0.00927 0.94292 -0.33288
vn -0.00927 0.94292 -0.33288
vn -0.00927 0.94292 -0.33288
vn 0.00000 0.00000 -1.00000
vn 0.00000 0.00000 -1.00000
vn 0.00000 0.00000 -1.00000
vn 0.00000 0.00000 -1.00000
vn 0.02144 -0.87262 -0.48794
vn 0.02144 -0.87262 -0.48794
vn 0.02144 -0.87262 -0.48794
vn 0.02144 -0.87262 -0.48794
vn -0.01645 0.05802 -0.99818
vn -0.01645 0.05802 -0.99818
vn -0.01645 0.05802 -0.99818
vn -0.01645 0.05802 -0.99818
vn 0.10630 -0.92525 -0.36416
vn 0.10630 -0.92525 -0.36416
vn 0.10630 -0.92525 -0.36416
vn 0.10630 -0.92525 -0.36416
vn -0.01694 -0.04597 -0.99880
vn -0.01694 -0.04597 -0.99880
vn -0.01694 -0.04597 -0.99880
vn -0.01694 -0.04597 -0.99880
vn -0.99997 -0.00733 -0.00000
vn -0.99997 -0.00094 -0.00784
vn -0.02306 0.89812 -0.43914
vn -0.02306 0.89812 -0.43914
vn -0.02306 0.89812 -0.43914
vn -0.02306 0.89812 -0.43914
vn 0.99997 -0.00709 -0.00000
vn 0.99999 -0.00537 -0.00001
vn 0.99997 -0.00709 -0.00000
vn -0.00000 1.00000 0.00000
vn -0.00000 1.00000 0.00000
vn -0.00000 1.00000 0.00000
vn 0.93507 0.07276 -0.34691
vn 0.93507 0.07276 -0.34691
vn 0.93507 0.07276 -0.34691
vn 0.93507 0.07276 -0.34691
vn -0.99353 -0.00043 -0.11358
vn -0.98844 -0.00247 -0.15161
vn -0.99997 -0.00733 -0.00000
vn -0.01251 -0.02221 -0.99968
vn -0.01251 -0.02221 -0.99968
vn -0.01251 -0.02221 -0.99968
vn -0.01251 -0.02221 -0.99968
vn 0.86402 -0.05343 -0.50062
vn 0.86402 -0.05343 -0.50062
vn 0.86402 -0.05343 -0.50062
vn 0.86402 -0.05343 -0.50062
vn 0.13309 0.92906 -0.34517
vn 0.13309 0.92906 -0.34517
vn 0.13309 0.92906 -0.34517
vn 0.13309 0.92906 -0.34517
vn -0.04140 -0.83561 -0.54776
vn -0.04140 -0.83561 -0.54776
vn -0.04140 -0.83561 -0.54776
vn -0.04140 -0.83561 -0.54776
vn -0.01250 0.02709 -0.99955
vn -0.01250 0.02709 -0.99955
vn -0.01250 0.02709 -0.99955
vn -0.01250 0.02709 -0.99955
vn 0.00000 -1.00000 -0.00000
vn 0.00000 -1.00000 -0.00000
vn 0.00000 -1.00000 -0.00000
vn -0.00000 1.00000 0.00000
vn -0.00000 1.00000 0.00000
vn -0.00000 1.00000 0.00000
vn 0.99999 -0.00537 0.00001
vn 1.00000 0.00175 0.00000
vn 1.00000 0.00175 0.00000
vn -0.98807 0.00179 -0.15403
vn -0.98768 0.00593 -0.15637
vn -0.98768 0.00593 -0.15637
vn 0.82503 0.05186 -0.56271
vn 0.82503 0.05186 -0.56271
vn 0.82503 0.05186 -0.56271
vn 0.82503 0.05186 -0.56271
vn 0.93218 -0.00948 0.36188
vn 0.93218 -0.00948 0.36188
vn 0.93218 -0.00948 0.36188
vn 0.93218 -0.00948 0.36188
vn -0.99999 -0.00513 -0.00000
vn -0.99999 -0.00513 -0.00000
vn -0.99999 -0.00513 -0.00000
vn -0.99999 -0.00513 -0.00000
vn -0.00647 0.99998 0.00000
vn -0.00501 0.99999 0.00000
vn -0.00647 0.99998 0.00000
vn -0.00202 -0.96357 0.26746
vn -0.00202 -0.96357 0.26746
vn -0.00183 -0.96378 0.26668
vn 0.06936 0.90131 0.42759
vn 0.06936 0.90131 0.42759
vn 0.06936 0.90131 0.42759
vn 0.06936 0.90131 0.42759
vn -0.00639 -0.99998 -0.00000
vn -0.00639 -0.99998 0.00000
vn 0.00509 -0.99999 -0.00000
vn 0.00509 -0.99999 -0.00000
vn -0.00733 -0.99997 -0.00000
vn -0.00733 -0.99997 -0.00000
vn -0.00215 -0.04865 0.99881
vn -0.00215 -0.04865 0.99881
vn -0.00215 -0.04865 0.99881
vn -0.00215 -0.04865 0.99881
vn -0.05098 0.80264 0.59428
vn -0.05098 0.80264 0.59428
vn -0.05098 0.80264 0.59428
vn -0.05098 0.80264 0.59428
vn -0.90538 -0.03783 0.42291
vn -0.90538 -0.03783 0.42291
vn -0.90538 -0.03783 0.42291
vn -0.90538 -0.03783 0.42291
vn 0.00238 -0.04838 0.99883
vn 0.00238 -0.04838 0.99883
vn 0.00238 -0.04838 0.99883
vn 0.00238 -0.04838 0.99883
vn 0.00238 -0.04838 0.99883
vn -0.99999 -0.00457 -0.00000
vn -0.99999 -0.00457 -0.00000
vn -0.99999 -0.00457 -0.00000
vn -0.99999 -0.00457 -0.00000
vn -0.00501 0.99999 -0.00000
vn 0.00172 1.00000 0.00000
vn 0.00172 1.00000 0.00000
vn -0.00188 -0.96373 0.26688
vn 0.00646 -0.97284 0.23138
vn 0.00646 -0.97284 0.23138
vn 0.00646 -0.97284 0.23138
vn 0.00000 -1.00000 -0.00000
vn 0.00000 -1.00000 -0.00000
vn 0.00000 -1.00000 -0.00000
vn -0.97681 -0.00642 -0.21401
vn -0.96901 0.00188 -0.24702
vn -0.97681 -0.00642 -0.21401
vn -0.07655 0.91681 -0.39191
vn -0.07655 0.91681 -0.39191
vn -0.07655 0.91681 -0.39191
vn -0.07655 0.91681 -0.39191
vn 0.91398 -0.07105 0.39948
vn 0.91398 -0.07105 0.39948
vn 0.91398 -0.07105 0.39948
vn 0.91398 -0.07105 0.39948
vn -0.96883 0.00205 0.24771
vn -0.96883 0.00205 0.24771
vn 0.91398 -0.07106 -0.39948
vn 0.91398 -0.07106 -0.39948
vn 0.91398 -0.07106 -0.39948
vn 0.91398 -0.07106 -0.39948
vn -0.01934 -0.94080 -0.33840
vn -0.01934 -0.94080 -0.33840
vn -0.01934 -0.94080 -0.33840
vn -0.01934 -0.94080 -0.33840
vn -0.11125 -0.01095 -0.99373
vn -0.11125 -0.01095 -0.99373
vn -0.11125 -0.01095 -0.99373
vn -0.11125 -0.01095 -0.99373
vn -0.11125 -0.01095 -0.99373
vn 1.00000 0.00000 0.00000
vn 1.00000 0.00000 0.00000
vn 1.00000 0.00000 0.00000
vn 1.00000 0.00000 0.00000
vn 0.99999 0.00501 0.00000
vn 0.99998 0.00652 -0.00000
vn 0.99998 0.00652 -0.00000
vn -0.11482 0.00936 -0.99334
vn -0.11482 0.00936 -0.99334
vn -0.11482 0.00936 -0.99334
vn -0.11482 0.00936 -0.99334
vn -0.96900 0.00189 -0.24707
vn -0.97681 -0.00642 -0.21401
vn -0.96883 0.00205 -0.24771
vn -0.96883 0.00205 -0.24771
vn -0.01934 -0.94080 0.33840
vn -0.01934 -0.94080 0.33840
vn -0.01934 -0.94080 0.33840
vn -0.01934 -0.94080 0.33840
vn 0.88881 0.28380 0.35984
vn 0.90959 0.28396 0.30335
vn 0.90959 0.28396 0.30335
vn -0.99997 0.00725 0.00000
vn -0.99997 0.00725 0.00000
vn -0.99997 0.00725 0.00000
vn -0.99997 0.00725 0.00000
vn 0.01550 0.94420 0.32901
vn 0.01550 0.94420 0.32901
vn 0.01550 0.94420 0.32901
vn 0.01550 0.94420 0.32901
vn -0.87175 0.04810 0.48758
vn -0.87175 0.04810 0.48758
vn -0.87175 0.04810 0.48758
vn -0.87175 0.04810 0.48758
vn -0.99999 0.00497 0.00000
vn -0.99999 0.00497 0.00000
vn -0.99999 0.00497 0.00000
vn 0.01615 -0.87815 0.47812
vn 0.01615 -0.87815 0.47812
vn 0.01615 -0.87815 0.47812
vn 0.01615 -0.87815 0.47812
vn -0.00219 -1.00000 -0.00000
vn -0.00219 -1.00000 -0.00000
vn -0.00219 -1.00000 -0.00000
vn -0.00219 -1.00000 -0.00000
vn 0.00032 1.00000 0.00000
vn 0.00032 1.00000 0.00000
vn 0.00032 1.00000 0.00000
vn 0.00032 1.00000 0.00000
vn -0.99999 0.00496 0.00000
vn -0.99999 0.00497 0.00000
vn -0.99999 0.00496 0.00000
vn 0.00089 0.05664 0.99839
vn -0.00004 0.05650 0.99840
vn -0.00004 0.05650 0.99840
vn 0.00046 0.05658 0.99840
vn 0.00095 0.05665 0.99839
vn 0.00095 0.05665 0.99839
vn 0.96258 0.27101 -0.00000
vn 0.96258 0.27101 0.00000
vn 0.96240 0.27162 0.00000
vn 0.96240 0.27162 0.00000
vn 0.96331 0.26840 0.00000
vn 0.96331 0.26840 0.00000
vn -0.94515 0.00916 -0.32652
vn -0.94515 0.00916 -0.32652
vn -0.94515 0.00916 -0.32652
vn -0.94515 0.00916 -0.32652
vn 0.00691 -0.99998 -0.00000
vn 0.00526 -0.99999 -0.00000
vn 0.00691 -0.99998 -0.00000
vn -0.00544 0.99999 0.00000
vn -0.00451 0.99999 0.00000
vn -0.00544 0.99999 0.00000
vn 0.00217 0.96799 -0.25098
vn -0.00006 0.97579 -0.21869
vn -0.00020 0.97626 -0.21662
vn 0.00217 0.96799 -0.25098
vn -0.07517 -0.91165 -0.40404
vn -0.07517 -0.91165 -0.40404
vn -0.07517 -0.91165 -0.40404
vn -0.07517 -0.91165 -0.40404
vn 0.00247 0.05207 -0.99864
vn 0.00247 0.05207 -0.99864
vn 0.00247 0.05207 -0.99864
vn 0.00247 0.05207 -0.99864
vn 0.03815 -0.82785 -0.55965
vn 0.03815 -0.82785 -0.55965
vn 0.03815 -0.82785 -0.55965
vn 0.03815 -0.82785 -0.55965
vn 0.59106 -0.52873 -0.60918
vn 0.59106 -0.52873 -0.60918
vn 0.59106 -0.52873 -0.60918
vn 0.59106 -0.52873 -0.60918
vn -0.00338 0.05325 -0.99858
vn -0.00338 0.05325 -0.99858
vn -0.00338 0.05325 -0.99858
vn -0.00338 0.05325 -0.99858
vn -0.00338 0.05325 -0.99858
vn -0.00338 0.05325 -0.99858
vn 0.72904 -0.68447 -0.00000
vn 0.72904 -0.68447 -0.00000
vn 0.72904 -0.68447 -0.00000
vn 0.72904 -0.68447 -0.00000
vn 0.00526 -0.99999 0.00000
vn -0.00125 -1.00000 -0.00000
vn -0.00125 -1.00000 -0.00000
vn -0.00352 0.93299 0.35988
vn -0.00352 0.93299 0.35988
vn -0.00352 0.93299 0.35988
vn -0.00352 0.93299 0.35988
vn -0.96521 0.00751 0.26135
vn -0.96521 0.00751 0.26135
vn -0.96521 0.00751 0.26135
vn -0.96521 0.00751 0.26135
vn -1.00000 0.00021 0.00000
vn -1.00000 0.00021 0.00000
vn -1.00000 0.00021 0.00000
vn -1.00000 0.00021 0.00000
vn -0.01642 0.00002 0.99987
vn -0.01642 0.00002 0.99987
vn -0.01642 0.00002 0.99987
vn -0.01642 0.00002 0.99987
vn -0.01092 -0.92324 0.38407
vn -0.01092 -0.92324 0.38407
vn -0.01092 -0.92324 0.38407
vn -0.01092 -0.92324 0.38407
vn 0.88809 0.01543 0.45941
vn 0.88809 0.01543 0.45941
vn 0.88809 0.01543 0.45941
vn 0.88809 0.01543 0.45941
vn 0.99993 0.01153 0.00000
vn 0.99993 0.01153 0.00000
vn 0.99993 0.01153 0.00000
vn 0.99993 0.01153 0.00000
vn -0.00486 -0.99999 -0.00000
vn -0.00486 -0.99999 -0.00000
vn -0.00486 -0.99999 -0.00000
vn -0.00486 -0.99999 -0.00000
vn -0.00000 1.00000 0.00000
vn -0.00000 1.00000 0.00000
vn -0.00000 1.00000 0.00000
vn -0.00000 1.00000 0.00000
vn -0.00245 0.98297 -0.18376
vn -0.00245 0.98297 -0.18376
vn -0.00245 0.98297 -0.18376
vn -1.00000 -0.00000 -0.00000
vn -1.00000 -0.00000 -0.00000
vn -1.00000 -0.00000 -0.00000
vn -1.00000 -0.00000 -0.00000
vn -0.00129 0.98946 0.14479
vn 0.00299 1.00000 0.00000
vn -0.00236 0.04985 0.99875
vn -0.00236 0.04985 0.99875
vn -0.00236 0.04985 0.99875
vn -0.00236 0.04985 0.99875
vn -0.00236 0.04985 0.99875
vn -0.93095 0.00983 0.36501
vn -0.93095 0.00983 0.36501
vn -0.93095 0.00983 0.36501
vn -0.93095 0.00983 0.36501
vn 0.89124 0.01692 0.45322
vn 0.89124 0.01692 0.45322
vn 0.89124 0.01692 0.45322
vn 0.89124 0.01692 0.45322
vn -0.04768 -0.90601 0.42056
vn -0.04768 -0.90601 0.42056
vn -0.04768 -0.90601 0.42056
vn -0.04768 -0.90601 0.42056
vn 0.05881 -0.80372 0.59210
vn 0.05881 -0.80372 0.59210
vn 0.05881 -0.80372 0.59210
vn 0.05881 -0.80372 0.59210
vn 0.00128 0.97651 0.21548
vn -0.00141 0.97739 0.21145
vn 0.00040 0.99923 0.03912
vn 0.99970 -0.02467 -0.00000
vn 0.99970 -0.02467 -0.00000
vn 0.99970 -0.02467 -0.00000
vn 0.99970 -0.02467 -0.00000
vn 0.02925 -0.99957 -0.00000
vn 0.02925 -0.99957 -0.00000
vn 0.02925 -0.99957 -0.00000
vn 0.02925 -0.99957 -0.00000
vn 0.00142 0.04959 0.99877
vn 0.00142 0.04959 0.99877
vn 0.00142 0.04959 0.99877
vn 0.00142 0.04959 0.99877
vn 0.00142 0.04959 0.99877
vn 0.00472 0.99999 0.00000
vn 0.00472 0.99999 0.00000
vn 0.00021 0.98571 0.16845
vn -0.00402 0.97821 0.20756
vn -0.00402 0.97821 0.20756
vn -0.00402 0.97821 0.20756
vn 0.00128 0.97651 0.21548
vn -1.00000 -0.00000 -0.00000
vn -1.00000 -0.00000 -0.00000
vn -1.00000 -0.00000 -0.00000
vn -1.00000 -0.00000 -0.00000
vn 0.00457 -0.99999 -0.00000
vn 0.00457 -0.99999 -0.00000
vn 0.00457 -0.99999 -0.00000
vn 0.00457 -0.99999 -0.00000
vn -0.27779 -0.64619 -0.71082
vn -0.27779 -0.64619 -0.71082
vn -0.27779 -0.64619 -0.71082
vn -0.27779 -0.64619 -0.71082
vn 0.00401 -0.05238 -0.99862
vn 0.00401 -0.05238 -0.99862
vn 0.00401 -0.05238 -0.99862
vn 0.00401 -0.05238 -0.99862
vn 0.93217 0.01015 -0.36188
vn 0.93217 0.01015 -0.36188
vn 0.93217 0.01015 -0.36188
vn 0.93217 0.01015 -0.36188
vn -0.04689 0.99890 0.00000
vn -0.04689 0.99890 0.00000
vn -0.04689 0.99890 0.00000
vn -0.04689 0.99890 0.00000
vn -0.00615 -0.99998 -0.00000
vn -0.00477 -0.99999 -0.00000
vn -0.00615 -0.99998 -0.00000
vn -0.00193 0.96799 -0.25097
vn -0.00193 0.96799 -0.25097
vn -0.00175 0.96247 -0.27139
vn 0.06693 -0.91218 -0.40429
vn 0.06693 -0.91218 -0.40429
vn 0.06693 -0.91218 -0.40429
vn 0.06693 -0.91218 -0.40429
vn -0.00634 0.99998 0.00000
vn 0.00484 0.99999 0.00000
vn 0.00484 0.99999 0.00000
vn -0.00634 0.99998 -0.00000
vn -0.00741 0.99997 0.00000
vn -0.00741 0.99997 0.00000
vn -0.00220 0.05207 -0.99864
vn -0.00220 0.05207 -0.99864
vn -0.00220 0.05207 -0.99864
vn -0.00220 0.05207 -0.99864
vn -0.04231 -0.84627 -0.53107
vn -0.04231 -0.84627 -0.53107
vn -0.04231 -0.84627 -0.53107
vn -0.04231 -0.84627 -0.53107
vn -0.94364 0.04394 -0.32803
vn -0.94364 0.04394 -0.32803
vn -0.94364 0.04394 -0.32803
vn -0.94364 0.04394 -0.32803
vn -0.04483 0.06687 -0.99675
vn -0.04483 0.06687 -0.99675
vn -0.04483 0.06687 -0.99675
vn -0.04483 0.06687 -0.99675
vn -0.99988 0.01546 0.00000
vn -0.99988 0.01546 0.00000
vn -0.99988 0.01546 0.00000
vn -0.99988 0.01546 0.00000
vn -0.00477 -0.99999 0.00000
vn 0.00170 -1.00000 -0.00000
vn 0.00170 -1.00000 -0.00000
vn -0.00159 0.95755 -0.28827
vn -0.00158 0.95712 -0.28968
vn -0.00158 0.95712 -0.28968
vn 0.77834 -0.53168 -0.33392
vn 0.77834 -0.53168 -0.33392
vn 0.77834 -0.53168 -0.33392
vn 0.77834 -0.53168 -0.33392
vn -0.89123 -0.01776 -0.45321
vn -0.89123 -0.01776 -0.45321
vn -0.89123 -0.01776 -0.45321
vn -0.89123 -0.01776 -0.45321
vn 0.04387 0.91017 -0.41191
vn 0.04387 0.91017 -0.41191
vn 0.04387 0.91017 -0.41191
vn 0.04387 0.91017 -0.41191
vn -0.09456 0.79796 -0.59525
vn -0.09456 0.79796 -0.59525
vn -0.09456 0.79796 -0.59525
vn -0.09456 0.79796 -0.59525
vn -0.00337 -0.97686 -0.21383
vn 0.00191 -0.97118 -0.23835
vn 0.00664 -0.96553 -0.26022
vn -0.00337 -0.97686 -0.21383
vn -0.00723 -0.99997 -0.00000
vn -0.00723 -0.99997 -0.00000
vn -0.00723 -0.99997 -0.00000
vn -0.00723 -0.99997 -0.00000
vn -0.99966 0.02589 0.00000
vn -0.99966 0.02589 0.00000
vn -0.99966 0.02589 0.00000
vn -0.99966 0.02589 0.00000
vn 1.00000 -0.00000 -0.00000
vn 1.00000 -0.00000 -0.00000
vn 1.00000 -0.00000 -0.00000
vn 1.00000 -0.00000 -0.00000
vn 0.12155 -0.66767 -0.73447
vn 0.12155 -0.66767 -0.73447
vn 0.12155 -0.66767 -0.73447
vn 0.12155 -0.66767 -0.73447
vn -0.00206 -0.05135 -0.99868
vn -0.00206 -0.05135 -0.99868
vn -0.00206 -0.05135 -0.99868
vn -0.00206 -0.05135 -0.99868
vn -0.00206 -0.05135 -0.99868
vn 0.00837 -0.99996 -0.00000
vn 0.00837 -0.99996 -0.00000
vn 0.00837 -0.99996 -0.00000
vn 0.00837 -0.99996 -0.00000
vn -0.00337 -0.97686 -0.21383
vn 0.00697 -0.96511 -0.26176
vn 0.00697 -0.96511 -0.26176
vn 0.83323 -0.55293 -0.00000
vn 0.83323 -0.55293 -0.00000
vn 0.83323 -0.55293 -0.00000
vn 0.83323 -0.55293 -0.00000
vn 0.85038 -0.34135 -0.40043
vn 0.85038 -0.34135 -0.40043
vn 0.85038 -0.34135 -0.40043
vn 0.85038 -0.34135 -0.40043
vn -0.00404 0.99999 0.00000
vn -0.00404 0.99999 0.00000
vn -0.00404 0.99999 0.00000
vn -0.00404 0.99999 0.00000
vn 0.01447 -0.94326 -0.33175
vn 0.01447 -0.94326 -0.33175
vn 0.01447 -0.94326 -0.33175
vn 0.01447 -0.94326 -0.33175
vn 0.00478 0.99999 0.00000
vn 0.00478 0.99999 0.00000
vn 0.00478 0.99999 0.00000
vn 0.00478 0.99999 0.00000
vn -0.82438 -0.05285 -0.56356
vn -0.82438 -0.05285 -0.56356
vn -0.82438 -0.05285 -0.56356
vn -0.82438 -0.05285 -0.56356
vn -1.00000 -0.00000 -0.00000
vn -1.00000 -0.00000 -0.00000
vn -1.00000 -0.00000 -0.00000
vn -1.00000 -0.00000 -0.00000
vn 0.01461 0.87549 -0.48302
vn 0.01461 0.87549 -0.48302
vn 0.01461 0.87549 -0.48302
vn 0.01461 0.87549 -0.48302
vn -0.00197 1.00000 0.00000
vn -0.00197 1.00000 0.00000
vn -0.00197 1.00000 0.00000
vn -0.00197 1.00000 0.00000
vn 0.00057 -0.05583 -0.99844
vn 0.00057 -0.05583 -0.99844
vn 0.00057 -0.05583 -0.99844
vn 0.00057 -0.05583 -0.99844
vn 0.00029 -1.00000 -0.00000
vn 0.00029 -1.00000 -0.00000
vn 0.00029 -1.00000 -0.00000
vn 0.00029 -1.00000 -0.00000
vn -0.00349 0.05253 -0.99861
vn -0.00349 0.05253 -0.99861
vn -0.00349 0.05253 -0.99861
vn -0.00349 0.05253 -0.99861
vn -0.00349 0.05253 -0.99861
vn -0.92630 0.01097 -0.37662
vn -0.92630 0.01097 -0.37662
vn -0.92630 0.01097 -0.37662
vn -0.92630 0.01097 -0.37662
vn 0.88214 -0.07447 -0.46507
vn 0.88214 -0.07447 -0.46507
vn 0.88214 -0.07447 -0.46507
vn 0.88214 -0.07447 -0.46507
vn -0.04332 -0.91356 -0.40439
vn -0.04332 -0.91356 -0.40439
vn -0.04332 -0.91356 -0.40439
vn -0.04332 -0.91356 -0.40439
vn 0.09456 -0.79795 -0.59525
vn 0.09456 -0.79795 -0.59525
vn 0.09456 -0.79795 -0.59525
vn 0.09456 -0.79795 -0.59525
vn 0.00112 0.98233 -0.18715
vn 0.00112 0.98233 -0.18715
vn -0.00227 0.99915 -0.04128
vn 0.00112 0.98233 -0.18715
vn 0.00017 0.98917 -0.14679
vn 0.00580 0.99998 0.00000
vn 0.00580 0.99998 0.00000
vn 0.00580 0.99998 0.00000
vn 0.00580 0.99998 0.00000
vn 0.99201 -0.12619 -0.00000
vn 0.99201 -0.12619 -0.00000
vn 0.99201 -0.12619 -0.00000
vn 0.99201 -0.12619 -0.00000
vn 0.04690 -0.99890 -0.00000
vn 0.04690 -0.99890 -0.00000
vn 0.04690 -0.99890 -0.00000
vn 0.04690 -0.99890 -0.00000
vn 0.00133 0.05203 -0.99864
vn 0.00133 0.05203 -0.99864
vn 0.00133 0.05203 -0.99864
vn 0.00133 0.05203 -0.99864
vn 0.00133 0.05203 -0.99864
vn 0.00017 0.98917 0.14679
vn -0.00508 0.97791 0.20897
vn -0.00508 0.97791 -0.20897
vn -0.00508 0.97791 -0.20897
vn -0.00508 0.97791 -0.20897
vn -0.00508 0.97791 -0.20897
vn -0.00508 0.97791 -0.20897
vn -1.00000 -0.00000 -0.00000
vn -1.00000 -0.00000 -0.00000
vn -1.00000 -0.00000 -0.00000
vn -1.00000 -0.00000 -0.00000
vn 0.00413 -0.99999 -0.00000
vn 0.00413 -0.99999 -0.00000
vn 0.00413 -0.99999 -0.00000
vn 0.00413 -0.99999 -0.00000
vn -0.06384 -0.81924 -0.56988
vn -0.06384 -0.81924 -0.56988
vn -0.06384 -0.81924 -0.56988
vn -0.06384 -0.81924 -0.56988
vn 0.93214 0.00965 0.36196
vn 0.93214 0.00965 0.36196
vn 0.93214 0.00965 0.36196
vn 0.93214 0.00965 0.36196
vn -0.01932 -0.99981 -0.00000
vn -0.01932 -0.99981 -0.00000
vn -0.01932 -0.99981 -0.00000
vn -0.01932 -0.99981 -0.00000
vn -0.00607 -0.99998 -0.00000
vn -0.00473 -0.99999 -0.00000
vn -0.00607 -0.99998 -0.00000
vn 0.93836 -0.34567 -0.00000
vn 0.93836 -0.34567 -0.00000
vn 0.93836 -0.34567 -0.00000
vn 0.93836 -0.34567 -0.00000
vn -0.00191 0.96883 0.24771
vn -0.00175 0.96900 0.24706
vn -0.00178 0.96897 0.24718
vn -0.00191 0.96883 0.24771
vn 0.06616 -0.91429 0.39962
vn 0.06616 -0.91429 0.39962
vn 0.06616 -0.91429 0.39962
vn 0.06616 -0.91429 0.39962
vn -0.00687 0.99998 0.00000
vn -0.00687 0.99998 0.00000
vn -0.00687 0.99998 0.00000
vn -0.00687 0.99998 0.00000
vn -0.00183 0.04930 0.99878
vn -0.00183 0.04930 0.99878
vn -0.00183 0.04930 0.99878
vn -0.00183 0.04930 0.99878
vn -0.04872 -0.82606 0.56148
vn -0.04872 -0.82606 0.56148
vn -0.04872 -0.82606 0.56148
vn -0.04872 -0.82606 0.56148
vn -0.92369 0.03466 0.38156
vn -0.92369 0.03466 0.38156
vn -0.92369 0.03466 0.38156
vn -0.92369 0.03466 0.38156
vn 0.00193 0.04910 0.99879
vn 0.00193 0.04910 0.99879
vn 0.00193 0.04910 0.99879
vn 0.00193 0.04910 0.99879
vn 0.00193 0.04910 0.99879
vn -0.99999 0.00467 0.00000
vn -0.99999 0.00467 0.00000
vn -0.99999 0.00467 0.00000
vn -0.99999 0.00467 0.00000
vn -0.00473 -0.99999 -0.00000
vn 0.00161 -1.00000 -0.00000
vn 0.00161 -1.00000 -0.00000
vn 0.00602 0.97685 0.21385
vn 0.00602 0.97685 0.21385
vn 0.00602 0.97685 0.21385
vn 0.00850 0.96607 -0.25813
vn 0.00850 0.96607 -0.25813
vn 0.00850 0.96607 -0.25813
vn 0.00850 0.96607 -0.25813
vn -0.92369 0.03466 -0.38156
vn -0.92369 0.03466 -0.38156
vn -0.92369 0.03466 -0.38156
vn -0.92369 0.03466 -0.38156
vn 0.27725 -0.87668 0.39314
vn 0.27725 -0.87668 0.39314
vn 0.27725 -0.87668 0.39314
vn 0.27725 -0.87668 0.39314
vn -0.00831 0.96889 0.24736
vn -0.00831 0.96889 0.24736
vn -0.00831 0.96889 0.24736
vn -0.00831 0.96889 0.24736
vn 0.27725 -0.87668 -0.39314
vn 0.27725 -0.87668 -0.39314
vn 0.27725 -0.87668 -0.39314
vn 0.27725 -0.87668 -0.39314
vn 0.93214 0.00965 -0.36197
vn 0.93214 0.00965 -0.36197
vn 0.93214 0.00965 -0.36197
vn 0.93214 0.00965 -0.36197
vn 0.00256 0.04906 -0.99879
vn 0.00256 0.04906 -0.99879
vn 0.00256 0.04906 -0.99879
vn 0.00256 0.04906 -0.99879
vn 1.00000 0.00000 0.00000
vn 1.00000 0.00000 0.00000
vn 1.00000 0.00000 0.00000
vn 1.00000 0.00000 0.00000
vn 0.93214 0.00965 0.36197
vn 0.93214 0.00965 0.36197
vn 0.93214 0.00965 0.36197
vn 0.93214 0.00965 0.36197
vn -0.01298 0.04940 -0.99869
vn -0.01298 0.04940 -0.99869
vn -0.01298 0.04940 -0.99869
vn -0.01298 0.04940 -0.99869
vn -0.00831 0.96889 -0.24735
vn -0.00831 0.96889 -0.24735
vn -0.00831 0.96889 -0.24735
vn -0.00831 0.96889 -0.24735
vn 0.01622 0.99987 0.00000
vn 0.01622 0.99987 0.00000
vn 0.01622 0.99987 0.00000
vn 0.01622 0.99987 0.00000
vn -0.00000 1.00000 0.00000
vn -0.00000 1.00000 0.00000
vn -0.00000 1.00000 0.00000
vn 0.98147 0.00224 0.19161
vn 0.99973 0.00073 0.02306
vn 0.98983 0.00360 0.14222
vn -0.99999 -0.00460 -0.00000
vn -0.99999 -0.00384 -0.00000
vn -0.99999 -0.00460 -0.00000
vn -1.00000 -0.00082 -0.00000
vn -1.00000 -0.00082 -0.00000
vn -0.99999 -0.00384 0.00000
vn 0.02796 0.80047 0.59872
vn 0.02796 0.80047 0.59872
vn 0.02796 0.80047 0.59872
vn 0.02796 0.80047 0.59872
vn 0.02796 0.80047 0.59872
vn 0.00000 -1.00000 -0.00000
vn 0.00000 -1.00000 -0.00000
vn 0.00000 -1.00000 -0.00000
vn -0.12828 -0.91623 0.37957
vn -0.12828 -0.91623 0.37957
vn -0.12828 -0.91623 0.37957
vn -0.12828 -0.91623 0.37957
vn -0.00000 -0.00000 1.00000
vn -0.00000 -0.00000 1.00000
vn -0.00000 -0.00000 1.00000
vn -0.00000 -0.00000 1.00000
vn -0.00000 -0.00000 1.00000
vn -0.00000 -0.00000 1.00000
vn -0.00000 -0.00000 1.00000
vn -0.00000 -0.00000 1.00000
vn 0.00000 -1.00000 -0.00000
vn 0.00000 -1.00000 -0.00000
vn 0.00000 -1.00000 -0.00000
vn -0.45138 0.04363 0.89126
vn -0.45138 0.04363 0.89126
vn -0.45138 0.04363 0.89126
vn -0.45138 0.04363 0.89126
vn -0.80145 -0.06328 0.59471
vn -0.80145 -0.06328 0.59471
vn -0.80145 -0.06328 0.59471
vn -0.80145 -0.06328 0.59471
vn -0.00896 0.99996 0.00000
vn -0.00896 0.99996 0.00000
vn -0.00896 0.99996 0.00000
vn -0.00896 0.99996 0.00000
vn -0.00000 1.00000 0.00000
vn -0.00000 1.00000 0.00000
vn -0.00000 1.00000 0.00000
vn 0.98307 -0.00340 0.18321
vn 0.98229 -0.00062 0.18735
vn 0.99048 -0.00399 0.13762
vn 0.99048 -0.00399 -0.13762
vn 0.98307 -0.00340 -0.18321
vn -0.00927 0.94292 0.33288
vn -0.00927 0.94292 0.33288
vn -0.00927 0.94292 0.33288
vn -0.00927 0.94292 0.33288
vn -0.00000 -0.00000 1.00000
vn -0.00000 -0.00000 1.00000
vn 0.02144 -0.87262 0.48794
vn 0.02144 -0.87262 0.48794
vn 0.02144 -0.87262 0.48794
vn 0.02144 -0.87262 0.48794
vn 0.98229 -0.00062 -0.18735
vn 0.99407 -0.10872 -0.00000
vn 0.99407 -0.10872 -0.00000
vn 0.99407 -0.10872 -0.00000
vn 0.99407 -0.10872 -0.00000
vn -0.00000 0.00000 -1.00000
vn 0.00000 0.00000 -1.00000
vn -0.00000 0.00000 -1.00000
vn -1.00000 -0.00000 -0.00000
vn -1.00000 -0.00000 -0.00000
vn -1.00000 -0.00000 -0.00000
vn 0.99997 0.00821 0.00000
vn 0.99997 0.00821 0.00000
vn 0.99997 0.00821 0.00000
vn 0.99997 0.00821 0.00000
vn 0.98045 0.19679 0.00000
vn 0.98045 0.19679 0.00000
vn 0.98045 0.19679 0.00000
vn 0.98045 0.19679 0.00000
vn 0.00000 -0.00000 1.00000
vn 0.00000 -0.00000 1.00000
vn 0.00000 -0.00000 1.00000
vn 0.00000 -0.00000 1.00000
vn -0.00000 -0.00000 1.00000
vn -1.00000 -0.00000 -0.00000
vn -1.00000 0.00000 0.00000
vn -1.00000 0.00000 0.00000
vn 0.00000 0.00000 -1.00000
vn 0.00000 0.00000 -1.00000
vn 0.00000 0.00000 -1.00000
vn 0.00000 0.00000 -1.00000
vn 0.00000 0.00000 -1.00000
vn 0.00000 0.00000 -1.00000
vn 0.00000 0.00000 -1.00000
vn -1.00000 0.00000 0.00000
vn -1.00000 0.00000 0.00000
vn -1.00000 0.00000 0.00000
vn -1.00000 0.00000 0.00000
vn -0.00000 -0.00000 1.00000
vn -0.00000 -0.00000 1.00000
vn -0.00000 -0.00000 1.00000
vn -0.00000 -0.00000 1.00000
vn 0.97799 -0.20866 -0.00000
vn 0.97799 -0.20866 -0.00000
vn 0.97799 -0.20866 -0.00000
vn 0.97799 -0.20866 -0.00000
vn 0.80182 -0.59756 -0.00000
vn 0.80182 -0.59756 -0.00000
vn 0.80182 -0.59756 -0.00000
vn 0.80182 -0.59756 -0.00000
vn -0.00000 -0.00000 1.00000
vn -0.00000 -0.00000 1.00000
vn -0.00000 -0.00000 1.00000
vn -1.00000 0.00000 0.00000
vn -1.00000 0.00000 0.00000
vn 0.00000 0.00000 -1.00000
vn 0.00000 0.00000 -1.00000
vn -0.00000 1.00000 0.00000
vn -0.00000 1.00000 0.00000
vn -0.00000 1.00000 0.00000
vn -0.00000 1.00000 0.00000
vn 0.00000 -1.00000 -0.00000
vn 0.00000 -1.00000 -0.00000
vn 0.00000 -1.00000 -0.00000
vn 0.00000 -1.00000 -0.00000
vn 0.00000 0.00000 -1.00000
vn 0.00000 0.00000 -1.00000
vn 0.00000 0.00000 -1.00000
vn -0.99999 0.00397 -0.00000
vn -0.99999 0.00397 -0.00000
vn -0.99999 0.00397 -0.00000
vn -0.99999 0.00397 -0.00000
vn -0.00000 -0.00000 1.00000
vn -0.00000 -0.00000 1.00000
vn -0.00000 -0.00000 1.00000
vn -0.00000 -0.00000 1.00000
vn -0.00000 -0.00000 1.00000
vn 1.00000 0.00000 0.00000
vn 1.00000 0.00000 0.00000
vn 1.00000 0.00000 0.00000
vn 0.00000 0.00000 -1.00000
vn 0.00000 0.00000 -1.00000
vn 0.00000 0.00000 -1.00000
vn 1.00000 0.00000 0.00000
vn 1.00000 -0.00000 -0.00000
vn -0.99503 0.09961 0.00000
vn -0.99503 0.09961 0.00000
vn -0.99503 0.09961 0.00000
vn -0.99503 0.09961 0.00000
vn -0.00000 -0.00000 1.00000
vn -0.00000 -0.00000 1.00000
vn -0.00000 -0.00000 1.00000
vn -0.00000 -0.00000 1.00000
vn 0.00000 0.00000 -1.00000
vn 0.00000 0.00000 -1.00000
vn 0.00000 0.00000 -1.00000
vn 0.59686 -0.80234 -0.00000
vn 0.59686 -0.80234 -0.00000
vn 0.59686 -0.80234 -0.00000
vn 0.59686 -0.80234 -0.00000
vn -0.00000 1.00000 0.00000
vn -0.00000 1.00000 0.00000
vn -0.00000 1.00000 0.00000
vn -0.00000 -0.00000 1.00000
vn -0.00000 -0.00000 1.00000
vn -0.00000 -0.00000 1.00000
vn -0.00000 -0.00000 1.00000
vn -0.85015 -0.52654 -0.00000
vn -0.85015 -0.52654 -0.00000
vn -0.85015 -0.52654 -0.00000
vn -0.85015 -0.52654 -0.00000
vn 0.00000 0.00000 -1.00000
vn 0.00000 0.00000 -1.00000
vn 0.00000 0.00000 -1.00000
vn -0.00000 1.00000 0.00000
vn -0.00000 1.00000 0.00000
vn -0.00000 1.00000 0.00000
vn -0.00000 1.00000 0.00000
vn 0.00000 -1.00000 -0.00000
vn 0.00000 -1.00000 -0.00000
vn 0.00000 -1.00000 -0.00000
vn -0.00000 1.00000 0.00000
vn -0.00000 1.00000 0.00000
vn -0.00000 1.00000 0.00000
vn -0.00000 1.00000 0.00000
vn 0.00000 0.00000 -1.00000
vn -0.00000 -0.00000 1.00000
vn 0.00000 0.00000 1.00000
vn -0.00000 0.00000 1.00000
vn 0.00000 0.00000 1.00000
vn 0.00000 -0.00000 -1.00000
vn 0.00000 -0.00000 -1.00000
vn -0.00000 -0.00000 -1.00000
vn 0.00000 -0.00000 -1.00000
vn -0.00000 -0.00000 -1.00000
vn -0.00000 -0.00000 -1.00000
vn 0.00000 0.00000 -1.00000
vn 0.00000 0.00000 -1.00000
vn 0.83466 -0.55076 -0.00000
vn 0.83466 -0.55076 -0.00000
vn 0.83466 -0.55076 -0.00000
vn 0.83466 -0.55076 -0.00000
vn -0.07450 -0.99722 -0.00000
vn -0.07450 -0.99722 -0.00000
vn -0.07450 -0.99722 -0.00000
vn -0.07450 -0.99722 -0.00000
vn -0.97080 -0.23989 -0.00000
vn -0.97080 -0.23989 -0.00000
vn -0.97080 -0.23989 -0.00000
vn -0.97080 -0.23989 -0.00000
vn 1.00000 -0.00000 -0.00000
vn 1.00000 -0.00000 -0.00000
vn 1.00000 -0.00000 -0.00000
vn 0.00000 0.00000 -1.00000
vn 1.00000 0.00000 0.00000
vn 1.00000 0.00000 0.00000
vn 1.00000 0.00000 0.00000
vn 1.00000 0.00000 0.00000
vn 0.00000 -1.00000 -0.00000
vn 0.00000 -1.00000 -0.00000
vn 0.00000 -1.00000 -0.00000
vn -0.00000 -0.00000 1.00000
vn -0.00000 -0.00000 1.00000
vn -0.00000 0.00000 1.00000
vn -0.00000 -0.00000 1.00000
vn -0.00000 -0.00000 1.00000
vn 1.00000 -0.00000 -0.00000
vn 1.00000 -0.00000 -0.00000
vn 1.00000 -0.00000 -0.00000
vn 1.00000 -0.00000 -0.00000
vn -0.00000 1.00000 0.00000
vn -0.00000 1.00000 0.00000
vn -0.00000 1.00000 0.00000
vn 0.34542 -0.93845 -0.00000
vn 0.34542 -0.93845 -0.00000
vn 0.34542 -0.93845 -0.00000
vn 0.34542 -0.93845 -0.00000
vn -0.00000 1.00000 0.00000
vn -0.00000 1.00000 0.00000
vn -0.00000 1.00000 0.00000
vn -0.00000 1.00000 0.00000
vn 0.00000 0.00000 -1.00000
vn 0.00000 0.00000 -1.00000
vn -0.00000 -0.00000 1.00000
vn -0.00000 -0.00000 1.00000
vn -0.00000 -0.00000 1.00000
vn -0.00000 0.00000 1.00000
vn -0.00000 1.00000 0.00000
vn -0.00000 1.00000 0.00000
vn -0.00000 1.00000 0.00000
vn -0.00000 1.00000 0.00000
vn -0.00000 0.00000 1.00000
vn -1.00000 -0.00000 -0.00000
vn -1.00000 -0.00000 -0.00000
vn -1.00000 -0.00000 -0.00000
vn -1.00000 -0.00000 -0.00000
vn 0.00000 0.00000 -1.00000
vn 0.00000 0.00000 -1.00000
vn 0.00000 0.00000 -1.00000
vn -1.00000 0.00000 0.00000
vn -1.00000 0.00000 0.00000
vn -1.00000 0.00000 0.00000
vn -1.00000 0.00000 0.00000
vn 0.18770 -0.98223 -0.00000
vn 0.18770 -0.98223 -0.00000
vn 0.18770 -0.98223 -0.00000
vn 0.18770 -0.98223 -0.00000
vn 0.00000 0.00062 -1.00000
vn 0.00000 0.00062 -1.00000
vn 0.00000 0.00062 -1.00000
vn 0.00000 0.00062 -1.00000
vn -0.00000 1.00000 0.00000
vn -0.00000 1.00000 0.00000
vn -0.00000 1.00000 0.00000
vn -0.00000 1.00000 0.00000
vn -0.00000 0.00062 1.00000
vn -0.00000 0.00062 1.00000
vn -0.00000 0.00062 1.00000
vn -0.00000 0.00062 1.00000
vn -0.00000 1.00000 0.00000
vn -0.00000 1.00000 0.00000
vn -0.00000 1.00000 0.00000
vn -0.00000 1.00000 0.00000
vn 0.00000 0.00062 -1.00000
vn 0.00000 0.00062 -1.00000
vn 0.00000 0.00062 -1.00000
vn 0.00000 0.00062 -1.00000
vn -0.00000 0.00062 1.00000
vn -0.00000 0.00062 1.00000
vn -0.00000 0.00062 1.00000
vn -0.00000 0.00062 1.00000
vn -0.00000 1.00000 0.00000
vn -0.00000 1.00000 0.00000
vn -0.00000 1.00000 0.00000
vn -0.00000 1.00000 0.00000
vn 0.00000 0.00062 -1.00000
vn 0.00000 0.00062 -1.00000
vn 0.00000 0.00062 -1.00000
vn 0.00000 0.00062 -1.00000
vn -0.00000 0.00062 1.00000
vn -0.00000 0.00062 1.00000
vn -0.00000 0.00062 1.00000
vn -0.00000 0.00062 1.00000
vn -0.00000 1.00000 0.00000
vn -0.00000 1.00000 0.00000
vn -0.00000 1.00000 0.00000
vn -0.00000 1.00000 0.00000
vn 0.00000 0.00052 -1.00000
vn 0.00000 0.00052 -1.00000
vn 0.00000 0.00052 -1.00000
vn 0.00000 0.00052 -1.00000
vn -0.00000 0.00052 1.00000
vn -0.00000 0.00052 1.00000
vn -0.00000 0.00052 1.00000
vn -0.00000 0.00052 1.00000
vn -0.00000 0.00062 1.00000
vn -0.00000 0.00062 1.00000
vn -0.00000 0.00062 1.00000
vn -0.00000 0.00062 1.00000
vn -0.00000 1.00000 0.00000
vn -0.00000 1.00000 0.00000
vn -0.00000 1.00000 0.00000
vn -0.00000 1.00000 0.00000
vn 0.00000 0.00062 -1.00000
vn 0.00000 0.00062 -1.00000
vn 0.00000 0.00062 -1.00000
vn 0.00000 0.00062 -1.00000
vn -0.00000 1.00000 0.00000
vn -0.00000 1.00000 0.00000
vn -0.00000 1.00000 0.00000
vn -0.00000 1.00000 0.00000
vn 0.00000 0.00052 -1.00000
vn 0.00000 0.00052 -1.00000
vn 0.00000 0.00052 -1.00000
vn 0.00000 0.00052 -1.00000
vn -0.00000 0.00052 1.00000
vn -0.00000 0.00052 1.00000
vn -0.00000 0.00052 1.00000
vn -0.00000 0.00052 1.00000
vn -0.00000 0.00062 -1.00000
vn -0.00000 0.00062 -1.00000
vn -0.00000 0.00062 -1.00000
vn -0.00000 0.00062 -1.00000
vn -0.00000 1.00000 -0.00000
vn -0.00000 1.00000 -0.00000
vn -0.00000 1.00000 -0.00000
vn -0.00000 1.00000 -0.00000
vn 0.00000 0.00062 1.00000
vn 0.00000 0.00062 1.00000
vn 0.00000 0.00062 1.00000
vn 0.00000 0.00062 1.00000
vn -0.00000 0.00062 -1.00000
vn -0.00000 0.00062 -1.00000
vn -0.00000 0.00062 -1.00000
vn -0.00000 0.00062 -1.00000
vn -0.00000 1.00000 0.00000
vn -0.00000 1.00000 0.00000
vn -0.00000 1.00000 0.00000
vn -0.00000 1.00000 0.00000
vn 0.00000 0.00062 1.00000
vn 0.00000 0.00062 1.00000
vn 0.00000 0.00062 1.00000
vn 0.00000 0.00062 1.00000
vn -0.00000 1.00000 0.00000
vn -0.00000 1.00000 0.00000
vn -0.00000 1.00000 0.00000
vn -0.00000 1.00000 0.00000
vn 0.00000 0.00062 -1.00000
vn 0.00000 0.00062 -1.00000
vn 0.00000 0.00062 -1.00000
vn 0.00000 0.00062 -1.00000
vn -0.00000 0.00062 1.00000
vn -0.00000 0.00062 1.00000
vn -0.00000 0.00062 1.00000
vn -0.00000 0.00062 1.00000
vn -0.00000 1.00000 0.00000
vn -0.00000 1.00000 0.00000
vn -0.00000 1.00000 0.00000
vn -0.00000 1.00000 0.00000
vn 0.00000 0.00062 -1.00000
vn 0.00000 0.00062 -1.00000
vn 0.00000 0.00062 -1.00000
vn 0.00000 0.00062 -1.00000
vn -0.00000 0.00062 1.00000
vn -0.00000 0.00062 1.00000
vn -0.00000 0.00062 1.00000
vn -0.00000 0.00062 1.00000
vn -0.00000 1.00000 0.00000
vn -0.00000 1.00000 0.00000
vn -0.00000 1.00000 0.00000
vn -0.00000 1.00000 0.00000
vn 0.00000 0.00052 -1.00000
vn 0.00000 0.00052 -1.00000
vn 0.00000 0.00052 -1.00000
vn 0.00000 0.00052 -1.00000
vn -0.00000 0.00052 1.00000
vn -0.00000 0.00052 1.00000
vn -0.00000 0.00052 1.00000
vn -0.00000 0.00052 1.00000
vn -0.00000 0.00062 1.00000
vn -0.00000 0.00062 1.00000
vn -0.00000 0.00062 1.00000
vn -0.00000 0.00062 1.00000
vn -0.00000 1.00000 0.00000
vn -0.00000 1.00000 0.00000
vn -0.00000 1.00000 0.00000
vn -0.00000 1.00000 0.00000
vn 0.00000 0.00062 -1.00000
vn 0.00000 0.00062 -1.00000
vn 0.00000 0.00062 -1.00000
vn 0.00000 0.00062 -1.00000
vn -0.00000 1.00000 0.00000
vn -0.00000 1.00000 0.00000
vn -0.00000 1.00000 0.00000
vn -0.00000 1.00000 0.00000
vn 0.00000 0.00052 -1.00000
vn 0.00000 0.00052 -1.00000
vn 0.00000 0.00052 -1.00000
vn 0.00000 0.00052 -1.00000
vn -0.00000 0.00052 1.00000
vn -0.00000 0.00052 1.00000
vn -0.00000 0.00052 1.00000
vn -0.00000 0.00052 1.00000
g Highlights
usemtl Highlights
f 1/1/1 2/2/2 3/3/3
f 4/4/4 1/1/1 3/3/3
f 5/5/5 6/6/6 7/7/7
f 7/7/7 6/6/6 8/8/8
f 9/9/9 10/10/10 11/11/11
f 11/11/11 10/10/10 12/12/12
f 13/13/13 14/14/14 15/15/15
f 16/16/16 15/15/15 14/14/14
f 17/17/17 18/18/18 19/19/19
f 20/20/20 17/17/17 19/19/19
f 21/21/21 22/22/22 23/23/23
f 24/24/24 23/23/23 22/22/22
f 25/25/25 26/26/26 27/27/27
f 27/27/27 26/26/26 28/28/28
f 29/29/29 30/30/30 31/31/31
f 31/31/31 30/30/30 32/32/32
f 33/33/33 34/34/34 35/35/35
f 35/35/35 34/34/34 36/36/36
f 37/37/37 38/38/38 39/39/39
f 40/40/40 39/39/39 38/38/38
f 41/41/41 42/42/42 43/43/43
f 44/44/44 43/43/43 42/42/42
f 45/45/45 46/46/46 47/47/47
f 48/48/48 45/45/45 47/47/47
f 49/49/49 50/50/50 51/51/51
f 49/49/49 51/51/51 52/52/52
f 53/53/53 54/54/54 55/55/55
f 54/54/54 53/53/53 56/56/56
f 57/57/57 58/58/58 59/59/59
f 60/60/60 57/57/57 59/59/59
f 61/61/61 62/62/62 63/63/63
f 63/63/63 64/64/64 61/61/61
f 65/65/65 66/66/66 67/67/67
f 68/68/68 69/69/69 70/70/70
f 71/71/71 72/72/72 73/73/73
f 73/73/73 72/72/72 74/74/74
f 75/75/75 76/76/76 77/77/77
f 78/78/78 75/75/75 77/77/77
f 79/79/79 80/80/80 81/81/81
f 81/81/81 80/80/80 82/82/82
f 83/83/83 84/84/84 85/85/85
f 86/86/86 85/85/85 84/84/84
f 87/87/87 88/88/88 89/89/89
f 90/90/90 89/89/89 88/88/88
f 91/91/91 92/92/92 93/93/93
f 94/94/94 91/91/91 93/93/93
f 95/95/95 96/96/96 97/97/97
f 97/97/97 96/96/96 98/98/98
f 99/99/99 100/100/100 101/101/101
f 102/102/102 101/101/101 100/100/100
f 103/103/103 104/104/104 105/105/105
f 106/106/106 105/105/105 104/104/104
f 107/107/107 108/108/108 109/109/109
f 107/107/107 110/110/110 108/108/108
f 111/111/111 112/112/112 113/113/113
f 113/113/113 114/114/114 111/111/111
f 115/115/115 116/116/116 117/117/117
f 116/116/116 115/115/115 118/118/118
f 119/119/119 120/120/120 121/121/121
f 122/122/122 123/123/123 124/124/124
f 125/125/125 126/126/126 127/127/127
f 126/126/126 125/125/125 128/128/128
f 129/129/129 130/130/130 131/131/131
f 132/132/132 129/129/129 131/131/131
f 133/133/133 134/134/134 135/135/135
f 133/133/133 135/135/135 136/136/136
f 137/137/137 138/138/138 139/139/139
f 140/140/140 137/137/137 139/139/139
f 141/141/141 142/142/142 143/143/143
f 141/141/141 144/144/144 142/142/142
f 145/145/145 146/146/146 147/147/147
f 147/147/147 148/148/148 145/145/145
f 149/149/149 150/150/150 151/151/151
f 151/151/151 152/152/152 149/149/149
f 153/153/153 154/154/154 155/155/155
f 154/154/154 153/153/153 156/156/156
f 157/157/157 158/158/158 159/159/159
f 157/157/157 159/159/159 160/160/160
f 161/161/161 162/162/162 163/163/163
f 162/162/162 161/161/161 164/164/164
f 165/165/165 166/166/166 167/167/167
f 168/168/168 165/165/165 167/167/167
f 169/169/169 170/170/170 171/171/171
f 171/171/171 172/172/172 169/169/169
f 173/173/173 174/174/174 175/175/175
f 173/173/173 175/175/175 176/176/176
f 177/177/177 178/178/178 179/179/179
f 179/179/179 180/180/180 177/177/177
f 181/181/181 182/182/182 183/183/183
f 184/184/184 181/181/181 183/183/183
f 185/185/185 186/186/186 187/187/187
f 186/186/186 185/185/185 188/188/188
f 189/189/189 190/190/190 191/191/191
f 190/190/190 189/189/189 192/192/192
f 193/193/193 194/194/194 195/195/195
f 195/195/195 194/194/194 196/196/196
f 197/197/197 198/198/198 199/199/199
f 199/199/199 200/200/200 197/197/197
f 201/201/201 202/202/202 203/203/203
f 201/201/201 204/204/204 202/202/202
f 205/205/205 206/206/206 207/207/207
f 208/208/208 205/205/205 207/207/207
f 209/209/209 210/210/210 211/211/211
f 212/212/212 211/211/211 210/210/210
f 213/213/213 214/214/214 215/215/215
f 215/215/215 214/214/214 216/216/216
f 217/217/217 218/218/218 219/219/219
f 220/220/220 219/219/219 218/218/218
f 221/221/221 222/222/222 223/223/223
f 224/224/224 225/225/225 226/226/226
f 227/227/227 228/228/228 229/229/229
f 230/230/230 227/227/227 229/229/229
f 231/231/231 232/232/232 233/233/233
f 231/231/231 233/233/233 234/234/234
f 235/235/235 236/236/236 237/237/237
f 237/237/237 238/238/238 235/235/235
f 239/239/239 240/240/240 241/241/241
f 240/240/240 239/239/239 242/242/242
f 243/243/243 244/244/244 245/245/245
f 244/244/244 243/243/243 246/246/246
f 247/247/247 248/248/248 249/249/249
f 250/250/250 247/247/247 249/249/249
f 251/251/251 252/252/252 253/253/253
f 253/253/253 254/254/254 251/251/251
f 255/255/255 256/256/256 257/257/257
f 255/255/255 257/257/257 258/258/258
f 259/259/259 260/260/260 261/261/261
f 261/261/261 260/260/260 262/262/262
f 263/263/263 264/264/264 265/265/265
f 265/265/265 264/264/264 266/266/266
f 267/267/267 268/268/268 269/269/269
f 270/270/270 267/267/267 269/269/269
f 271/271/271 272/272/272 273/273/273
f 272/272/272 271/271/271 274/274/274
f 275/275/275 276/276/276 277/277/277
f 277/277/277 276/276/276 278/278/278
f 279/279/279 280/280/280 281/281/281
f 282/282/282 279/279/279 281/281/281
f 283/283/283 284/284/284 285/285/285
f 285/285/285 284/284/284 286/286/286
f 287/287/287 288/288/288 289/289/289
f 290/290/290 289/289/289 288/288/288
f 291/291/291 292/292/292 293/293/293
f 294/294/294 295/295/295 296/296/296
g Main
usemtl Main
f 297/297/297 298/298/298 299/299/299
f 298/298/298 297/297/297 300/300/300
f 301/301/301 302/302/302 303/303/303
f 304/304/304 303/303/303 302/302/302
f 305/305/305 306/306/306 307/307/307
f 308/308/308 305/305/305 307/307/307
f 309/309/309 310/310/310 311/311/311
f 311/311/311 312/312/312 309/309/309
f 313/313/313 314/314/314 315/315/315
f 314/314/314 313/313/313 316/316/316
f 317/317/317 318/318/318 319/319/319
f 318/318/318 317/317/317 320/320/320
f 321/321/321 322/322/322 323/323/323
f 321/321/321 323/323/323 324/324/324
f 325/325/325 326/326/326 327/327/327
f 325/325/325 328/328/328 326/326/326
f 329/329/329 330/330/330 331/331/331
f 330/330/330 329/329/329 332/332/332
f 333/333/333 334/334/334 335/335/335
f 336/336/336 337/337/337 338/338/338
f 337/337/337 336/336/336 339/339/339
f 340/340/340 341/341/341 342/342/342
f 343/343/343 344/344/344 345/345/345
f 344/344/344 343/343/343 346/346/346
f 347/347/347 348/348/348 349/349/349
f 348/348/348 347/347/347 350/350/350
f 351/351/351 352/352/352 353/353/353
f 352/352/352 351/351/351 354/354/354
f 355/355/355 340/340/340 356/356/356
f 341/341/341 340/340/340 355/355/355
f 357/357/357 341/341/341 355/355/355
f 357/357/357 358/358/358 341/341/341
f 359/359/359 360/360/360 361/361/361
f 360/360/360 359/359/359 362/362/362
f 363/363/363 364/364/364 365/365/365
f 366/366/366 367/367/367 368/368/368
f 366/366/366 369/369/369 367/367/367
f 370/370/370 371/371/371 372/372/372
f 373/373/373 371/371/371 370/370/370
f 373/373/373 370/370/370 374/374/374
f 375/375/375 376/376/376 377/377/377
f 376/376/376 375/375/375 378/378/378
f 379/379/379 345/345/345 380/380/380
f 345/345/345 364/364/364 363/363/363
f 345/345/345 344/344/344 380/380/380
f 364/364/364 345/345/345 379/379/379
f 381/381/381 382/382/382 383/383/383
f 384/384/384 383/383/383 382/382/382
f 385/385/385 386/386/386 387/387/387
f 388/388/388 385/385/385 387/387/387
f 389/389/389 390/390/390 391/391/391
f 389/389/389 391/391/391 392/392/392
f 393/393/393 394/394/394 395/395/395
f 393/393/393 396/396/396 394/394/394
f 397/397/397 398/398/398 399/399/399
f 398/398/398 397/397/397 400/400/400
f 401/401/401 402/402/402 403/403/403
f 403/403/403 404/404/404 401/401/401
f 404/404/404 403/403/403 405/405/405
f 406/406/406 407/407/407 408/408/408
f 407/407/407 406/406/406 409/409/409
f 410/410/410 411/411/411 412/412/412
f 411/411/411 410/410/410 413/413/413
f 414/414/414 415/415/415 416/416/416
f 417/417/417 415/415/415 414/414/414
f 418/418/418 419/419/419 420/420/420
f 419/419/419 418/418/418 421/421/421
f 422/422/422 423/423/423 424/424/424
f 423/423/423 422/422/422 425/425/425
f 426/426/426 427/427/427 428/428/428
f 429/429/429 430/430/430 431/431/431
f 430/430/430 429/429/429 432/432/432
f 433/433/433 434/434/434 435/435/435
f 434/434/434 433/433/433 436/436/436
f 437/437/437 438/438/438 439/439/439
f 440/440/440 441/441/441 442/442/442
f 440/440/440 443/443/443 441/441/441
f 444/444/444 445/445/445 446/446/446
f 445/445/445 444/444/444 447/447/447
f 448/448/448 449/449/449 450/450/450
f 449/449/449 448/448/448 451/451/451
f 452/452/452 453/453/453 454/454/454
f 452/452/452 454/454/454 455/455/455
f 456/456/456 457/457/457 458/458/458
f 456/456/456 459/459/459 460/460/460
f 459/459/459 456/456/456 458/458/458
f 439/439/439 438/438/438 461/461/461
f 461/461/461 462/462/462 439/439/439
f 462/462/462 463/463/463 439/439/439
f 462/462/462 461/461/461 464/464/464
f 465/465/465 466/466/466 467/467/467
f 466/466/466 465/465/465 468/468/468
f 466/466/466 468/468/468 469/469/469
f 470/470/470 471/471/471 472/472/472
f 470/470/470 472/472/472 473/473/473
f 474/474/474 475/475/475 476/476/476
f 477/477/477 478/478/478 479/479/479
f 478/478/478 477/477/477 480/480/480
f 481/481/481 482/482/482 483/483/483
f 481/481/481 484/484/484 482/482/482
f 485/485/485 486/486/486 487/487/487
f 488/488/488 489/489/489 490/490/490
f 489/489/489 488/488/488 491/491/491
f 492/492/492 493/493/493 494/494/494
f 495/495/495 496/496/496 497/497/497
f 496/496/496 495/495/495 498/498/498
f 499/499/499 500/500/500 501/501/501
f 501/501/501 502/502/502 499/499/499
f 503/503/503 504/504/504 505/505/505
f 503/503/503 506/506/506 504/504/504
f 507/507/507 508/508/508 509/509/509
f 507/507/507 510/510/510 508/508/508
f 509/509/509 511/511/511 512/512/512
f 509/509/509 508/508/508 511/511/511
f 513/513/513 514/514/514 515/515/515
f 516/516/516 515/515/515 514/514/514
f 517/517/517 518/518/518 519/519/519
f 493/493/493 492/492/492 520/520/520
f 521/521/521 520/520/520 522/522/522
f 520/520/520 521/521/521 493/493/493
f 523/523/523 524/524/524 525/525/525
f 525/525/525 526/526/526 523/523/523
f 527/527/527 528/528/528 529/529/529
f 528/528/528 527/527/527 530/530/530
f 531/531/531 532/532/532 533/533/533
f 532/532/532 531/531/531 534/534/534
f 535/535/535 536/536/536 537/537/537
f 536/536/536 535/535/535 538/538/538
f 539/539/539 540/540/540 541/541/541
f 540/540/540 539/539/539 542/542/542
f 543/543/543 544/544/544 545/545/545
f 546/546/546 544/544/544 543/543/543
f 547/547/547 548/548/548 549/549/549
f 550/550/550 548/548/548 547/547/547
f 548/548/548 550/550/550 551/551/551
f 552/552/552 553/553/553 554/554/554
f 553/553/553 552/552/552 555/555/555
f 556/556/556 557/557/557 558/558/558
f 556/556/556 558/558/558 559/559/559
f 560/560/560 561/561/561 562/562/562
f 560/560/560 563/563/563 561/561/561
f 564/564/564 565/565/565 566/566/566
f 565/565/565 564/564/564 567/567/567
f 568/568/568 569/569/569 570/570/570
f 571/571/571 572/572/572 573/573/573
f 572/572/572 571/571/571 574/574/574
f 573/573/573 572/572/572 575/575/575
f 569/569/569 568/568/568 576/576/576
f 569/569/569 577/577/577 570/570/570
f 577/577/577 569/569/569 578/578/578
f 579/579/579 580/580/580 581/581/581
f 582/582/582 581/581/581 580/580/580
f 583/583/583 584/584/584 585/585/585
f 584/584/584 583/583/583 586/586/586
f 587/587/587 588/588/588 589/589/589
f 588/588/588 587/587/587 590/590/590
f 591/591/591 592/592/592 593/593/593
f 594/594/594 593/593/593 592/592/592
f 595/595/595 596/596/596 597/597/597
f 598/598/598 597/597/597 596/596/596
f 599/599/599 600/600/600 601/601/601
f 600/600/600 599/599/599 602/602/602
f 603/603/603 604/604/604 605/605/605
f 603/603/603 606/606/606 604/604/604
f 603/603/603 607/607/607 606/606/606
f 608/608/608 609/609/609 610/610/610
f 611/611/611 608/608/608 610/610/610
f 612/612/612 613/613/613 614/614/614
f 615/615/615 613/613/613 612/612/612
f 616/616/616 613/613/613 615/615/615
f 606/606/606 617/617/617 604/604/604
f 617/617/617 606/606/606 618/618/618
f 619/619/619 620/620/620 621/621/621
f 620/620/620 619/619/619 622/622/622
f 623/623/623 624/624/624 625/625/625
f 624/624/624 623/623/623 626/626/626
f 627/627/627 628/628/628 629/629/629
f 630/630/630 629/629/629 628/628/628
f 631/631/631 632/632/632 633/633/633
f 634/634/634 633/633/633 632/632/632
f 635/635/635 636/636/636 637/637/637
f 635/635/635 638/638/638 636/636/636
f 639/639/639 640/640/640 641/641/641
f 640/640/640 639/639/639 642/642/642
f 643/643/643 640/640/640 642/642/642
f 644/644/644 645/645/645 646/646/646
f 645/645/645 644/644/644 647/647/647
f 648/648/648 649/649/649 650/650/650
f 651/651/651 650/650/650 649/649/649
f 652/652/652 653/653/653 654/654/654
f 655/655/655 654/654/654 653/653/653
f 656/656/656 657/657/657 658/658/658
f 657/657/657 656/656/656 659/659/659
f 660/660/660 661/661/661 662/662/662
f 660/660/660 663/663/663 664/664/664
f 665/665/665 666/666/666 667/667/667
f 666/666/666 665/665/665 668/668/668
f 667/667/667 666/666/666 669/669/669
f 663/663/663 660/660/660 662/662/662
f 663/663/663 670/670/670 671/671/671
f 670/670/670 662/662/662 672/672/672
f 673/673/673 674/674/674 675/675/675
f 674/674/674 673/673/673 676/676/676
f 677/677/677 678/678/678 679/679/679
f 678/678/678 677/677/677 680/680/680
f 681/681/681 682/682/682 683/683/683
f 681/681/681 684/684/684 682/682/682
f 685/685/685 686/686/686 687/687/687
f 688/688/688 686/686/686 685/685/685
f 689/689/689 690/690/690 691/691/691
f 690/690/690 689/689/689 692/692/692
f 693/693/693 694/694/694 695/695/695
f 694/694/694 693/693/693 696/696/696
f 697/697/697 698/698/698 699/699/699
f 699/699/699 700/700/700 697/697/697
f 701/701/701 702/702/702 703/703/703
f 702/702/702 704/704/704 705/705/705
f 702/702/702 701/701/701 704/704/704
f 683/683/683 706/706/706 707/707/707
f 682/682/682 706/706/706 683/683/683
f 706/706/706 682/682/682 708/708/708
f 709/709/709 710/710/710 711/711/711
f 710/710/710 709/709/709 712/712/712
f 713/713/713 714/714/714 715/715/715
f 716/716/716 714/714/714 713/713/713
f 717/717/717 718/718/718 719/719/719
f 717/717/717 719/719/719 720/720/720
f 721/721/721 722/722/722 723/723/723
f 722/722/722 721/721/721 724/724/724
f 725/725/725 726/726/726 727/727/727
f 728/728/728 725/725/725 727/727/727
f 729/729/729 730/730/730 731/731/731
f 732/732/732 730/730/730 729/729/729
f 733/733/733 734/734/734 735/735/735
f 734/734/734 733/733/733 736/736/736
f 737/737/737 738/738/738 739/739/739
f 740/740/740 741/741/741 742/742/742
f 743/743/743 744/744/744 745/745/745
f 746/746/746 745/745/745 747/747/747
f 745/745/745 746/746/746 743/743/743
f 748/748/748 749/749/749 750/750/750
f 749/749/749 748/748/748 751/751/751
f 739/739/739 752/752/752 753/753/753
f 752/752/752 739/739/739 754/754/754
f 755/755/755 756/756/756 757/757/757
f 756/756/756 755/755/755 758/758/758
f 759/759/759 760/760/760 761/761/761
f 762/762/762 760/760/760 759/759/759
f 763/763/763 764/764/764 741/741/741
f 765/765/765 766/766/766 767/767/767
f 768/768/768 766/766/766 765/765/765
f 754/754/754 769/769/769 752/752/752
f 754/754/754 739/739/739 738/738/738
f 770/770/770 771/771/771 769/769/769
f 770/770/770 769/769/769 754/754/754
f 770/770/770 738/738/738 772/772/772
f 738/738/738 770/770/770 754/754/754
f 773/773/773 774/774/774 775/775/775
f 774/774/774 773/773/773 776/776/776
f 777/777/777 778/778/778 779/779/779
f 778/778/778 777/777/777 780/780/780
f 781/781/781 782/782/782 783/783/783
f 782/782/782 781/781/781 784/784/784
f 785/785/785 786/786/786 787/787/787
f 786/786/786 785/785/785 788/788/788
f 789/789/789 790/790/790 791/791/791
f 792/792/792 793/793/793 794/794/794
f 795/795/795 796/796/796 797/797/797
f 795/795/795 798/798/798 796/796/796
f 799/799/799 800/800/800 801/801/801
f 802/802/802 801/801/801 800/800/800
f 803/803/803 804/804/804 805/805/805
f 804/804/804 803/803/803 793/793/793
f 804/804/804 793/793/793 792/792/792
f 806/806/806 807/807/807 808/808/808
f 807/807/807 806/806/806 809/809/809
f 810/810/810 811/811/811 812/812/812
f 811/811/811 810/810/810 813/813/813
f 814/814/814 815/815/815 816/816/816
f 817/817/817 816/816/816 815/815/815
f 818/818/818 819/819/819 820/820/820
f 819/819/819 821/821/821 822/822/822
f 819/819/819 818/818/818 821/821/821
f 823/823/823 824/824/824 825/825/825
f 824/824/824 823/823/823 826/826/826
f 790/790/790 789/789/789 827/827/827
f 790/790/790 827/827/827 828/828/828
f 828/828/828 827/827/827 829/829/829
f 797/797/797 830/830/830 831/831/831
f 796/796/796 830/830/830 797/797/797
f 830/830/830 796/796/796 832/832/832
f 833/833/833 834/834/834 835/835/835
f 833/833/833 836/836/836 837/837/837
f 838/838/838 839/839/839 840/840/840
f 841/841/841 838/838/838 840/840/840
f 842/842/842 843/843/843 844/844/844
f 845/845/845 844/844/844 843/843/843
f 846/846/846 474/474/474 847/847/847
f 475/475/475 474/474/474 846/846/846
f 848/848/848 475/475/475 846/846/846
f 848/848/848 849/849/849 475/475/475
f 850/850/850 851/851/851 852/852/852
f 850/850/850 853/853/853 851/851/851
f 854/854/854 855/855/855 856/856/856
f 855/855/855 854/854/854 857/857/857
f 858/858/858 859/859/859 860/860/860
f 858/858/858 861/861/861 862/862/862
f 859/859/859 858/858/858 862/862/862
f 863/863/863 864/864/864 865/865/865
f 863/863/863 866/866/866 864/864/864
f 867/867/867 868/868/868 869/869/869
f 868/868/868 486/486/486 485/485/485
f 868/868/868 867/867/867 486/486/486
f 870/870/870 871/871/871 872/872/872
f 871/871/871 870/870/870 873/873/873
f 836/836/836 833/833/833 835/835/835
f 835/835/835 874/874/874 836/836/836
f 875/875/875 874/874/874 835/835/835
f 876/876/876 877/877/877 878/878/878
f 877/877/877 876/876/876 879/879/879
f 518/518/518 517/517/517 880/880/880
f 519/519/519 881/881/881 882/882/882
f 881/881/881 519/519/519 518/518/518
f 883/883/883 884/884/884 885/885/885
f 884/884/884 883/883/883 886/886/886
f 887/887/887 888/888/888 889/889/889
f 888/888/888 887/887/887 890/890/890
f 891/891/891 892/892/892 893/893/893
f 894/894/894 893/893/893 892/892/892
f 895/895/895 896/896/896 897/897/897
f 898/898/898 899/899/899 900/900/900
f 901/901/901 898/898/898 900/900/900
f 902/902/902 903/903/903 904/904/904
f 904/904/904 903/903/903 905/905/905
f 906/906/906 907/907/907 908/908/908
f 909/909/909 910/910/910 911/911/911
f 910/910/910 909/909/909 912/912/912
f 896/896/896 913/913/913 897/897/897
f 896/896/896 895/895/895 914/914/914
f 913/913/913 896/896/896 915/915/915
f 916/916/916 917/917/917 918/918/918
f 919/919/919 920/920/920 921/921/921
f 921/921/921 908/908/908 907/907/907
f 908/908/908 921/921/921 920/920/920
f 917/917/917 916/916/916 922/922/922
f 922/922/922 923/923/923 917/917/917
f 923/923/923 922/922/922 924/924/924
f 925/925/925 926/926/926 927/927/927
f 926/926/926 925/925/925 928/928/928
f 929/929/929 930/930/930 931/931/931
f 932/932/932 930/930/930 929/929/929
f 933/933/933 934/934/934 935/935/935
f 936/936/936 934/934/934 933/933/933
f 937/937/937 938/938/938 939/939/939
f 938/938/938 937/937/937 940/940/940
f 941/941/941 942/942/942 943/943/943
f 944/944/944 943/943/943 942/942/942
f 945/945/945 946/946/946 947/947/947
f 947/947/947 948/948/948 945/945/945
f 949/949/949 950/950/950 951/951/951
f 951/951/951 950/950/950 952/952/952
f 953/953/953 954/954/954 955/955/955
f 953/953/953 955/955/955 956/956/956
f 957/957/957 958/958/958 959/959/959
f 960/960/960 958/958/958 957/957/957
f 961/961/961 962/962/962 963/963/963
f 962/962/962 961/961/961 964/964/964
f 965/965/965 962/962/962 964/964/964
f 966/966/966 967/967/967 968/968/968
f 967/967/967 966/966/966 969/969/969
f 970/970/970 971/971/971 972/972/972
f 973/973/973 972/972/972 971/971/971
f 974/974/974 975/975/975 976/976/976
f 977/977/977 976/976/976 975/975/975
f 978/978/978 979/979/979 980/980/980
f 979/979/979 978/978/978 981/981/981
f 982/982/982 983/983/983 984/984/984
f 982/982/982 985/985/985 986/986/986
f 985/985/985 982/982/982 984/984/984
f 987/987/987 988/988/988 989/989/989
f 990/990/990 988/988/988 987/987/987
f 991/991/991 992/992/992 993/993/993
f 992/992/992 991/991/991 994/994/994
f 995/995/995 996/996/996 997/997/997
f 997/997/997 996/996/996 998/998/998
f 999/999/999 1000/1000/1000 1001/1001/1001
f 1000/1000/1000 999/999/999 1002/1002/1002
f 1001/1001/1001 1000/1000/1000 1003/1003/1003
f 1004/1004/1004 568/568/568 570/570/570
f 1004/1004/1004 984/984/984 983/983/983
f 570/570/570 984/984/984 1004/1004/1004
f 570/570/570 577/577/577 1005/1005/1005
f 1006/1006/1006 1007/1007/1007 1008/1008/1008
f 1009/1009/1009 1007/1007/1007 1006/1006/1006
f 1007/1007/1007 1009/1009/1009 1010/1010/1010
f 1011/1011/1011 1012/1012/1012 1013/1013/1013
f 1011/1011/1011 1013/1013/1013 1014/1014/1014
f 1015/1015/1015 1016/1016/1016 1017/1017/1017
f 1018/1018/1018 1016/1016/1016 1015/1015/1015
f 1019/1019/1019 1020/1020/1020 1021/1021/1021
f 1021/1021/1021 1020/1020/1020 1022/1022/1022
f 1023/1023/1023 1024/1024/1024 1025/1025/1025
f 1024/1024/1024 1023/1023/1023 1026/1026/1026
f 1027/1027/1027 1028/1028/1028 1029/1029/1029
f 1030/1030/1030 1028/1028/1028 1027/1027/1027
f 1031/1031/1031 1032/1032/1032 1033/1033/1033
f 1032/1032/1032 1031/1031/1031 1034/1034/1034
f 1035/1035/1035 1036/1036/1036 1037/1037/1037
f 1035/1035/1035 1037/1037/1037 1038/1038/1038
f 1039/1039/1039 1040/1040/1040 1041/1041/1041
f 1039/1039/1039 1042/1042/1042 1040/1040/1040
f 1043/1043/1043 1044/1044/1044 1045/1045/1045
f 1044/1044/1044 1043/1043/1043 1046/1046/1046
f 1047/1047/1047 1048/1048/1048 1049/1049/1049
f 1050/1050/1050 1047/1047/1047 1049/1049/1049
f 1051/1051/1051 1052/1052/1052 1053/1053/1053
f 1052/1052/1052 1051/1051/1051 1054/1054/1054
f 1055/1055/1055 1056/1056/1056 1057/1057/1057
f 1056/1056/1056 1055/1055/1055 1058/1058/1058
f 1059/1059/1059 1060/1060/1060 1061/1061/1061
f 1062/1062/1062 1061/1061/1061 1060/1060/1060
f 1063/1063/1063 1064/1064/1064 1065/1065/1065
f 1063/1063/1063 1066/1066/1066 1067/1067/1067
f 1067/1067/1067 1064/1064/1064 1063/1063/1063
f 1068/1068/1068 1069/1069/1069 1070/1070/1070
f 1069/1069/1069 1068/1068/1068 1071/1071/1071
f 1048/1048/1048 1047/1047/1047 1072/1072/1072
f 1073/1073/1073 1049/1049/1049 1048/1048/1048
f 1073/1073/1073 1074/1074/1074 1049/1049/1049
f 1075/1075/1075 1076/1076/1076 1077/1077/1077
f 1076/1076/1076 1075/1075/1075 1078/1078/1078
f 1079/1079/1079 1080/1080/1080 1081/1081/1081
f 1080/1080/1080 1079/1079/1079 1082/1082/1082
f 1083/1083/1083 1084/1084/1084 1085/1085/1085
f 1084/1084/1084 1083/1083/1083 1086/1086/1086
f 1087/1087/1087 1088/1088/1088 1089/1089/1089
f 1088/1088/1088 1087/1087/1087 1090/1090/1090
f 1091/1091/1091 1092/1092/1092 1093/1093/1093
f 1091/1091/1091 1093/1093/1093 1094/1094/1094
f 1095/1095/1095 1096/1096/1096 1097/1097/1097
f 1096/1096/1096 1095/1095/1095 1098/1098/1098
f 1099/1099/1099 1100/1100/1100 1101/1101/1101
f 1099/1099/1099 1101/1101/1101 1102/1102/1102
f 1103/1103/1103 1104/1104/1104 1105/1105/1105
f 1106/1106/1106 1104/1104/1104 1103/1103/1103
f 1107/1107/1107 1108/1108/1108 1109/1109/1109
f 1110/1110/1110 1107/1107/1107 1109/1109/1109
f 1111/1111/1111 1112/1112/1112 1113/1113/1113
f 1112/1112/1112 1111/1111/1111 1114/1114/1114
f 1115/1115/1115 1116/1116/1116 1117/1117/1117
f 1118/1118/1118 1116/1116/1116 1115/1115/1115
f 1116/1116/1116 1118/1118/1118 1119/1119/1119
f 1120/1120/1120 1121/1121/1121 1122/1122/1122
f 1121/1121/1121 1120/1120/1120 1123/1123/1123
f 1124/1124/1124 1125/1125/1125 1126/1126/1126
f 1124/1124/1124 1127/1127/1127 1125/1125/1125
f 1128/1128/1128 1129/1129/1129 1130/1130/1130
f 1128/1128/1128 1130/1130/1130 1131/1131/1131
f 1132/1132/1132 1133/1133/1133 1134/1134/1134
f 1133/1133/1133 1132/1132/1132 1135/1135/1135
f 1136/1136/1136 1137/1137/1137 1138/1138/1138
f 1139/1139/1139 1138/1138/1138 1140/1140/1140
f 1141/1141/1141 1142/1142/1142 1143/1143/1143
f 1141/1141/1141 1144/1144/1144 1142/1142/1142
f 1145/1145/1145 1146/1146/1146 1147/1147/1147
f 1148/1148/1148 1146/1146/1146 1145/1145/1145
f 1149/1149/1149 1150/1150/1150 1151/1151/1151
f 1150/1150/1150 1149/1149/1149 1152/1152/1152
f 1151/1151/1151 1150/1150/1150 1153/1153/1153
f 1154/1154/1154 662/662/662 661/661/661
f 1154/1154/1154 1136/1136/1136 1138/1138/1138
f 662/662/662 1154/1154/1154 1138/1138/1138
f 662/662/662 670/670/670 663/663/663
f 1138/1138/1138 1155/1155/1155 1156/1156/1156
f 1138/1138/1138 1139/1139/1139 662/662/662
f 1137/1137/1137 1136/1136/1136 1157/1157/1157
f 1137/1137/1137 1155/1155/1155 1138/1138/1138
f 1155/1155/1155 1137/1137/1137 1158/1158/1158
f 1159/1159/1159 1160/1160/1160 1161/1161/1161
f 1162/1162/1162 1160/1160/1160 1159/1159/1159
f 1163/1163/1163 1164/1164/1164 1165/1165/1165
f 1163/1163/1163 1166/1166/1166 1164/1164/1164
f 1167/1167/1167 1168/1168/1168 1169/1169/1169
f 1168/1168/1168 1167/1167/1167 1170/1170/1170
f 1171/1171/1171 1172/1172/1172 1173/1173/1173
f 1172/1172/1172 1171/1171/1171 1174/1174/1174
f 1175/1175/1175 1176/1176/1176 1177/1177/1177
f 1176/1176/1176 1175/1175/1175 1178/1178/1178
f 1179/1179/1179 1180/1180/1180 1181/1181/1181
f 1182/1182/1182 1183/1183/1183 1184/1184/1184
f 1183/1183/1183 1182/1182/1182 1185/1185/1185
f 1186/1186/1186 1187/1187/1187 1188/1188/1188
f 1189/1189/1189 1187/1187/1187 1186/1186/1186
f 1190/1190/1190 1191/1191/1191 1192/1192/1192
f 1190/1190/1190 1193/1193/1193 1191/1191/1191
f 1194/1194/1194 1195/1195/1195 1196/1196/1196
f 1194/1194/1194 1196/1196/1196 1197/1197/1197
f 1195/1195/1195 1198/1198/1198 1199/1199/1199
f 1198/1198/1198 1195/1195/1195 1194/1194/1194
f 1200/1200/1200 1201/1201/1201 1202/1202/1202
f 1201/1201/1201 1200/1200/1200 1203/1203/1203
f 1204/1204/1204 1205/1205/1205 1206/1206/1206
f 1205/1205/1205 1204/1204/1204 1207/1207/1207
f 1208/1208/1208 1209/1209/1209 1210/1210/1210
f 1211/1211/1211 1208/1208/1208 1210/1210/1210
f 1212/1212/1212 1213/1213/1213 1214/1214/1214
f 1212/1212/1212 1215/1215/1215 1216/1216/1216
f 1215/1215/1215 1212/1212/1212 1214/1214/1214
f 1217/1217/1217 1218/1218/1218 1219/1219/1219
f 1218/1218/1218 1217/1217/1217 1220/1220/1220
f 1221/1221/1221 1222/1222/1222 1223/1223/1223
f 1180/1180/1180 1179/1179/1179 1222/1222/1222
f 1180/1180/1180 1222/1222/1222 1221/1221/1221
f 1224/1224/1224 1225/1225/1225 1226/1226/1226
f 1225/1225/1225 1227/1227/1227 1228/1228/1228
f 1227/1227/1227 1225/1225/1225 1224/1224/1224
f 1229/1229/1229 1230/1230/1230 1231/1231/1231
f 1232/1232/1232 1230/1230/1230 1229/1229/1229
f 1233/1233/1233 1234/1234/1234 1235/1235/1235
f 1235/1235/1235 1236/1236/1236 1233/1233/1233
f 1237/1237/1237 1238/1238/1238 1239/1239/1239
f 1239/1239/1239 1240/1240/1240 1237/1237/1237
f 1241/1241/1241 1242/1242/1242 1243/1243/1243
f 1242/1242/1242 1241/1241/1241 1244/1244/1244
f 1245/1245/1245 1246/1246/1246 1247/1247/1247
f 1248/1248/1248 1246/1246/1246 1245/1245/1245
f 1249/1249/1249 1250/1250/1250 1251/1251/1251
f 1250/1250/1250 1249/1249/1249 1252/1252/1252
f 1253/1253/1253 1254/1254/1254 1255/1255/1255
f 1254/1254/1254 1253/1253/1253 1256/1256/1256
f 1257/1257/1257 1258/1258/1258 1259/1259/1259
f 1260/1260/1260 1258/1258/1258 1257/1257/1257
f 1261/1261/1261 1262/1262/1262 1263/1263/1263
f 1262/1262/1262 1261/1261/1261 1264/1264/1264
f 1265/1265/1265 1266/1266/1266 1267/1267/1267
f 1266/1266/1266 1265/1265/1265 1268/1268/1268
f 1269/1269/1269 1270/1270/1270 1271/1271/1271
f 1270/1270/1270 1269/1269/1269 1272/1272/1272
f 1273/1273/1273 1274/1274/1274 1275/1275/1275
f 1274/1274/1274 1273/1273/1273 1276/1276/1276
f 1277/1277/1277 1278/1278/1278 1279/1279/1279
f 1280/1280/1280 1281/1281/1281 1282/1282/1282
f 1280/1280/1280 1282/1282/1282 1283/1283/1283
f 1284/1284/1284 1285/1285/1285 1286/1286/1286
f 1285/1285/1285 427/427/427 426/426/426
f 1285/1285/1285 1284/1284/1284 427/427/427
f 1287/1287/1287 1288/1288/1288 1289/1289/1289
f 1288/1288/1288 1287/1287/1287 1290/1290/1290
f 1291/1291/1291 1289/1289/1289 1288/1288/1288
f 1292/1292/1292 1293/1293/1293 1294/1294/1294
f 1295/1295/1295 1296/1296/1296 1297/1297/1297
f 1296/1296/1296 1295/1295/1295 1298/1298/1298
f 1299/1299/1299 1300/1300/1300 1301/1301/1301
f 1299/1299/1299 1302/1302/1302 1303/1303/1303
f 1299/1299/1299 1303/1303/1303 1300/1300/1300
f 1302/1302/1302 1304/1304/1304 1303/1303/1303
f 1302/1302/1302 1299/1299/1299 1305/1305/1305
f 1304/1304/1304 1306/1306/1306 1303/1303/1303
f 1304/1304/1304 1307/1307/1307 1306/1306/1306
f 1308/1308/1308 1293/1293/1293 1309/1309/1309
f 1293/1293/1293 1292/1292/1292 1310/1310/1310
f 1294/1294/1294 1293/1293/1293 1308/1308/1308
f 1311/1311/1311 1312/1312/1312 1313/1313/1313
f 1312/1312/1312 1311/1311/1311 1314/1314/1314
f 1315/1315/1315 1316/1316/1316 1317/1317/1317
f 1315/1315/1315 1318/1318/1318 1316/1316/1316
f 1319/1319/1319 1320/1320/1320 1321/1321/1321
f 1320/1320/1320 1319/1319/1319 1322/1322/1322
f 1278/1278/1278 1277/1277/1277 1323/1323/1323
f 1324/1324/1324 1325/1325/1325 1278/1278/1278
f 1324/1324/1324 1278/1278/1278 1323/1323/1323
f 1283/1283/1283 1282/1282/1282 1326/1326/1326
f 1327/1327/1327 1326/1326/1326 1282/1282/1282
f 1328/1328/1328 1329/1329/1329 1330/1330/1330
f 1328/1328/1328 1331/1331/1331 1329/1329/1329
f 1300/1300/1300 1306/1306/1306 1332/1332/1332
f 1306/1306/1306 1300/1300/1300 1303/1303/1303
f 1333/1333/1333 1334/1334/1334 1335/1335/1335
f 1334/1334/1334 1333/1333/1333 1336/1336/1336
f 1282/1282/1282 741/741/741 764/764/764
f 1282/1282/1282 764/764/764 1327/1327/1327
f 741/741/741 1337/1337/1337 763/763/763
f 741/741/741 740/740/740 1337/1337/1337
f 741/741/741 1281/1281/1281 742/742/742
f 1281/1281/1281 741/741/741 1282/1282/1282
f 1338/1338/1338 1339/1339/1339 1340/1340/1340
f 1339/1339/1339 1338/1338/1338 1341/1341/1341
f 1342/1342/1342 1343/1343/1343 1344/1344/1344
f 1344/1344/1344 1345/1345/1345 1342/1342/1342
f 1346/1346/1346 1347/1347/1347 1348/1348/1348
f 1349/1349/1349 1347/1347/1347 1346/1346/1346
f 1350/1350/1350 1351/1351/1351 1352/1352/1352
f 1351/1351/1351 1350/1350/1350 1353/1353/1353
f 1354/1354/1354 1355/1355/1355 1356/1356/1356
f 1355/1355/1355 1354/1354/1354 1357/1357/1357
f 1358/1358/1358 1359/1359/1359 1360/1360/1360
f 1359/1359/1359 1358/1358/1358 1361/1361/1361
f 1362/1362/1362 1363/1363/1363 1364/1364/1364
f 1365/1365/1365 1364/1364/1364 1363/1363/1363
f 1366/1366/1366 1367/1367/1367 1368/1368/1368
f 1366/1366/1366 1368/1368/1368 1369/1369/1369
f 1370/1370/1370 1371/1371/1371 1372/1372/1372
f 1371/1371/1371 1370/1370/1370 1373/1373/1373
f 1374/1374/1374 334/334/334 333/333/333
f 334/334/334 1374/1374/1374 1375/1375/1375
f 1375/1375/1375 1376/1376/1376 334/334/334
f 1377/1377/1377 1378/1378/1378 1379/1379/1379
f 1377/1377/1377 1379/1379/1379 1380/1380/1380
f 1381/1381/1381 1382/1382/1382 1383/1383/1383
f 1382/1382/1382 1381/1381/1381 1384/1384/1384
f 1385/1385/1385 1386/1386/1386 1387/1387/1387
f 1386/1386/1386 1385/1385/1385 1388/1388/1388
f 1389/1389/1389 1390/1390/1390 1391/1391/1391
f 1390/1390/1390 1389/1389/1389 1392/1392/1392
f 1393/1393/1393 1394/1394/1394 1395/1395/1395
f 1395/1395/1395 1396/1396/1396 1393/1393/1393
f 1397/1397/1397 1398/1398/1398 1399/1399/1399
f 1399/1399/1399 1400/1400/1400 1397/1397/1397
f 1401/1401/1401 1402/1402/1402 1403/1403/1403
f 1404/1404/1404 1402/1402/1402 1401/1401/1401
f 1405/1405/1405 1406/1406/1406 1407/1407/1407
f 1408/1408/1408 1409/1409/1409 1410/1410/1410
f 1411/1411/1411 1412/1412/1412 1413/1413/1413
f 1411/1411/1411 1413/1413/1413 1414/1414/1414
f 1415/1415/1415 1416/1416/1416 1417/1417/1417
f 1416/1416/1416 1415/1415/1415 1418/1418/1418
f 1419/1419/1419 1420/1420/1420 1421/1421/1421
f 1420/1420/1420 1419/1419/1419 1422/1422/1422
f 1423/1423/1423 1424/1424/1424 1425/1425/1425
f 1426/1426/1426 1427/1427/1427 1428/1428/1428
f 1429/1429/1429 1430/1430/1430 1431/1431/1431
f 1430/1430/1430 1429/1429/1429 1432/1432/1432
f 1433/1433/1433 1434/1434/1434 1435/1435/1435
f 1434/1434/1434 1433/1433/1433 1436/1436/1436
f 1437/1437/1437 1438/1438/1438 1439/1439/1439
f 1440/1440/1440 1438/1438/1438 1437/1437/1437
f 1441/1441/1441 1442/1442/1442 1443/1443/1443
f 1442/1442/1442 1441/1441/1441 1444/1444/1444
f 1445/1445/1445 1446/1446/1446 1447/1447/1447
f 1446/1446/1446 1445/1445/1445 1448/1448/1448
f 1449/1449/1449 1450/1450/1450 1451/1451/1451
f 1451/1451/1451 1452/1452/1452 1449/1449/1449
f 1453/1453/1453 1454/1454/1454 1455/1455/1455
f 1455/1455/1455 1456/1456/1456 1453/1453/1453
f 1457/1457/1457 1456/1456/1456 1455/1455/1455
f 1458/1458/1458 1459/1459/1459 1460/1460/1460
f 1461/1461/1461 1459/1459/1459 1458/1458/1458
f 1459/1459/1459 1461/1461/1461 1462/1462/1462
f 1463/1463/1463 1464/1464/1464 1465/1465/1465
f 1464/1464/1464 1463/1463/1463 1466/1466/1466
f 1467/1467/1467 1468/1468/1468 1469/1469/1469
f 1468/1468/1468 1467/1467/1467 1470/1470/1470
f 1424/1424/1424 1423/1423/1423 1471/1471/1471
f 1472/1472/1472 1473/1473/1473 1471/1471/1471
f 1474/1474/1474 1475/1475/1475 1476/1476/1476
f 1475/1475/1475 1474/1474/1474 1477/1477/1477
f 1478/1478/1478 1479/1479/1479 1480/1480/1480
f 1479/1479/1479 1478/1478/1478 1481/1481/1481
f 1482/1482/1482 1483/1483/1483 1484/1484/1484
f 1483/1483/1483 1485/1485/1485 1486/1486/1486
f 1485/1485/1485 1483/1483/1483 1482/1482/1482
f 1487/1487/1487 1488/1488/1488 1489/1489/1489
f 1488/1488/1488 1487/1487/1487 1490/1490/1490
f 1491/1491/1491 1492/1492/1492 1493/1493/1493
f 1492/1492/1492 1491/1491/1491 1494/1494/1494
f 1495/1495/1495 1496/1496/1496 1497/1497/1497
f 1495/1495/1495 1497/1497/1497 1498/1498/1498
f 1499/1499/1499 1500/1500/1500 1501/1501/1501
f 1499/1499/1499 1502/1502/1502 1500/1500/1500
f 1503/1503/1503 1504/1504/1504 1505/1505/1505
f 1504/1504/1504 1503/1503/1503 1506/1506/1506
f 1507/1507/1507 1508/1508/1508 1509/1509/1509
f 1508/1508/1508 1507/1507/1507 1510/1510/1510
f 1511/1511/1511 1512/1512/1512 1513/1513/1513
f 1514/1514/1514 1512/1512/1512 1511/1511/1511
f 1515/1515/1515 1516/1516/1516 1517/1517/1517
f 1515/1515/1515 1517/1517/1517 1518/1518/1518
f 1519/1519/1519 1520/1520/1520 1521/1521/1521
f 1519/1519/1519 1521/1521/1521 1522/1522/1522
f 1523/1523/1523 1524/1524/1524 1525/1525/1525
f 1524/1524/1524 1523/1523/1523 1526/1526/1526
f 1527/1527/1527 1528/1528/1528 1529/1529/1529
f 1528/1528/1528 1527/1527/1527 1530/1530/1530
f 1471/1471/1471 1423/1423/1423 1531/1531/1531
f 1471/1471/1471 1532/1532/1532 1533/1533/1533
f 1471/1471/1471 1427/1427/1427 1532/1532/1532
f 1471/1471/1471 1473/1473/1473 1424/1424/1424
f 1534/1534/1534 1535/1535/1535 1536/1536/1536
f 1535/1535/1535 1534/1534/1534 1537/1537/1537
f 1538/1538/1538 1539/1539/1539 1540/1540/1540
f 1541/1541/1541 1542/1542/1542 1543/1543/1543
f 1542/1542/1542 1541/1541/1541 1544/1544/1544
f 1545/1545/1545 1546/1546/1546 1547/1547/1547
f 1546/1546/1546 1545/1545/1545 1548/1548/1548
f 1549/1549/1549 1550/1550/1550 1551/1551/1551
f 1549/1549/1549 1552/1552/1552 1550/1550/1550
f 1553/1553/1553 1554/1554/1554 1555/1555/1555
f 1553/1553/1553 1556/1556/1556 1554/1554/1554
f 1557/1557/1557 1558/1558/1558 1559/1559/1559
f 1558/1558/1558 1557/1557/1557 1560/1560/1560
f 1561/1561/1561 1562/1562/1562 1563/1563/1563
f 1562/1562/1562 1561/1561/1561 1564/1564/1564
f 1565/1565/1565 1566/1566/1566 1567/1567/1567
f 1568/1568/1568 1565/1565/1565 1567/1567/1567
f 1569/1569/1569 1570/1570/1570 1571/1571/1571
f 1569/1569/1569 1572/1572/1572 1573/1573/1573
f 1570/1570/1570 1569/1569/1569 1573/1573/1573
f 1574/1574/1574 1575/1575/1575 1576/1576/1576
f 1575/1575/1575 1574/1574/1574 1577/1577/1577
f 1539/1539/1539 1538/1538/1538 1578/1578/1578
f 1539/1539/1539 1578/1578/1578 1579/1579/1579
f 1579/1579/1579 1580/1580/1580 1539/1539/1539
f 1581/1581/1581 1582/1582/1582 1583/1583/1583
f 1582/1582/1582 1584/1584/1584 1585/1585/1585
f 1584/1584/1584 1582/1582/1582 1581/1581/1581
f 1586/1586/1586 1587/1587/1587 1588/1588/1588
f 1589/1589/1589 1586/1586/1586 1588/1588/1588
f 1590/1590/1590 1591/1591/1591 1592/1592/1592
f 1592/1592/1592 1593/1593/1593 1590/1590/1590
f 1594/1594/1594 1595/1595/1595 1596/1596/1596
f 1597/1597/1597 1596/1596/1596 1595/1595/1595
f 1598/1598/1598 1599/1599/1599 1600/1600/1600
f 1601/1601/1601 1599/1599/1599 1598/1598/1598
f 1602/1602/1602 1603/1603/1603 1604/1604/1604
f 1603/1603/1603 1602/1602/1602 1605/1605/1605
f 1606/1606/1606 1607/1607/1607 1608/1608/1608
f 1608/1608/1608 1609/1609/1609 1606/1606/1606
f 1610/1610/1610 1609/1609/1609 1608/1608/1608
f 1611/1611/1611 1612/1612/1612 1613/1613/1613
f 1612/1612/1612 1611/1611/1611 1614/1614/1614
f 1615/1615/1615 1616/1616/1616 1617/1617/1617
f 1616/1616/1616 1615/1615/1615 1618/1618/1618
f 1619/1619/1619 1620/1620/1620 1621/1621/1621
f 1620/1620/1620 1619/1619/1619 1622/1622/1622
f 1623/1623/1623 1426/1426/1426 1624/1624/1624
f 1427/1427/1427 1471/1471/1471 1531/1531/1531
f 1427/1427/1427 1426/1426/1426 1623/1623/1623
f 1427/1427/1427 1531/1531/1531 1428/1428/1428
f 1625/1625/1625 1427/1427/1427 1623/1623/1623
f 1625/1625/1625 1626/1626/1626 1427/1427/1427
f 1627/1627/1627 1628/1628/1628 1629/1629/1629
f 1628/1628/1628 1627/1627/1627 1630/1630/1630
f 1631/1631/1631 1632/1632/1632 1633/1633/1633
f 1632/1632/1632 1631/1631/1631 1634/1634/1634
f 1635/1635/1635 1636/1636/1636 1637/1637/1637
f 1636/1636/1636 1635/1635/1635 1638/1638/1638
f 1639/1639/1639 1640/1640/1640 1641/1641/1641
f 1640/1640/1640 1639/1639/1639 1642/1642/1642
f 1643/1643/1643 1644/1644/1644 1645/1645/1645
f 1646/1646/1646 1643/1643/1643 1645/1645/1645
f 1647/1647/1647 1648/1648/1648 1649/1649/1649
f 1648/1648/1648 1647/1647/1647 1650/1650/1650
f 1651/1651/1651 1652/1652/1652 1653/1653/1653
f 1654/1654/1654 1653/1653/1653 1652/1652/1652
f 1655/1655/1655 1656/1656/1656 1657/1657/1657
f 1655/1655/1655 1657/1657/1657 1658/1658/1658
f 1659/1659/1659 1660/1660/1660 1661/1661/1661
f 1662/1662/1662 1660/1660/1660 1659/1659/1659
f 1663/1663/1663 1664/1664/1664 1665/1665/1665
f 1664/1664/1664 1663/1663/1663 1666/1666/1666
f 1667/1667/1667 1668/1668/1668 1669/1669/1669
f 1668/1668/1668 1667/1667/1667 1670/1670/1670
f 1671/1671/1671 1672/1672/1672 1673/1673/1673
f 1673/1673/1673 1674/1674/1674 1671/1671/1671
f 1675/1675/1675 1676/1676/1676 1677/1677/1677
f 1676/1676/1676 1675/1675/1675 1678/1678/1678
f 1679/1679/1679 1680/1680/1680 1681/1681/1681
f 1682/1682/1682 1679/1679/1679 1681/1681/1681
f 1683/1683/1683 1684/1684/1684 1685/1685/1685
f 1686/1686/1686 1683/1683/1683 1685/1685/1685
f 1687/1687/1687 1688/1688/1688 1689/1689/1689
f 1690/1690/1690 1689/1689/1689 1688/1688/1688
f 1691/1691/1691 1692/1692/1692 1693/1693/1693
f 1692/1692/1692 1691/1691/1691 1694/1694/1694
f 1695/1695/1695 1696/1696/1696 1697/1697/1697
f 1696/1696/1696 1695/1695/1695 1698/1698/1698
f 1699/1699/1699 1700/1700/1700 1701/1701/1701
f 1699/1699/1699 1701/1701/1701 1702/1702/1702
f 1703/1703/1703 1704/1704/1704 1705/1705/1705
f 1703/1703/1703 1705/1705/1705 1706/1706/1706
f 1707/1707/1707 1708/1708/1708 1709/1709/1709
f 1707/1707/1707 1709/1709/1709 1710/1710/1710
f 1711/1711/1711 1712/1712/1712 1713/1713/1713
f 1713/1713/1713 1714/1714/1714 1711/1711/1711
f 1715/1715/1715 1716/1716/1716 1717/1717/1717
f 1716/1716/1716 1715/1715/1715 1718/1718/1718
f 1719/1719/1719 1720/1720/1720 1721/1721/1721
f 1720/1720/1720 1719/1719/1719 1722/1722/1722
f 1723/1723/1723 1724/1724/1724 1725/1725/1725
f 1723/1723/1723 1725/1725/1725 1726/1726/1726
f 1727/1727/1727 1728/1728/1728 1729/1729/1729
f 1729/1729/1729 1728/1728/1728 1730/1730/1730
f 1731/1731/1731 1732/1732/1732 1733/1733/1733
f 1734/1734/1734 1733/1733/1733 1732/1732/1732
f 1735/1735/1735 1736/1736/1736 1737/1737/1737
f 1736/1736/1736 1735/1735/1735 1738/1738/1738
f 1739/1739/1739 1740/1740/1740 1741/1741/1741
f 1740/1740/1740 1739/1739/1739 1742/1742/1742
f 1743/1743/1743 1744/1744/1744 1745/1745/1745
f 1746/1746/1746 1743/1743/1743 1745/1745/1745
f 1747/1747/1747 1748/1748/1748 1749/1749/1749
f 1748/1748/1748 1747/1747/1747 1750/1750/1750
f 1751/1751/1751 1725/1725/1725 1752/1752/1752
f 1753/1753/1753 1754/1754/1754 1755/1755/1755
f 1754/1754/1754 1753/1753/1753 1756/1756/1756
f 1757/1757/1757 1758/1758/1758 1759/1759/1759
f 1758/1758/1758 1757/1757/1757 1760/1760/1760
f 1761/1761/1761 1762/1762/1762 1763/1763/1763
f 1761/1761/1761 1764/1764/1764 1762/1762/1762
f 1765/1765/1765 1766/1766/1766 1767/1767/1767
f 1768/1768/1768 1766/1766/1766 1765/1765/1765
f 1769/1769/1769 1770/1770/1770 1771/1771/1771
f 1770/1770/1770 1769/1769/1769 1772/1772/1772
f 1773/1773/1773 1774/1774/1774 1775/1775/1775
f 1774/1774/1774 1773/1773/1773 1776/1776/1776
f 1777/1777/1777 1778/1778/1778 1779/1779/1779
f 1779/1779/1779 1780/1780/1780 1777/1777/1777
f 1781/1781/1781 1782/1782/1782 1783/1783/1783
f 1782/1782/1782 1781/1781/1781 1784/1784/1784
f 1785/1785/1785 1782/1782/1782 1784/1784/1784
f 1763/1763/1763 1786/1786/1786 1787/1787/1787
f 1762/1762/1762 1786/1786/1786 1763/1763/1763
f 1786/1786/1786 1762/1762/1762 1788/1788/1788
f 1789/1789/1789 1790/1790/1790 1791/1791/1791
f 1792/1792/1792 1790/1790/1790 1789/1789/1789
f 1790/1790/1790 1792/1792/1792 1793/1793/1793
f 1794/1794/1794 1795/1795/1795 1796/1796/1796
f 1797/1797/1797 1795/1795/1795 1794/1794/1794
f 1798/1798/1798 1799/1799/1799 1800/1800/1800
f 1798/1798/1798 1801/1801/1801 1802/1802/1802
f 1803/1803/1803 1804/1804/1804 1805/1805/1805
f 1804/1804/1804 1803/1803/1803 1806/1806/1806
f 1807/1807/1807 1808/1808/1808 1809/1809/1809
f 1810/1810/1810 1809/1809/1809 1808/1808/1808
f 1811/1811/1811 1812/1812/1812 1813/1813/1813
f 1814/1814/1814 1815/1815/1815 1816/1816/1816
f 1815/1815/1815 1814/1814/1814 1817/1817/1817
f 1818/1818/1818 1819/1819/1819 1820/1820/1820
f 1821/1821/1821 1822/1822/1822 1823/1823/1823
f 1822/1822/1822 1821/1821/1821 1824/1824/1824
f 1825/1825/1825 1826/1826/1826 1827/1827/1827
f 1828/1828/1828 1826/1826/1826 1825/1825/1825
f 1829/1829/1829 1830/1830/1830 1831/1831/1831
f 1829/1829/1829 1832/1832/1832 1830/1830/1830
f 1833/1833/1833 1834/1834/1834 1835/1835/1835
f 1834/1834/1834 1833/1833/1833 1836/1836/1836
f 1837/1837/1837 1836/1836/1836 1838/1838/1838
f 1836/1836/1836 1837/1837/1837 1834/1834/1834
f 1839/1839/1839 1840/1840/1840 1841/1841/1841
f 1841/1841/1841 1842/1842/1842 1839/1839/1839
f 1843/1843/1843 1844/1844/1844 1845/1845/1845
f 1819/1819/1819 1818/1818/1818 1846/1846/1846
f 1820/1820/1820 1847/1847/1847 1848/1848/1848
f 1847/1847/1847 1820/1820/1820 1819/1819/1819
f 1849/1849/1849 1850/1850/1850 1851/1851/1851
f 1852/1852/1852 1850/1850/1850 1849/1849/1849
f 1853/1853/1853 1854/1854/1854 1855/1855/1855
f 1854/1854/1854 1853/1853/1853 1856/1856/1856
f 1857/1857/1857 1858/1858/1858 1859/1859/1859
f 1860/1860/1860 1861/1861/1861 1862/1862/1862
f 1860/1860/1860 1863/1863/1863 1861/1861/1861
f 1864/1864/1864 1865/1865/1865 1866/1866/1866
f 1865/1865/1865 1864/1864/1864 1867/1867/1867
f 1868/1868/1868 1869/1869/1869 1870/1870/1870
f 1869/1869/1869 1868/1868/1868 1871/1871/1871
f 1872/1872/1872 1873/1873/1873 1874/1874/1874
f 1875/1875/1875 1874/1874/1874 1873/1873/1873
f 1876/1876/1876 1877/1877/1877 1878/1878/1878
f 1877/1877/1877 1876/1876/1876 1879/1879/1879
f 1878/1878/1878 1880/1880/1880 1881/1881/1881
f 1880/1880/1880 1878/1878/1878 1877/1877/1877
f 1882/1882/1882 1883/1883/1883 1884/1884/1884
f 1883/1883/1883 1882/1882/1882 1885/1885/1885
f 1886/1886/1886 1887/1887/1887 1888/1888/1888
f 1889/1889/1889 1887/1887/1887 1886/1886/1886
f 1890/1890/1890 1891/1891/1891 1892/1892/1892
f 1891/1891/1891 1890/1890/1890 1893/1893/1893
f 1894/1894/1894 1895/1895/1895 1896/1896/1896
f 1894/1894/1894 1897/1897/1897 1895/1895/1895
f 1898/1898/1898 1899/1899/1899 1900/1900/1900
f 1899/1899/1899 1898/1898/1898 1901/1901/1901
f 1902/1902/1902 1903/1903/1903 1904/1904/1904
f 1905/1905/1905 1904/1904/1904 1903/1903/1903
f 1906/1906/1906 1907/1907/1907 1908/1908/1908
f 1908/1908/1908 1909/1909/1909 1906/1906/1906
f 1910/1910/1910 1911/1911/1911 1912/1912/1912
f 1911/1911/1911 1910/1910/1910 1913/1913/1913
f 1914/1914/1914 1915/1915/1915 1916/1916/1916
f 1914/1914/1914 1859/1859/1859 1915/1915/1915
f 1917/1917/1917 1918/1918/1918 1919/1919/1919
f 1918/1918/1918 1920/1920/1920 1921/1921/1921
f 1918/1918/1918 1917/1917/1917 1920/1920/1920
f 1922/1922/1922 1923/1923/1923 1924/1924/1924
f 1923/1923/1923 1922/1922/1922 1925/1925/1925
f 1926/1926/1926 1927/1927/1927 1928/1928/1928
f 1928/1928/1928 1929/1929/1929 1926/1926/1926
f 1930/1930/1930 1931/1931/1931 1932/1932/1932
f 1930/1930/1930 1933/1933/1933 1931/1931/1931
f 1934/1934/1934 1935/1935/1935 1936/1936/1936
f 1935/1935/1935 1934/1934/1934 1937/1937/1937
f 1938/1938/1938 1939/1939/1939 1940/1940/1940
f 1938/1938/1938 1941/1941/1941 1942/1942/1942
f 1943/1943/1943 1944/1944/1944 1945/1945/1945
f 1944/1944/1944 1946/1946/1946 1947/1947/1947
f 1946/1946/1946 1944/1944/1944 1943/1943/1943
f 1941/1941/1941 1938/1938/1938 1940/1940/1940
f 1941/1941/1941 1948/1948/1948 1949/1949/1949
f 1948/1948/1948 1940/1940/1940 1950/1950/1950
f 1951/1951/1951 1952/1952/1952 1953/1953/1953
f 1953/1953/1953 1954/1954/1954 1951/1951/1951
f 1955/1955/1955 1956/1956/1956 1957/1957/1957
f 1956/1956/1956 1955/1955/1955 1958/1958/1958
f 1959/1959/1959 1960/1960/1960 1961/1961/1961
f 1960/1960/1960 1959/1959/1959 1962/1962/1962
f 1963/1963/1963 1964/1964/1964 1965/1965/1965
f 1963/1963/1963 1966/1966/1966 1964/1964/1964
f 1967/1967/1967 1968/1968/1968 1969/1969/1969
f 1970/1970/1970 1969/1969/1969 1968/1968/1968
f 1971/1971/1971 1972/1972/1972 1973/1973/1973
f 1972/1972/1972 1971/1971/1971 1974/1974/1974
f 1975/1975/1975 1976/1976/1976 1977/1977/1977
f 1976/1976/1976 1975/1975/1975 1978/1978/1978
f 1979/1979/1979 1980/1980/1980 1981/1981/1981
f 1982/1982/1982 1981/1981/1981 1980/1980/1980
f 1983/1983/1983 1984/1984/1984 1985/1985/1985
f 1984/1984/1984 1983/1983/1983 1986/1986/1986
f 1964/1964/1964 1987/1987/1987 1965/1965/1965
f 1987/1987/1987 1964/1964/1964 1988/1988/1988
f 1989/1989/1989 1990/1990/1990 1991/1991/1991
f 1990/1990/1990 1989/1989/1989 1992/1992/1992
f 1993/1993/1993 1994/1994/1994 1995/1995/1995
f 1996/1996/1996 1993/1993/1993 1995/1995/1995
f 1997/1997/1997 1998/1998/1998 1999/1999/1999
f 2000/2000/2000 1997/1997/1997 1999/1999/1999
f 2001/2001/2001 2002/2002/2002 2003/2003/2003
f 2002/2002/2002 2001/2001/2001 2004/2004/2004
f 2005/2005/2005 2006/2006/2006 2007/2007/2007
f 2006/2006/2006 2008/2008/2008 2007/2007/2007
f 2009/2009/2009 2010/2010/2010 2011/2011/2011
f 2009/2009/2009 2011/2011/2011 2012/2012/2012
f 2013/2013/2013 2014/2014/2014 2015/2015/2015
f 2013/2013/2013 2015/2015/2015 2016/2016/2016
f 2017/2017/2017 2014/2014/2014 2013/2013/2013
f 2008/2008/2008 2006/2006/2006 2018/2018/2018
f 2019/2019/2019 2020/2020/2020 2007/2007/2007
f 2019/2019/2019 2007/2007/2007 2008/2008/2008
f 2021/2021/2021 2022/2022/2022 2023/2023/2023
f 2022/2022/2022 2021/2021/2021 2024/2024/2024
f 2025/2025/2025 2026/2026/2026 2027/2027/2027
f 2026/2026/2026 2025/2025/2025 2028/2028/2028
f 2029/2029/2029 2030/2030/2030 2031/2031/2031
f 2032/2032/2032 2029/2029/2029 2031/2031/2031
f 2033/2033/2033 2034/2034/2034 2035/2035/2035
f 2036/2036/2036 2033/2033/2033 2035/2035/2035
f 2037/2037/2037 2038/2038/2038 2039/2039/2039
f 2038/2038/2038 2037/2037/2037 2040/2040/2040
f 2041/2041/2041 2042/2042/2042 2043/2043/2043
f 2041/2041/2041 2044/2044/2044 2045/2045/2045
f 2044/2044/2044 2041/2041/2041 2043/2043/2043
f 2046/2046/2046 2047/2047/2047 2048/2048/2048
f 2047/2047/2047 2046/2046/2046 2049/2049/2049
f 2050/2050/2050 2051/2051/2051 2052/2052/2052
f 2053/2053/2053 2050/2050/2050 2052/2052/2052
f 2054/2054/2054 2055/2055/2055 2056/2056/2056
f 2057/2057/2057 2054/2054/2054 2056/2056/2056
f 2058/2058/2058 2059/2059/2059 2060/2060/2060
f 2059/2059/2059 2058/2058/2058 2061/2061/2061
f 2062/2062/2062 2063/2063/2063 2064/2064/2064
f 2065/2065/2065 2066/2066/2066 2067/2067/2067
f 2066/2066/2066 2068/2068/2068 2069/2069/2069
f 2068/2068/2068 2066/2066/2066 2065/2065/2065
f 2070/2070/2070 2063/2063/2063 2071/2071/2071
f 2063/2063/2063 2062/2062/2062 2072/2072/2072
f 2063/2063/2063 2070/2070/2070 2064/2064/2064
f 2073/2073/2073 2074/2074/2074 2075/2075/2075
f 2074/2074/2074 2073/2073/2073 2076/2076/2076
f 2077/2077/2077 2078/2078/2078 2079/2079/2079
f 2078/2078/2078 2077/2077/2077 2080/2080/2080
f 2081/2081/2081 2082/2082/2082 2083/2083/2083
f 2084/2084/2084 2085/2085/2085 2086/2086/2086
f 2084/2084/2084 2087/2087/2087 2085/2085/2085
f 2088/2088/2088 2089/2089/2089 2090/2090/2090
f 2089/2089/2089 2088/2088/2088 2091/2091/2091
f 2092/2092/2092 2093/2093/2093 2094/2094/2094
f 2093/2093/2093 2092/2092/2092 2095/2095/2095
f 2096/2096/2096 2097/2097/2097 2098/2098/2098
f 2096/2096/2096 2098/2098/2098 2099/2099/2099
f 2100/2100/2100 2101/2101/2101 2102/2102/2102
f 2103/2103/2103 2101/2101/2101 2100/2100/2100
f 2101/2101/2101 2103/2103/2103 2104/2104/2104
f 2083/2083/2083 2082/2082/2082 2105/2105/2105
f 2105/2105/2105 2106/2106/2106 2083/2083/2083
f 2106/2106/2106 2107/2107/2107 2083/2083/2083
f 2106/2106/2106 2105/2105/2105 2108/2108/2108
f 2109/2109/2109 2110/2110/2110 2111/2111/2111
f 2110/2110/2110 2109/2109/2109 2112/2112/2112
f 2113/2113/2113 2114/2114/2114 2115/2115/2115
f 2113/2113/2113 2115/2115/2115 2116/2116/2116
f 2117/2117/2117 2118/2118/2118 2119/2119/2119
f 2120/2120/2120 2118/2118/2118 2117/2117/2117
f 2121/2121/2121 2122/2122/2122 2123/2123/2123
f 2122/2122/2122 2121/2121/2121 2124/2124/2124
f 2125/2125/2125 2126/2126/2126 2127/2127/2127
f 2128/2128/2128 2127/2127/2127 2126/2126/2126
f 2129/2129/2129 2130/2130/2130 2131/2131/2131
f 2129/2129/2129 2132/2132/2132 2130/2130/2130
f 2133/2133/2133 2134/2134/2134 2135/2135/2135
f 2134/2134/2134 2133/2133/2133 2136/2136/2136
f 2137/2137/2137 2138/2138/2138 2139/2139/2139
f 2140/2140/2140 2141/2141/2141 2142/2142/2142
f 2141/2141/2141 2143/2143/2143 2142/2142/2142
f 2141/2141/2141 2140/2140/2140 2144/2144/2144
f 2145/2145/2145 2146/2146/2146 2147/2147/2147
f 2146/2146/2146 2145/2145/2145 2148/2148/2148
f 2149/2149/2149 2150/2150/2150 2151/2151/2151
f 2150/2150/2150 2149/2149/2149 2152/2152/2152
f 2153/2153/2153 2154/2154/2154 2152/2152/2152
f 2155/2155/2155 2156/2156/2156 2157/2157/2157
f 2156/2156/2156 2155/2155/2155 2158/2158/2158
f 2159/2159/2159 2160/2160/2160 2161/2161/2161
f 2159/2159/2159 2161/2161/2161 2162/2162/2162
f 2163/2163/2163 2164/2164/2164 2165/2165/2165
f 2163/2163/2163 2165/2165/2165 2166/2166/2166
f 2152/2152/2152 2149/2149/2149 2153/2153/2153
f 2154/2154/2154 2153/2153/2153 2167/2167/2167
f 2154/2154/2154 2168/2168/2168 2152/2152/2152
f 2168/2168/2168 2154/2154/2154 2169/2169/2169
f 2168/2168/2168 2150/2150/2150 2152/2152/2152
f 2168/2168/2168 2170/2170/2170 2150/2150/2150
f 2171/2171/2171 2172/2172/2172 2173/2173/2173
f 2172/2172/2172 2171/2171/2171 2174/2174/2174
f 2175/2175/2175 2176/2176/2176 2177/2177/2177
f 2175/2175/2175 2178/2178/2178 2176/2176/2176
f 2179/2179/2179 2180/2180/2180 2181/2181/2181
f 2182/2182/2182 2179/2179/2179 2181/2181/2181
f 2183/2183/2183 2184/2184/2184 2185/2185/2185
f 2184/2184/2184 2183/2183/2183 2186/2186/2186
f 2187/2187/2187 1725/1725/1725 2188/2188/2188
f 2189/2189/2189 2190/2190/2190 2191/2191/2191
f 2190/2190/2190 2189/2189/2189 2192/2192/2192
f 2193/2193/2193 2194/2194/2194 2195/2195/2195
f 2196/2196/2196 2197/2197/2197 2198/2198/2198
f 2199/2199/2199 2200/2200/2200 2201/2201/2201
f 2199/2199/2199 2202/2202/2202 2200/2200/2200
f 2203/2203/2203 2204/2204/2204 2188/2188/2188
f 1725/1725/1725 1751/1751/1751 1726/1726/1726
f 1725/1725/1725 2187/2187/2187 2205/2205/2205
f 2206/2206/2206 2207/2207/2207 2208/2208/2208
f 2206/2206/2206 2209/2209/2209 2207/2207/2207
f 2210/2210/2210 2211/2211/2211 2212/2212/2212
f 2211/2211/2211 2210/2210/2210 2213/2213/2213
f 2214/2214/2214 2215/2215/2215 2216/2216/2216
f 2215/2215/2215 2214/2214/2214 2217/2217/2217
f 2218/2218/2218 2219/2219/2219 2220/2220/2220
f 2218/2218/2218 2220/2220/2220 2221/2221/2221
f 2222/2222/2222 2223/2223/2223 2224/2224/2224
f 2223/2223/2223 2222/2222/2222 2225/2225/2225
f 2226/2226/2226 2227/2227/2227 2228/2228/2228
f 2197/2197/2197 2196/2196/2196 2229/2229/2229
f 2230/2230/2230 2198/2198/2198 2197/2197/2197
f 2198/2198/2198 2230/2230/2230 2231/2231/2231
f 2194/2194/2194 2193/2193/2193 2232/2232/2232
f 2233/2233/2233 2232/2232/2232 2234/2234/2234
f 2232/2232/2232 2233/2233/2233 2194/2194/2194
f 2188/2188/2188 1725/1725/1725 1724/1724/1724
f 2188/2188/2188 1724/1724/1724 2203/2203/2203
f 2188/2188/2188 2204/2204/2204 2235/2235/2235
f 2236/2236/2236 2188/2188/2188 2235/2235/2235
f 2236/2236/2236 2237/2237/2237 2188/2188/2188
f 2238/2238/2238 2239/2239/2239 2240/2240/2240
f 2239/2239/2239 2238/2238/2238 2241/2241/2241
f 2242/2242/2242 2243/2243/2243 2244/2244/2244
f 2243/2243/2243 2242/2242/2242 2245/2245/2245
f 2246/2246/2246 2247/2247/2247 2248/2248/2248
f 2247/2247/2247 2246/2246/2246 2249/2249/2249
f 2250/2250/2250 2251/2251/2251 2252/2252/2252
f 2253/2253/2253 2254/2254/2254 2255/2255/2255
f 2256/2256/2256 2257/2257/2257 2258/2258/2258
f 2259/2259/2259 2256/2256/2256 2258/2258/2258
f 2260/2260/2260 2261/2261/2261 2262/2262/2262
f 2260/2260/2260 2262/2262/2262 2263/2263/2263
f 2261/2261/2261 2264/2264/2264 2265/2265/2265
f 2264/2264/2264 2261/2261/2261 2260/2260/2260
f 2266/2266/2266 2267/2267/2267 2268/2268/2268
f 2267/2267/2267 2266/2266/2266 2269/2269/2269
f 2270/2270/2270 2271/2271/2271 2272/2272/2272
f 2271/2271/2271 2270/2270/2270 2273/2273/2273
f 2274/2274/2274 2275/2275/2275 2276/2276/2276
f 2277/2277/2277 2274/2274/2274 2276/2276/2276
f 2278/2278/2278 2279/2279/2279 2280/2280/2280
f 2281/2281/2281 2279/2279/2279 2278/2278/2278
f 2279/2279/2279 2281/2281/2281 2282/2282/2282
f 2283/2283/2283 2284/2284/2284 2285/2285/2285
f 2284/2284/2284 2283/2283/2283 2286/2286/2286
f 2251/2251/2251 2250/2250/2250 2287/2287/2287
f 2251/2251/2251 2287/2287/2287 2288/2288/2288
f 2288/2288/2288 2289/2289/2289 2251/2251/2251
f 2255/2255/2255 2254/2254/2254 2290/2290/2290
f 2255/2255/2255 2291/2291/2291 2292/2292/2292
f 2291/2291/2291 2290/2290/2290 2293/2293/2293
f 2290/2290/2290 2291/2291/2291 2255/2255/2255
f 2227/2227/2227 2226/2226/2226 2294/2294/2294
f 2295/2295/2295 2294/2294/2294 2296/2296/2296
f 2294/2294/2294 2295/2295/2295 2227/2227/2227
f 2297/2297/2297 2298/2298/2298 2299/2299/2299
f 2300/2300/2300 2301/2301/2301 2302/2302/2302
f 2302/2302/2302 2303/2303/2303 2300/2300/2300
f 2304/2304/2304 2305/2305/2305 2306/2306/2306
f 2304/2304/2304 2307/2307/2307 2305/2305/2305
f 1799/1799/1799 1798/1798/1798 1802/1802/1802
f 1802/1802/1802 2308/2308/2308 1799/1799/1799
f 2309/2309/2309 2308/2308/2308 1802/1802/1802
f 2310/2310/2310 2311/2311/2311 2312/2312/2312
f 2313/2313/2313 2311/2311/2311 2310/2310/2310
f 2314/2314/2314 2315/2315/2315 2316/2316/2316
f 2315/2315/2315 2314/2314/2314 2317/2317/2317
f 2318/2318/2318 2319/2319/2319 2320/2320/2320
f 2319/2319/2319 2318/2318/2318 2321/2321/2321
f 2322/2322/2322 2319/2319/2319 2321/2321/2321
f 2323/2323/2323 2324/2324/2324 2325/2325/2325
f 2326/2326/2326 2324/2324/2324 2323/2323/2323
f 1813/1813/1813 2327/2327/2327 1811/1811/1811
f 2327/2327/2327 2328/2328/2328 2329/2329/2329
f 2328/2328/2328 2327/2327/2327 1813/1813/1813
f 2330/2330/2330 2331/2331/2331 2332/2332/2332
f 2331/2331/2331 2330/2330/2330 2333/2333/2333
f 2334/2334/2334 2297/2297/2297 2335/2335/2335
f 2298/2298/2298 2297/2297/2297 2334/2334/2334
f 2336/2336/2336 2337/2337/2337 2298/2298/2298
f 2336/2336/2336 2298/2298/2298 2334/2334/2334
f 2338/2338/2338 2339/2339/2339 2340/2340/2340
f 2339/2339/2339 2338/2338/2338 2341/2341/2341
f 1844/1844/1844 1843/1843/1843 2342/2342/2342
f 2343/2343/2343 2342/2342/2342 2344/2344/2344
f 2342/2342/2342 2343/2343/2343 1844/1844/1844
f 2345/2345/2345 2346/2346/2346 2347/2347/2347
f 2346/2346/2346 2345/2345/2345 2348/2348/2348
f 2349/2349/2349 2350/2350/2350 2351/2351/2351
f 2350/2350/2350 2349/2349/2349 2352/2352/2352
f 2353/2353/2353 2354/2354/2354 2355/2355/2355
f 2355/2355/2355 2356/2356/2356 2353/2353/2353
f 2357/2357/2357 2358/2358/2358 2359/2359/2359
f 2360/2360/2360 2361/2361/2361 2362/2362/2362
f 2363/2363/2363 2362/2362/2362 2361/2361/2361
f 2364/2364/2364 2365/2365/2365 2366/2366/2366
f 2364/2364/2364 2367/2367/2367 2365/2365/2365
f 2368/2368/2368 2369/2369/2369 2370/2370/2370
f 2369/2369/2369 2368/2368/2368 2371/2371/2371
f 2372/2372/2372 2358/2358/2358 2373/2373/2373
f 2358/2358/2358 2357/2357/2357 2373/2373/2373
f 2358/2358/2358 2372/2372/2372 2374/2374/2374
f 2375/2375/2375 2376/2376/2376 2377/2377/2377
f 2375/2375/2375 2378/2378/2378 2376/2376/2376
f 2379/2379/2379 2378/2378/2378 2375/2375/2375
f 2379/2379/2379 2380/2380/2380 2378/2378/2378
f 2381/2381/2381 2382/2382/2382 2383/2383/2383
f 2381/2381/2381 2383/2383/2383 2384/2384/2384
f 2385/2385/2385 2382/2382/2382 2381/2381/2381
f 2385/2385/2385 2386/2386/2386 2382/2382/2382
f 2387/2387/2387 2388/2388/2388 2389/2389/2389
f 2388/2388/2388 2387/2387/2387 2390/2390/2390
f 2391/2391/2391 2392/2392/2392 2393/2393/2393
f 2394/2394/2394 2395/2395/2395 2396/2396/2396
f 2397/2397/2397 2398/2398/2398 2399/2399/2399
f 2397/2397/2397 2400/2400/2400 2398/2398/2398
f 2401/2401/2401 2402/2402/2402 2403/2403/2403
f 2404/2404/2404 2402/2402/2402 2401/2401/2401
f 2405/2405/2405 2406/2406/2406 2407/2407/2407
f 2406/2406/2406 2405/2405/2405 2408/2408/2408
f 2409/2409/2409 2410/2410/2410 2411/2411/2411
f 2410/2410/2410 2409/2409/2409 2412/2412/2412
f 2413/2413/2413 2414/2414/2414 2415/2415/2415
f 2415/2415/2415 2416/2416/2416 2413/2413/2413
f 2417/2417/2417 2418/2418/2418 2419/2419/2419
f 2418/2418/2418 2420/2420/2420 2421/2421/2421
f 2420/2420/2420 2422/2422/2422 2421/2421/2421
f 2420/2420/2420 2418/2418/2418 2417/2417/2417
f 2423/2423/2423 2424/2424/2424 2425/2425/2425
f 2426/2426/2426 2424/2424/2424 2423/2423/2423
f 2392/2392/2392 2427/2427/2427 2428/2428/2428
f 2392/2392/2392 2428/2428/2428 2429/2429/2429
f 2392/2392/2392 2391/2391/2391 2427/2427/2427
f 2430/2430/2430 2431/2431/2431 2432/2432/2432
f 2431/2431/2431 2430/2430/2430 2433/2433/2433
f 2434/2434/2434 2435/2435/2435 2436/2436/2436
f 2436/2436/2436 2437/2437/2437 2434/2434/2434
f 2438/2438/2438 2439/2439/2439 2440/2440/2440
f 2440/2440/2440 2441/2441/2441 2438/2438/2438
f 2442/2442/2442 2443/2443/2443 2444/2444/2444
f 2443/2443/2443 2442/2442/2442 2445/2445/2445
f 2446/2446/2446 2447/2447/2447 2448/2448/2448
f 2449/2449/2449 2446/2446/2446 2448/2448/2448
f 2450/2450/2450 2451/2451/2451 2452/2452/2452
f 2453/2453/2453 2452/2452/2452 2451/2451/2451
f 2454/2454/2454 2455/2455/2455 2456/2456/2456
f 2456/2456/2456 2457/2457/2457 2454/2454/2454
f 2458/2458/2458 2459/2459/2459 2460/2460/2460
f 2461/2461/2461 2459/2459/2459 2458/2458/2458
f 2462/2462/2462 2463/2463/2463 2464/2464/2464
f 2462/2462/2462 2465/2465/2465 2463/2463/2463
f 2399/2399/2399 2466/2466/2466 2467/2467/2467
f 2398/2398/2398 2466/2466/2466 2399/2399/2399
f 2466/2466/2466 2398/2398/2398 2468/2468/2468
f 2469/2469/2469 2470/2470/2470 2471/2471/2471
f 2469/2469/2469 2472/2472/2472 2470/2470/2470
f 1859/1859/1859 1914/1914/1914 2473/2473/2473
f 1859/1859/1859 2395/2395/2395 2394/2394/2394
f 1859/1859/1859 1858/1858/1858 1915/1915/1915
f 2395/2395/2395 2473/2473/2473 2474/2474/2474
f 2395/2395/2395 1859/1859/1859 2473/2473/2473
f 2475/2475/2475 2476/2476/2476 2477/2477/2477
f 2475/2475/2475 2478/2478/2478 2479/2479/2479
f 2478/2478/2478 2475/2475/2475 2477/2477/2477
f 2480/2480/2480 2481/2481/2481 2482/2482/2482
f 2481/2481/2481 2480/2480/2480 2483/2483/2483
f 2484/2484/2484 2485/2485/2485 2486/2486/2486
f 2487/2487/2487 2484/2484/2484 2486/2486/2486
f 2488/2488/2488 2489/2489/2489 2490/2490/2490
f 2491/2491/2491 2488/2488/2488 2490/2490/2490
f 2492/2492/2492 2493/2493/2493 2494/2494/2494
f 2493/2493/2493 2492/2492/2492 2495/2495/2495
f 2496/2496/2496 2497/2497/2497 2498/2498/2498
f 2499/2499/2499 2500/2500/2500 2501/2501/2501
f 2500/2500/2500 2499/2499/2499 2502/2502/2502
f 2503/2503/2503 2504/2504/2504 2505/2505/2505
f 2505/2505/2505 2506/2506/2506 2503/2503/2503
f 2507/2507/2507 2508/2508/2508 2509/2509/2509
f 2508/2508/2508 2510/2510/2510 2511/2511/2511
f 2510/2510/2510 2508/2508/2508 2507/2507/2507
f 1940/1940/1940 2512/2512/2512 2513/2513/2513
f 1940/1940/1940 2498/2498/2498 2512/2512/2512
f 1940/1940/1940 1948/1948/1948 1941/1941/1941
f 2514/2514/2514 2496/2496/2496 2498/2498/2498
f 2498/2498/2498 1940/1940/1940 1939/1939/1939
f 2498/2498/2498 1939/1939/1939 2514/2514/2514
f 2498/2498/2498 2515/2515/2515 2516/2516/2516
f 2515/2515/2515 2497/2497/2497 2517/2517/2517
f 2497/2497/2497 2496/2496/2496 2518/2518/2518
f 2497/2497/2497 2515/2515/2515 2498/2498/2498
f 2519/2519/2519 2520/2520/2520 2521/2521/2521
f 2522/2522/2522 2520/2520/2520 2519/2519/2519
f 2523/2523/2523 2524/2524/2524 2525/2525/2525
f 2523/2523/2523 2526/2526/2526 2524/2524/2524
f 2527/2527/2527 2528/2528/2528 2529/2529/2529
f 2530/2530/2530 2529/2529/2529 2528/2528/2528
f 2531/2531/2531 2532/2532/2532 2533/2533/2533
f 2532/2532/2532 2531/2531/2531 2534/2534/2534
f 2535/2535/2535 2536/2536/2536 2537/2537/2537
f 2536/2536/2536 2535/2535/2535 2538/2538/2538
f 2539/2539/2539 2540/2540/2540 2541/2541/2541
f 2539/2539/2539 2541/2541/2541 2542/2542/2542
f 2543/2543/2543 2544/2544/2544 2545/2545/2545
f 2546/2546/2546 2547/2547/2547 2548/2548/2548
f 2549/2549/2549 2550/2550/2550 2551/2551/2551
f 2549/2549/2549 2552/2552/2552 2550/2550/2550
f 2553/2553/2553 2554/2554/2554 2555/2555/2555
f 2553/2553/2553 2556/2556/2556 2554/2554/2554
f 2556/2556/2556 2557/2557/2557 2558/2558/2558
f 2557/2557/2557 2556/2556/2556 2553/2553/2553
f 2559/2559/2559 2560/2560/2560 2561/2561/2561
f 2560/2560/2560 2559/2559/2559 2562/2562/2562
f 2563/2563/2563 2564/2564/2564 2565/2565/2565
f 2564/2564/2564 2563/2563/2563 2566/2566/2566
f 2567/2567/2567 2568/2568/2568 2569/2569/2569
f 2570/2570/2570 2567/2567/2567 2569/2569/2569
f 2571/2571/2571 2572/2572/2572 2573/2573/2573
f 2572/2572/2572 2571/2571/2571 2574/2574/2574
f 2575/2575/2575 2576/2576/2576 2577/2577/2577
f 2575/2575/2575 2578/2578/2578 2576/2576/2576
f 2544/2544/2544 2543/2543/2543 2579/2579/2579
f 2544/2544/2544 2580/2580/2580 2581/2581/2581
f 2580/2580/2580 2544/2544/2544 2579/2579/2579
f 2548/2548/2548 2547/2547/2547 2582/2582/2582
f 2583/2583/2583 2548/2548/2548 2582/2582/2582
f 2583/2583/2583 2584/2584/2584 2548/2548/2548
f 2585/2585/2585 2586/2586/2586 2587/2587/2587
f 2586/2586/2586 2585/2585/2585 2588/2588/2588
f 2589/2589/2589 2590/2590/2590 2591/2591/2591
f 2591/2591/2591 2592/2592/2592 2589/2589/2589
f 2593/2593/2593 2594/2594/2594 2595/2595/2595
f 2593/2593/2593 2596/2596/2596 2594/2594/2594
f 2597/2597/2597 2598/2598/2598 2599/2599/2599
f 2598/2598/2598 2597/2597/2597 2600/2600/2600
f 2601/2601/2601 2602/2602/2602 2603/2603/2603
f 2601/2601/2601 2604/2604/2604 2602/2602/2602
f 2605/2605/2605 2606/2606/2606 2607/2607/2607
f 2606/2606/2606 2605/2605/2605 2608/2608/2608
f 2609/2609/2609 2610/2610/2610 2611/2611/2611
f 2610/2610/2610 2609/2609/2609 2612/2612/2612
f 2613/2613/2613 2614/2614/2614 2615/2615/2615
f 2616/2616/2616 2614/2614/2614 2613/2613/2613
f 2617/2617/2617 2618/2618/2618 2619/2619/2619
f 2618/2618/2618 2617/2617/2617 2620/2620/2620
f 2621/2621/2621 2622/2622/2622 2623/2623/2623
f 2622/2622/2622 2624/2624/2624 2625/2625/2625
f 2624/2624/2624 2622/2622/2622 2621/2621/2621
f 2626/2626/2626 2627/2627/2627 2628/2628/2628
f 2627/2627/2627 2626/2626/2626 2629/2629/2629
f 2603/2603/2603 2630/2630/2630 2601/2601/2601
f 2602/2602/2602 2631/2631/2631 2603/2603/2603
f 2631/2631/2631 2602/2602/2602 2632/2632/2632
f 2633/2633/2633 2634/2634/2634 2635/2635/2635
f 2634/2634/2634 2633/2633/2633 2636/2636/2636
f 2637/2637/2637 2638/2638/2638 2639/2639/2639
f 2638/2638/2638 2637/2637/2637 2640/2640/2640
f 2641/2641/2641 2642/2642/2642 2643/2643/2643
f 2642/2642/2642 2641/2641/2641 2644/2644/2644
f 2645/2645/2645 2646/2646/2646 2647/2647/2647
f 2646/2646/2646 2645/2645/2645 2648/2648/2648
f 2649/2649/2649 2650/2650/2650 2651/2651/2651
f 2652/2652/2652 2650/2650/2650 2649/2649/2649
f 2653/2653/2653 2654/2654/2654 2655/2655/2655
f 2655/2655/2655 2656/2656/2656 2653/2653/2653
f 2657/2657/2657 2658/2658/2658 2659/2659/2659
f 2658/2658/2658 2657/2657/2657 2660/2660/2660
f 2661/2661/2661 2662/2662/2662 2663/2663/2663
f 2661/2661/2661 2664/2664/2664 2662/2662/2662
f 2665/2665/2665 2666/2666/2666 2667/2667/2667
f 2665/2665/2665 2667/2667/2667 2668/2668/2668
f 2669/2669/2669 2670/2670/2670 2671/2671/2671
f 2672/2672/2672 2670/2670/2670 2669/2669/2669
f 2673/2673/2673 2674/2674/2674 2675/2675/2675
f 2674/2674/2674 2673/2673/2673 2676/2676/2676
f 2677/2677/2677 2678/2678/2678 2679/2679/2679
f 2680/2680/2680 2679/2679/2679 2681/2681/2681
f 2679/2679/2679 2680/2680/2680 2677/2677/2677
f 2682/2682/2682 2683/2683/2683 2684/2684/2684
f 2683/2683/2683 2682/2682/2682 2685/2685/2685
f 2686/2686/2686 2687/2687/2687 2688/2688/2688
f 2688/2688/2688 2689/2689/2689 2686/2686/2686
f 2690/2690/2690 2691/2691/2691 2692/2692/2692
f 2690/2690/2690 2692/2692/2692 2693/2693/2693
f 2694/2694/2694 2695/2695/2695 2696/2696/2696
f 2695/2695/2695 2694/2694/2694 2697/2697/2697
f 2698/2698/2698 2699/2699/2699 2700/2700/2700
f 2699/2699/2699 2698/2698/2698 2701/2701/2701
f 2699/2699/2699 2702/2702/2702 2700/2700/2700
f 2703/2703/2703 2704/2704/2704 2705/2705/2705
f 2704/2704/2704 2703/2703/2703 2706/2706/2706
f 2707/2707/2707 2708/2708/2708 2709/2709/2709
f 2710/2710/2710 2708/2708/2708 2707/2707/2707
f 2711/2711/2711 2712/2712/2712 2713/2713/2713
f 2711/2711/2711 2713/2713/2713 2714/2714/2714
f 2715/2715/2715 2716/2716/2716 2717/2717/2717
f 2716/2716/2716 2718/2718/2718 2719/2719/2719
f 2718/2718/2718 2716/2716/2716 2715/2715/2715
f 2720/2720/2720 2062/2062/2062 2064/2064/2064
f 2702/2702/2702 2064/2064/2064 2700/2700/2700
f 2064/2064/2064 2070/2070/2070 2721/2721/2721
f 2064/2064/2064 2702/2702/2702 2720/2720/2720
f 2722/2722/2722 2723/2723/2723 2724/2724/2724
f 2725/2725/2725 2723/2723/2723 2722/2722/2722
f 2723/2723/2723 2725/2725/2725 2726/2726/2726
f 2727/2727/2727 2728/2728/2728 2729/2729/2729
f 2727/2727/2727 2730/2730/2730 2728/2728/2728
f 2731/2731/2731 2732/2732/2732 2733/2733/2733
f 2733/2733/2733 2732/2732/2732 2734/2734/2734
f 2735/2735/2735 2736/2736/2736 2737/2737/2737
f 2736/2736/2736 2735/2735/2735 2738/2738/2738
f 2739/2739/2739 2740/2740/2740 2741/2741/2741
f 2740/2740/2740 2739/2739/2739 2742/2742/2742
f 2743/2743/2743 2744/2744/2744 2745/2745/2745
f 2744/2744/2744 2743/2743/2743 2746/2746/2746
f 2747/2747/2747 2748/2748/2748 2749/2749/2749
f 2750/2750/2750 2751/2751/2751 2752/2752/2752
f 2751/2751/2751 2750/2750/2750 2753/2753/2753
f 2754/2754/2754 2755/2755/2755 2756/2756/2756
f 2754/2754/2754 2757/2757/2757 2755/2755/2755
f 2758/2758/2758 2759/2759/2759 2760/2760/2760
f 2761/2761/2761 2760/2760/2760 2759/2759/2759
f 2762/2762/2762 2763/2763/2763 2764/2764/2764
f 2763/2763/2763 2762/2762/2762 2765/2765/2765
f 2766/2766/2766 2767/2767/2767 2768/2768/2768
f 2767/2767/2767 2766/2766/2766 2769/2769/2769
f 2770/2770/2770 2771/2771/2771 2772/2772/2772
f 2771/2771/2771 2770/2770/2770 2773/2773/2773
f 2774/2774/2774 2775/2775/2775 2776/2776/2776
f 2777/2777/2777 2776/2776/2776 2775/2775/2775
f 2778/2778/2778 2779/2779/2779 2780/2780/2780
f 2779/2779/2779 2778/2778/2778 2781/2781/2781
f 2782/2782/2782 2779/2779/2779 2781/2781/2781
f 2783/2783/2783 2784/2784/2784 2785/2785/2785
f 2784/2784/2784 2783/2783/2783 2786/2786/2786
f 2748/2748/2748 2747/2747/2747 2787/2787/2787
f 2748/2748/2748 2788/2788/2788 2789/2789/2789
f 2748/2748/2748 2787/2787/2787 2788/2788/2788
f 2756/2756/2756 2790/2790/2790 2791/2791/2791
f 2755/2755/2755 2790/2790/2790 2756/2756/2756
f 2790/2790/2790 2755/2755/2755 2792/2792/2792
f 2793/2793/2793 2794/2794/2794 2795/2795/2795
f 2793/2793/2793 2796/2796/2796 2794/2794/2794
f 2797/2797/2797 2798/2798/2798 2799/2799/2799
f 2797/2797/2797 2799/2799/2799 2800/2800/2800
f 2801/2801/2801 2802/2802/2802 2803/2803/2803
f 2804/2804/2804 2803/2803/2803 2802/2802/2802
f 2805/2805/2805 2806/2806/2806 2807/2807/2807
f 2806/2806/2806 2805/2805/2805 2808/2808/2808
f 2809/2809/2809 2810/2810/2810 2811/2811/2811
f 2809/2809/2809 2812/2812/2812 2810/2810/2810
f 2813/2813/2813 2814/2814/2814 2815/2815/2815
f 2814/2814/2814 2813/2813/2813 2816/2816/2816
f 2817/2817/2817 2818/2818/2818 2819/2819/2819
f 2818/2818/2818 2817/2817/2817 2820/2820/2820
f 2821/2821/2821 2822/2822/2822 2823/2823/2823
f 2821/2821/2821 2823/2823/2823 2824/2824/2824
f 2825/2825/2825 2826/2826/2826 2827/2827/2827
f 2826/2826/2826 2825/2825/2825 2828/2828/2828
f 2829/2829/2829 2830/2830/2830 2831/2831/2831
f 2830/2830/2830 2829/2829/2829 2832/2832/2832
f 2833/2833/2833 2834/2834/2834 2835/2835/2835
f 2834/2834/2834 2833/2833/2833 2836/2836/2836
f 2837/2837/2837 2838/2838/2838 2839/2839/2839
f 2838/2838/2838 2837/2837/2837 2840/2840/2840
f 2841/2841/2841 2842/2842/2842 2843/2843/2843
f 2844/2844/2844 2845/2845/2845 2846/2846/2846
f 2847/2847/2847 2848/2848/2848 2849/2849/2849
f 2848/2848/2848 2850/2850/2850 2851/2851/2851
f 2848/2848/2848 2852/2852/2852 2850/2850/2850
f 2848/2848/2848 2847/2847/2847 2852/2852/2852
f 2853/2853/2853 2854/2854/2854 2855/2855/2855
f 2854/2854/2854 2853/2853/2853 2856/2856/2856
f 2857/2857/2857 2854/2854/2854 2856/2856/2856
f 2858/2858/2858 2859/2859/2859 2860/2860/2860
f 2861/2861/2861 2862/2862/2862 2863/2863/2863
f 2862/2862/2862 2861/2861/2861 2864/2864/2864
f 2865/2865/2865 2866/2866/2866 2867/2867/2867
f 2865/2865/2865 2868/2868/2868 2869/2869/2869
f 2866/2866/2866 2865/2865/2865 2869/2869/2869
f 2866/2866/2866 2869/2869/2869 2870/2870/2870
f 2870/2870/2870 2871/2871/2871 2872/2872/2872
f 2859/2859/2859 2858/2858/2858 2873/2873/2873
f 2874/2874/2874 2875/2875/2875 2859/2859/2859
f 2874/2874/2874 2859/2859/2859 2873/2873/2873
f 2876/2876/2876 2877/2877/2877 2878/2878/2878
f 2877/2877/2877 2876/2876/2876 2879/2879/2879
f 2880/2880/2880 2881/2881/2881 2882/2882/2882
f 2883/2883/2883 2882/2882/2882 2881/2881/2881
f 2884/2884/2884 2885/2885/2885 2886/2886/2886
f 2885/2885/2885 2884/2884/2884 2887/2887/2887
f 2842/2842/2842 2841/2841/2841 2888/2888/2888
f 2842/2842/2842 2889/2889/2889 2843/2843/2843
f 2890/2890/2890 2889/2889/2889 2842/2842/2842
f 2891/2891/2891 2845/2845/2845 2892/2892/2892
f 2891/2891/2891 2893/2893/2893 2845/2845/2845
f 2894/2894/2894 2895/2895/2895 2139/2139/2139
f 2894/2894/2894 2845/2845/2845 2893/2893/2893
f 2896/2896/2896 2897/2897/2897 2898/2898/2898
f 2899/2899/2899 2897/2897/2897 2896/2896/2896
f 2868/2868/2868 2865/2865/2865 2900/2900/2900
f 2868/2868/2868 2871/2871/2871 2869/2869/2869
f 2871/2871/2871 2870/2870/2870 2869/2869/2869
f 2871/2871/2871 2868/2868/2868 2901/2901/2901
f 2902/2902/2902 2903/2903/2903 2904/2904/2904
f 2903/2903/2903 2902/2902/2902 2905/2905/2905
f 2845/2845/2845 2844/2844/2844 2892/2892/2892
f 2846/2846/2846 2139/2139/2139 2138/2138/2138
f 2139/2139/2139 2906/2906/2906 2137/2137/2137
f 2139/2139/2139 2845/2845/2845 2894/2894/2894
f 2139/2139/2139 2846/2846/2846 2845/2845/2845
f 2139/2139/2139 2895/2895/2895 2906/2906/2906
g Green
usemtl Green
f 2907/2907/2907 2908/2908/2908 2909/2909/2909
f 2908/2908/2908 2907/2907/2907 2910/2910/2910
f 2911/2911/2911 2912/2912/2912 2913/2913/2913
f 2914/2914/2914 2915/2915/2915 2916/2916/2916
f 2917/2917/2917 2918/2918/2918 2919/2919/2919
f 2918/2918/2918 2917/2917/2917 2920/2920/2920
f 2921/2921/2921 2922/2922/2922 2923/2923/2923
f 2922/2922/2922 2921/2921/2921 2924/2924/2924
f 2925/2925/2925 2926/2926/2926 2927/2927/2927
f 2928/2928/2928 2926/2926/2926 2925/2925/2925
f 2928/2928/2928 2925/2925/2925 2929/2929/2929
f 2915/2915/2915 2914/2914/2914 2930/2930/2930
f 2916/2916/2916 2931/2931/2931 2932/2932/2932
f 2912/2912/2912 2911/2911/2911 2933/2933/2933
f 2933/2933/2933 2934/2934/2934 2912/2912/2912
f 2935/2935/2935 2936/2936/2936 2937/2937/2937
f 2934/2934/2934 2938/2938/2938 2935/2935/2935
f 2934/2934/2934 2933/2933/2933 2939/2939/2939
f 2938/2938/2938 2936/2936/2936 2935/2935/2935
f 2939/2939/2939 2938/2938/2938 2934/2934/2934
f 2940/2940/2940 2941/2941/2941 2942/2942/2942
f 2931/2931/2931 2916/2916/2916 2915/2915/2915
f 2932/2932/2932 2943/2943/2943 2940/2940/2940
f 2943/2943/2943 2932/2932/2932 2931/2931/2931
f 2944/2944/2944 2945/2945/2945 2946/2946/2946
f 2929/2929/2929 2946/2946/2946 2947/2947/2947
f 2929/2929/2929 2947/2947/2947 2928/2928/2928
f 2946/2946/2946 2929/2929/2929 2944/2944/2944
f 2948/2948/2948 2949/2949/2949 2950/2950/2950
f 2949/2949/2949 2948/2948/2948 2951/2951/2951
f 2952/2952/2952 2953/2953/2953 2954/2954/2954
f 2953/2953/2953 2952/2952/2952 2955/2955/2955
f 2945/2945/2945 2944/2944/2944 2956/2956/2956
f 2956/2956/2956 2957/2957/2957 2945/2945/2945
f 2957/2957/2957 2956/2956/2956 2958/2958/2958
f 2941/2941/2941 2940/2940/2940 2943/2943/2943
f 2942/2942/2942 2959/2959/2959 2960/2960/2960
f 2959/2959/2959 2942/2942/2942 2941/2941/2941
f 2937/2937/2937 2961/2961/2961 2962/2962/2962
f 2936/2936/2936 2961/2961/2961 2937/2937/2937
f 2963/2963/2963 2964/2964/2964 2965/2965/2965
f 2964/2964/2964 2963/2963/2963 2966/2966/2966
f 2967/2967/2967 2968/2968/2968 2969/2969/2969
f 2970/2970/2970 2968/2968/2968 2967/2967/2967
f 2971/2971/2971 2972/2972/2972 2973/2973/2973
f 2974/2974/2974 2975/2975/2975 2976/2976/2976
f 2975/2975/2975 2974/2974/2974 2977/2977/2977
f 2978/2978/2978 2979/2979/2979 2980/2980/2980
f 2981/2981/2981 2980/2980/2980 2982/2982/2982
f 2983/2983/2983 2984/2984/2984 2985/2985/2985
f 2986/2986/2986 2973/2973/2973 2987/2987/2987
f 2987/2987/2987 2988/2988/2988 2986/2986/2986
f 2985/2985/2985 2989/2989/2989 2990/2990/2990
f 2985/2985/2985 2984/2984/2984 2989/2989/2989
f 2991/2991/2991 2992/2992/2992 2993/2993/2993
f 2992/2992/2992 2991/2991/2991 2994/2994/2994
f 2979/2979/2979 2978/2978/2978 2995/2995/2995
f 2980/2980/2980 2996/2996/2996 2982/2982/2982
f 2980/2980/2980 2981/2981/2981 2978/2978/2978
f 2980/2980/2980 2997/2997/2997 2998/2998/2998
f 2973/2973/2973 2999/2999/2999 3000/3000/3000
f 2973/2973/2973 3001/3001/3001 2999/2999/2999
f 2973/2973/2973 2986/2986/2986 2971/2971/2971
f 3002/3002/3002 3003/3003/3003 3004/3004/3004
f 3003/3003/3003 3002/3002/3002 3005/3005/3005
f 3006/3006/3006 3007/3007/3007 3008/3008/3008
f 3009/3009/3009 3010/3010/3010 3011/3011/3011
f 3012/3012/3012 3010/3010/3010 3009/3009/3009
f 3013/3013/3013 3014/3014/3014 3015/3015/3015
f 3014/3014/3014 3013/3013/3013 3016/3016/3016
f 3017/3017/3017 3018/3018/3018 3019/3019/3019
f 3020/3020/3020 3021/3021/3021 3022/3022/3022
f 3023/3023/3023 3021/3021/3021 3020/3020/3020
f 3024/3024/3024 3025/3025/3025 3026/3026/3026
f 3027/3027/3027 3028/3028/3028 3029/3029/3029
f 3030/3030/3030 3028/3028/3028 3027/3027/3027
f 3018/3018/3018 3017/3017/3017 3031/3031/3031
f 3001/3001/3001 2973/2973/2973 2972/2972/2972
f 3001/3001/3001 3018/3018/3018 3031/3031/3031
f 2997/2997/2997 2980/2980/2980 2979/2979/2979
f 3032/3032/3032 2998/2998/2998 2997/2997/2997
f 3033/3033/3033 3034/3034/3034 3035/3035/3035
f 3036/3036/3036 3037/3037/3037 3038/3038/3038
f 3036/3036/3036 3039/3039/3039 3037/3037/3037
f 3040/3040/3040 3038/3038/3038 3041/3041/3041
f 3038/3038/3038 3042/3042/3042 3043/3043/3043
f 3038/3038/3038 3040/3040/3040 3036/3036/3036
f 3044/3044/3044 3045/3045/3045 3046/3046/3046
f 3045/3045/3045 3044/3044/3044 3047/3047/3047
f 3048/3048/3048 3049/3049/3049 3050/3050/3050
f 3049/3049/3049 3048/3048/3048 3051/3051/3051
f 3052/3052/3052 3053/3053/3053 3054/3054/3054
f 3053/3053/3053 3052/3052/3052 3055/3055/3055
f 2998/2998/2998 3032/3032/3032 3011/3011/3011
f 3011/3011/3011 2996/2996/2996 2998/2998/2998
f 2996/2996/2996 2980/2980/2980 2998/2998/2998
f 2996/2996/2996 3011/3011/3011 3010/3010/3010
f 3056/3056/3056 3057/3057/3057 3058/3058/3058
f 2990/2990/2990 2989/2989/2989 3057/3057/3057
f 2990/2990/2990 3057/3057/3057 3056/3056/3056
f 3031/3031/3031 2999/2999/2999 3001/3001/3001
f 2999/2999/2999 3031/3031/3031 3059/3059/3059
f 3000/3000/3000 2987/2987/2987 2973/2973/2973
f 3059/3059/3059 3000/3000/3000 2999/2999/2999
f 3060/3060/3060 3061/3061/3061 3062/3062/3062
f 3061/3061/3061 3060/3060/3060 3063/3063/3063
f 3025/3025/3025 3024/3024/3024 3064/3064/3064
f 3026/3026/3026 3065/3065/3065 3066/3066/3066
f 3065/3065/3065 3026/3026/3026 3025/3025/3025
f 3067/3067/3067 3068/3068/3068 3069/3069/3069
f 3067/3067/3067 3070/3070/3070 3068/3068/3068
f 3071/3071/3071 3069/3069/3069 3034/3034/3034
f 3071/3071/3071 3067/3067/3067 3069/3069/3069
f 3072/3072/3072 3073/3073/3073 3074/3074/3074
f 3073/3073/3073 3072/3072/3072 3075/3075/3075
f 3007/3007/3007 3006/3006/3006 3076/3076/3076
f 3008/3008/3008 3077/3077/3077 3078/3078/3078
f 3077/3077/3077 3008/3008/3008 3007/3007/3007
f 3079/3079/3079 3080/3080/3080 3081/3081/3081
f 3080/3080/3080 3079/3079/3079 3082/3082/3082
f 3083/3083/3083 3084/3084/3084 3085/3085/3085
f 3084/3084/3084 3083/3083/3083 3086/3086/3086
f 3037/3037/3037 3087/3087/3087 3042/3042/3042
f 3037/3037/3037 3042/3042/3042 3038/3038/3038
f 3039/3039/3039 3088/3088/3088 3037/3037/3037
f 3089/3089/3089 3090/3090/3090 3091/3091/3091
f 3089/3089/3089 3092/3092/3092 3068/3068/3068
f 3090/3090/3090 3089/3089/3089 3068/3068/3068
f 3093/3093/3093 3094/3094/3094 3095/3095/3095
f 3094/3094/3094 3093/3093/3093 3096/3096/3096
f 3097/3097/3097 3035/3035/3035 3034/3034/3034
f 3097/3097/3097 3069/3069/3069 3092/3092/3092
f 3069/3069/3069 3097/3097/3097 3034/3034/3034
f 3069/3069/3069 3068/3068/3068 3092/3092/3092
f 3098/3098/3098 3099/3099/3099 3100/3100/3100
f 3099/3099/3099 3098/3098/3098 3101/3101/3101
f 3088/3088/3088 3087/3087/3087 3037/3037/3037
f 3102/3102/3102 3103/3103/3103 3088/3088/3088
f 3102/3102/3102 3088/3088/3088 3039/3039/3039
f 3104/3104/3104 3103/3103/3103 3102/3102/3102
f 3105/3105/3105 3106/3106/3106 3107/3107/3107
f 3106/3106/3106 3105/3105/3105 3108/3108/3108
f 3109/3109/3109 3110/3110/3110 3111/3111/3111
f 3112/3112/3112 3110/3110/3110 3109/3109/3109
g Leaf_Texture
usemtl Leaf_Texture
f 3113/3113/3113 3114/3114/3114 3115/3115/3115
f 3113/3113/3113 3116/3116/3116 3114/3114/3114
f 3117/3117/3117 3118/3118/3118 3119/3119/3119
f 3120/3120/3120 3118/3118/3118 3117/3117/3117
f 3121/3121/3121 3122/3122/3122 3123/3123/3123
f 3121/3121/3121 3124/3124/3124 3122/3122/3122
f 3125/3125/3125 3126/3126/3126 3127/3127/3127
f 3128/3128/3128 3126/3126/3126 3125/3125/3125
f 3129/3129/3129 3130/3130/3130 3131/3131/3131
f 3130/3130/3130 3129/3129/3129 3132/3132/3132
f 3133/3133/3133 3134/3134/3134 3135/3135/3135
f 3134/3134/3134 3133/3133/3133 3136/3136/3136
f 3137/3137/3137 3138/3138/3138 3139/3139/3139
f 3140/3140/3140 3138/3138/3138 3137/3137/3137
f 3141/3141/3141 3142/3142/3142 3143/3143/3143
f 3141/3141/3141 3143/3143/3143 3144/3144/3144
f 3145/3145/3145 3146/3146/3146 3147/3147/3147
f 3145/3145/3145 3147/3147/3147 3148/3148/3148
f 3149/3149/3149 3150/3150/3150 3151/3151/3151
f 3150/3150/3150 3149/3149/3149 3152/3152/3152
f 3153/3153/3153 3154/3154/3154 3155/3155/3155
f 3156/3156/3156 3155/3155/3155 3154/3154/3154
f 3157/3157/3157 3158/3158/3158 3159/3159/3159
f 3160/3160/3160 3159/3159/3159 3158/3158/3158
f 3161/3161/3161 3162/3162/3162 3163/3163/3163
f 3162/3162/3162 3161/3161/3161 3164/3164/3164
f 3165/3165/3165 3166/3166/3166 3167/3167/3167
f 3168/3168/3168 3166/3166/3166 3165/3165/3165
f 3169/3169/3169 3170/3170/3170 3171/3171/3171
f 3170/3170/3170 3169/3169/3169 3172/3172/3172
f 3173/3173/3173 3174/3174/3174 3175/3175/3175
f 3176/3176/3176 3174/3174/3174 3173/3173/3173
f 3177/3177/3177 3178/3178/3178 3179/3179/3179
f 3177/3177/3177 3180/3180/3180 3178/3178/3178
f 3181/3181/3181 3182/3182/3182 3183/3183/3183
f 3182/3182/3182 3181/3181/3181 3184/3184/3184
f 3185/3185/3185 3186/3186/3186 3187/3187/3187
f 3186/3186/3186 3185/3185/3185 3188/3188/3188
f 3189/3189/3189 3190/3190/3190 3191/3191/3191
f 3191/3191/3191 3192/3192/3192 3189/3189/3189
f 3193/3193/3193 3194/3194/3194 3195/3195/3195
f 3194/3194/3194 3193/3193/3193 3196/3196/3196
f 3197/3197/3197 3198/3198/3198 3199/3199/3199
f 3198/3198/3198 3197/3197/3197 3200/3200/3200
f 3201/3201/3201 3202/3202/3202 3203/3203/3203
f 3203/3203/3203 3204/3204/3204 3201/3201/3201
f 3205/3205/3205 3206/3206/3206 3207/3207/3207
f 3206/3206/3206 3205/3205/3205 3208/3208/3208
f 3209/3209/3209 3210/3210/3210 3211/3211/3211
f 3210/3210/3210 3209/3209/3209 3212/3212/3212
f 3213/3213/3213 3214/3214/3214 3215/3215/3215
f 3216/3216/3216 3215/3215/3215 3214/3214/3214
f 3217/3217/3217 3218/3218/3218 3219/3219/3219
f 3220/3220/3220 3219/3219/3219 3218/3218/3218
f 3221/3221/3221 3222/3222/3222 3223/3223/3223
f 3222/3222/3222 3221/3221/3221 3224/3224/3224
f 3225/3225/3225 3226/3226/3226 3227/3227/3227
f 3228/3228/3228 3227/3227/3227 3226/3226/3226
f 3229/3229/3229 3230/3230/3230 3231/3231/3231
f 3232/3232/3232 3231/3231/3231 3230/3230/3230
f 3233/3233/3233 3234/3234/3234 3235/3235/3235
f 3236/3236/3236 3234/3234/3234 3233/3233/3233
f 3237/3237/3237 3238/3238/3238 3239/3239/3239
f 3237/3237/3237 3240/3240/3240 3238/3238/3238
f 3241/3241/3241 3242/3242/3242 3243/3243/3243
f 3241/3241/3241 3243/3243/3243 3244/3244/3244
f 3245/3245/3245 3246/3246/3246 3247/3247/3247
f 3248/3248/3248 3247/3247/3247 3246/3246/3246
f 3249/3249/3249 3250/3250/3250 3251/3251/3251
f 3250/3250/3250 3249/3249/3249 3252/3252/3252
f 3253/3253/3253 3254/3254/3254 3255/3255/3255
f 3256/3256/3256 3255/3255/3255 3254/3254/3254
f 3257/3257/3257 3258/3258/3258 3259/3259/3259
f 3258/3258/3258 3257/3257/3257 3260/3260/3260
f 3261/3261/3261 3262/3262/3262 3263/3263/3263
f 3264/3264/3264 3263/3263/3263 3262/3262/3262
f 3265/3265/3265 3266/3266/3266 3267/3267/3267
f 3268/3268/3268 3267/3267/3267 3266/3266/3266
