# Ruins_Chest: from Quaternius, Ultimate Modular Ruins Pack (CC0 1.0)
mtllib Ruins_Chest.mtl
v 0.02103 0.50086 0.40997
v 0.02017 0.50776 0.35116
v 0.02103 0.50086 0.35116
v 0.02017 0.50776 0.40997
v -0.00745 0.50086 0.35116
v -0.00745 0.50086 0.40997
v -0.00102 0.48371 0.35116
v -0.00102 0.48371 0.40997
v -0.00658 0.50776 0.35116
v -0.00658 0.50776 0.40997
v -0.00745 0.50086 0.35116
v -0.00745 0.50086 0.40997
v 0.02017 0.50776 0.40997
v 0.01664 0.51281 0.35116
v 0.02017 0.50776 0.35116
v 0.01664 0.51281 0.40997
v 0.00219 0.51466 0.40997
v -0.00306 0.51281 0.35116
v 0.00219 0.51466 0.35116
v -0.00306 0.51281 0.40997
v 0.02628 0.44000 0.35116
v -0.01270 0.44000 0.40997
v 0.02628 0.44000 0.40997
v -0.01270 0.44000 0.35116
v 0.01139 0.51466 0.40997
v 0.00219 0.51466 0.35116
v 0.01139 0.51466 0.35116
v 0.00219 0.51466 0.40997
v -0.00102 0.48371 0.40997
v -0.01270 0.44000 0.40997
v -0.01270 0.44000 0.35116
v -0.00102 0.48371 0.35116
v 0.01664 0.51281 0.40997
v 0.01139 0.51466 0.35116
v 0.01664 0.51281 0.35116
v 0.01139 0.51466 0.40997
v -0.00306 0.51281 0.35116
v -0.00306 0.51281 0.40997
v -0.00658 0.50776 0.35116
v -0.00658 0.50776 0.40997
v 0.01139 0.51466 0.35116
v 0.02103 0.50086 0.35116
v 0.02017 0.50776 0.35116
v 0.01664 0.51281 0.35116
v -0.00745 0.50086 0.35116
v -0.00658 0.50776 0.35116
v 0.00219 0.51466 0.35116
v -0.00306 0.51281 0.35116
v 0.01461 0.48371 0.35116
v -0.00102 0.48371 0.35116
v 0.02628 0.44000 0.35116
v -0.01270 0.44000 0.35116
v 0.01461 0.48371 0.40997
v 0.06789 0.51430 0.40997
v 0.02103 0.50086 0.40997
v 0.05419 0.44072 0.40997
v 0.02628 0.44000 0.40997
v 0.06395 0.40363 0.40997
v -0.05037 0.40363 0.40997
v -0.01270 0.44000 0.40997
v -0.04061 0.44072 0.40997
v -0.05431 0.51430 0.40997
v -0.00102 0.48371 0.40997
v -0.00745 0.50086 0.40997
v -0.00658 0.50776 0.40997
v -0.05061 0.54392 0.40997
v 0.01664 0.51281 0.40997
v 0.02654 0.57353 0.40997
v 0.01139 0.51466 0.40997
v 0.04906 0.56560 0.40997
v 0.06419 0.54392 0.40997
v 0.02017 0.50776 0.40997
v 0.01461 0.48371 0.40997
v 0.02103 0.50086 0.35116
v 0.01461 0.48371 0.35116
v 0.02103 0.50086 0.40997
v 0.00219 0.51466 0.40997
v -0.01296 0.57353 0.40997
v -0.00306 0.51281 0.40997
v 0.06419 0.54392 0.33966
v 0.06419 0.54392 0.40997
v 0.06789 0.51430 0.40997
v 0.06789 0.51430 0.33966
v 0.04906 0.56560 0.33966
v 0.04906 0.56560 0.40997
v 0.06419 0.54392 0.40997
v 0.06419 0.54392 0.33966
v 0.02654 0.57353 0.33966
v 0.02654 0.57353 0.40997
v 0.04906 0.56560 0.40997
v 0.04906 0.56560 0.33966
v -0.05061 0.54392 0.40997
v -0.05431 0.51430 0.33966
v -0.05431 0.51430 0.40997
v -0.05061 0.54392 0.33966
v -0.03548 0.56560 0.40997
v -0.05061 0.54392 0.33966
v -0.05061 0.54392 0.40997
v -0.03548 0.56560 0.33966
v -0.01296 0.57353 0.40997
v -0.03548 0.56560 0.33966
v -0.03548 0.56560 0.40997
v -0.01296 0.57353 0.33966
v -0.05037 0.40363 0.40997
v -0.04061 0.44072 0.32284
v -0.05037 0.40363 0.32284
v -0.04061 0.44072 0.40997
v 0.05419 0.44072 0.32284
v -0.05037 0.40363 0.32284
v -0.04061 0.44072 0.32284
v 0.06395 0.40363 0.32284
v 0.06395 0.40363 0.32284
v 0.05419 0.44072 0.40997
v 0.06395 0.40363 0.40997
v 0.05419 0.44072 0.32284
v -0.03548 0.56560 0.40997
v -0.01296 0.57353 0.33966
v -0.05061 0.54392 0.33966
v -0.03548 0.56560 0.33966
v -0.05431 0.51430 0.33966
v 0.02654 0.57353 0.33966
v 0.06789 0.51430 0.33966
v 0.06419 0.54392 0.33966
v 0.04906 0.56560 0.33966
v -0.04061 0.44072 0.32284
v 0.05419 0.44072 0.32284
v 0.06395 0.40363 0.40997
v -0.05037 0.40363 0.32284
v 0.06395 0.40363 0.32284
v -0.05037 0.40363 0.40997
v -0.04061 0.44072 0.40997
v -0.05431 0.51430 0.33966
v -0.04061 0.44072 0.32284
v -0.05431 0.51430 0.40997
v 0.02628 0.44000 0.40997
v 0.01461 0.48371 0.35116
v 0.02628 0.44000 0.35116
v 0.01461 0.48371 0.40997
v 0.06789 0.51430 0.33966
v 0.05419 0.44072 0.40997
v 0.05419 0.44072 0.32284
v 0.06789 0.51430 0.40997
v 0.02654 0.57353 0.33966
v -0.01296 0.57353 0.40997
v 0.02654 0.57353 0.40997
v -0.01296 0.57353 0.33966
v -0.52623 0.15857 0.31053
v -0.40412 0.06485 0.29754
v -0.42098 0.19063 0.31525
v -0.50515 0.00000 0.28416
v 0.16275 0.53612 0.28415
v 0.36427 0.15398 0.20364
v 0.12064 0.15265 0.20218
v 0.48819 0.53791 0.28608
v -0.36943 0.15398 -0.26029
v -0.49687 0.53076 0.27833
v -0.37314 0.14864 0.19783
v -0.49190 0.53791 -0.33364
v -0.37314 0.14864 0.19783
v 0.01711 0.53255 0.28027
v 0.01162 0.14997 0.19928
v -0.49687 0.53076 0.27833
v 0.01162 0.14997 0.19928
v 0.08892 0.52257 0.28443
v 0.06538 0.14250 0.20240
v 0.01711 0.53255 0.28027
v 0.36427 0.15398 0.20364
v 0.48819 0.53791 -0.33364
v 0.36427 0.15398 -0.26029
v 0.48819 0.53791 0.28608
v -0.09871 0.15398 -0.26029
v 0.01162 0.14997 0.19928
v 0.06538 0.14250 0.20240
v -0.15295 0.15398 -0.26029
v -0.04448 0.15398 -0.26029
v 0.06538 0.14250 0.20240
v 0.12064 0.15265 0.20218
v -0.09871 0.15398 -0.26029
v 0.36427 0.15398 -0.26029
v 0.12064 0.15265 0.20218
v 0.36427 0.15398 0.20364
v -0.04448 0.15398 -0.26029
v -0.15295 0.15398 -0.26029
v -0.37314 0.14864 0.19783
v 0.01162 0.14997 0.19928
v -0.36943 0.15398 -0.26029
v 0.48819 0.53791 -0.33364
v -0.06492 0.53838 -0.40997
v -0.05782 0.53791 -0.33364
v 0.56840 0.53838 -0.40997
v 0.48819 0.53791 0.28608
v 0.56840 0.53838 0.36326
v 0.19092 0.53631 0.36084
v 0.16275 0.53612 0.28415
v 0.02200 0.53217 0.35600
v -0.49687 0.53076 0.27833
v -0.57416 0.53009 0.35359
v -0.13027 0.53791 -0.33364
v -0.49190 0.53791 -0.33364
v -0.36943 0.15398 -0.26029
v -0.20272 0.53791 -0.33364
v 0.36427 0.15398 -0.26029
v -0.05782 0.53791 -0.33364
v -0.04448 0.15398 -0.26029
v 0.48819 0.53791 -0.33364
v -0.09871 0.15398 -0.26029
v 0.08892 0.52257 0.28443
v 0.12064 0.15265 0.20218
v 0.06538 0.14250 0.20240
v 0.16275 0.53612 0.28415
v -0.13027 0.53791 -0.33364
v -0.15295 0.15398 -0.26029
v -0.14895 0.53838 -0.40997
v -0.08173 0.44219 -0.39664
v -0.14895 0.44219 -0.39664
v -0.21618 0.44219 -0.39664
v -0.23299 0.53838 -0.40997
v -0.45472 0.44219 -0.39664
v -0.56840 0.53838 -0.40997
v 0.10529 0.52059 0.36119
v 0.01990 0.46024 0.34385
v 0.10686 0.43943 0.34829
v 0.02200 0.53217 0.35600
v 0.17431 0.44081 0.34948
v 0.10529 0.52059 0.36119
v 0.10686 0.43943 0.34829
v 0.19092 0.53631 0.36084
v 0.45472 0.44219 0.35066
v 0.19092 0.53631 0.36084
v 0.17431 0.44081 0.34948
v 0.56840 0.53838 0.36326
v -0.07427 0.00000 -0.33087
v -0.14512 0.02205 0.28150
v -0.14895 0.00000 -0.33087
v -0.07427 0.00000 0.28416
v -0.14512 0.02205 0.28150
v -0.22364 0.00000 -0.33087
v -0.14895 0.00000 -0.33087
v -0.22364 0.00000 0.28416
v -0.22364 0.00000 0.28416
v -0.50515 0.00000 -0.33087
v -0.22364 0.00000 -0.33087
v -0.50515 0.00000 0.28416
v 0.10529 0.52059 0.36119
v 0.19092 0.53631 0.36084
v 0.16275 0.53612 0.28415
v 0.08892 0.52257 0.28443
v 0.01711 0.53255 0.28027
v -0.56840 0.53838 -0.40997
v -0.49190 0.53791 -0.33364
v -0.14895 0.53838 -0.40997
v -0.20272 0.53791 -0.33364
v -0.23299 0.53838 -0.40997
v -0.14512 0.02205 0.28150
v -0.07427 0.00000 0.28416
v -0.08921 0.06485 0.29754
v -0.14895 0.06485 0.29754
v -0.14512 0.02205 0.28150
v -0.20870 0.06485 0.29754
v -0.22364 0.00000 0.28416
v -0.14895 0.06485 0.29754
v -0.22364 0.00000 0.28416
v -0.40412 0.06485 0.29754
v -0.50515 0.00000 0.28416
v -0.20870 0.06485 0.29754
v -0.14895 0.45159 -0.37019
v -0.21618 0.44219 -0.39664
v -0.14895 0.44219 -0.39664
v -0.21618 0.45159 -0.37019
v -0.45472 0.45159 -0.37019
v -0.45472 0.44219 -0.39664
v -0.14895 0.00000 -0.33087
v -0.22364 0.00000 -0.33087
v -0.20870 0.06485 -0.34300
v -0.08921 0.06485 -0.34300
v -0.07427 0.00000 -0.33087
v -0.14895 0.06485 -0.34300
v 0.40412 0.06485 -0.34300
v 0.50515 0.00000 -0.33087
v 0.03077 0.45159 0.32348
v -0.14586 0.32249 0.30209
v -0.07958 0.32179 0.30178
v 0.45879 0.32110 0.30148
v 0.09800 0.45159 0.32348
v 0.45472 0.45159 0.32348
v -0.14895 0.06842 0.26115
v -0.20870 0.06485 0.29754
v -0.14895 0.06485 0.29754
v -0.20870 0.06842 0.26115
v -0.40412 0.06842 0.26115
v -0.40412 0.06485 0.29754
v 0.01990 0.46024 0.34385
v -0.03646 0.45159 0.32348
v 0.03077 0.45159 0.32348
v 0.10686 0.43943 0.34829
v 0.10686 0.43943 0.34829
v 0.03077 0.45159 0.32348
v 0.09800 0.45159 0.32348
v 0.17431 0.44081 0.34948
v 0.17431 0.44081 0.34948
v 0.45472 0.45159 0.32348
v 0.45472 0.44219 0.35066
v 0.09800 0.45159 0.32348
v -0.14895 0.45159 -0.37019
v -0.08422 0.32387 -0.34941
v -0.14895 0.32387 -0.34941
v -0.21369 0.32387 -0.34941
v -0.21618 0.45159 -0.37019
v -0.43785 0.32387 -0.34941
v -0.45472 0.45159 -0.37019
v -0.14895 0.06485 -0.34300
v -0.20870 0.06842 -0.30786
v -0.14895 0.06842 -0.30786
v -0.08921 0.06485 -0.34300
v -0.08921 0.06842 -0.30786
v 0.40412 0.06485 -0.34300
v 0.40412 0.06842 -0.30786
v -0.20870 0.06842 -0.30786
v -0.14895 0.19615 -0.32863
v -0.14895 0.06842 -0.30786
v -0.40412 0.06842 -0.30786
v -0.21119 0.19615 -0.32863
v -0.08547 0.26001 -0.33902
v -0.14895 0.26001 -0.33902
v -0.21244 0.26001 -0.33902
v -0.42942 0.26001 -0.33902
v -0.08921 0.06842 0.26115
v -0.14895 0.19615 0.28192
v -0.14895 0.06842 0.26115
v 0.40412 0.06842 0.26115
v -0.08671 0.19615 0.28192
v -0.08547 0.26001 0.29231
v -0.03646 0.45159 0.32348
v 0.45879 0.32110 0.30148
v 0.42942 0.26001 0.29231
v -0.20870 0.06842 0.26115
v -0.14895 0.26001 0.29231
v -0.21119 0.19615 0.28192
v -0.21214 0.32318 0.30239
v -0.21244 0.26001 0.29231
v 0.42098 0.19615 0.28192
v -0.08921 0.06842 -0.30786
v -0.08671 0.19615 -0.32863
v -0.42098 0.19615 -0.32863
v -0.53731 0.25352 0.25430
v -0.49046 0.19776 0.24375
v -0.53038 0.19063 0.24375
v -0.43785 0.31641 0.33296
v -0.42942 0.26001 0.29231
v -0.43785 0.32387 0.30270
v -0.44703 0.25352 0.31271
v -0.42098 0.19063 -0.36088
v -0.53141 0.25490 -0.35904
v -0.42942 0.25352 -0.36982
v -0.52623 0.15857 -0.35724
v 0.52970 0.19063 -0.29046
v 0.53677 0.25352 -0.37042
v 0.53665 0.25352 -0.30101
v -0.53038 0.19063 0.24375
v -0.53677 0.25352 0.32371
v -0.53731 0.25352 0.25430
v -0.52623 0.15857 0.31053
v -0.54424 0.31641 -0.31155
v -0.53141 0.25490 -0.35904
v -0.53731 0.25352 -0.30101
v -0.54731 0.34847 -0.38360
v -0.53677 0.25352 0.32371
v -0.43785 0.31641 0.33296
v -0.54731 0.34847 0.33689
v -0.44703 0.25352 0.31271
v 0.44907 0.17125 0.31582
v 0.53677 0.25352 0.32371
v 0.42942 0.25352 0.32410
v 0.52623 0.15857 0.31053
v 0.42098 0.19615 0.28192
v 0.42942 0.25352 0.32410
v 0.42942 0.26001 0.29231
v 0.44907 0.17125 0.31582
v 0.53677 0.25352 0.32371
v 0.54359 0.31641 0.26484
v 0.54731 0.34847 0.33689
v 0.52623 0.15857 0.31053
v 0.52970 0.19063 0.24375
v 0.53665 0.25352 0.25430
v 0.55748 0.44219 0.28593
v 0.56840 0.53838 0.36326
v 0.42942 0.26001 0.29231
v 0.43785 0.31641 0.33296
v 0.45879 0.32110 0.30148
v 0.42942 0.25352 0.32410
v 0.40412 0.06842 0.26115
v 0.44907 0.17125 0.31582
v 0.42098 0.19615 0.28192
v 0.40412 0.06485 0.29754
v 0.53677 0.25352 0.32371
v 0.43785 0.31641 0.33296
v 0.42942 0.25352 0.32410
v 0.40412 0.06485 0.29754
v 0.52623 0.15857 0.31053
v 0.44907 0.17125 0.31582
v 0.50515 0.00000 0.28416
v -0.44703 0.25352 0.31271
v -0.52623 0.15857 0.31053
v -0.42098 0.19063 0.31525
v -0.53677 0.25352 0.32371
v -0.45779 0.43667 0.34592
v -0.54731 0.34847 0.33689
v -0.43785 0.31641 0.33296
v -0.57416 0.53009 0.35359
v -0.53141 0.25490 -0.35904
v -0.53038 0.19063 -0.29046
v -0.53731 0.25352 -0.30101
v -0.52623 0.15857 -0.35724
v -0.54731 0.34847 -0.38360
v -0.55810 0.44219 -0.33264
v -0.56840 0.53838 -0.40997
v -0.54424 0.31641 -0.31155
v -0.53677 0.25352 0.32371
v -0.53964 0.32056 0.27350
v -0.53731 0.25352 0.25430
v -0.54731 0.34847 0.33689
v 0.53665 0.25352 0.25430
v 0.52970 0.19063 0.24375
v 0.49046 0.19776 0.24375
v 0.49811 0.25952 0.25430
v 0.54359 0.31641 0.26484
v 0.50577 0.32128 0.26484
v 0.52108 0.44480 0.28593
v 0.55748 0.44219 0.28593
v 0.52623 0.15857 -0.35724
v 0.54359 0.31641 -0.31155
v 0.51582 0.06485 -0.26937
v 0.52623 0.15857 -0.35724
v 0.52970 0.19063 -0.29046
v 0.50515 0.00000 -0.33087
v -0.53141 0.25490 -0.35904
v -0.43785 0.31641 -0.37876
v -0.42942 0.25352 -0.36982
v -0.54731 0.34847 -0.38360
v -0.40412 0.06485 -0.34300
v -0.52623 0.15857 -0.35724
v -0.42098 0.19063 -0.36088
v -0.50515 0.00000 -0.33087
v 0.42942 0.25352 -0.36982
v 0.53677 0.25352 -0.37042
v 0.42098 0.19063 -0.36088
v 0.43785 0.31641 -0.37876
v 0.54731 0.34847 -0.38360
v 0.52623 0.15857 -0.35724
v 0.45472 0.44219 -0.39664
v 0.56840 0.53838 -0.40997
v -0.42098 0.19615 0.28192
v -0.42942 0.26001 0.29231
v -0.43785 0.32387 0.30270
v -0.40412 0.06842 0.26115
v -0.44703 0.25352 0.31271
v -0.42098 0.19063 0.31525
v -0.42098 0.19615 0.28192
v -0.42942 0.26001 0.29231
v -0.45779 0.43667 0.34592
v -0.43785 0.31641 0.33296
v -0.43785 0.32387 0.30270
v -0.45472 0.45159 0.32348
v -0.49811 0.25952 -0.30101
v -0.49046 0.19776 0.24375
v -0.49811 0.25952 0.25430
v -0.50577 0.32128 -0.31155
v -0.47515 0.07424 -0.26937
v -0.49046 0.19776 -0.29046
v -0.47515 0.07424 0.22266
v -0.53731 0.25352 -0.30101
v -0.49046 0.19776 -0.29046
v -0.49811 0.25952 -0.30101
v -0.53038 0.19063 -0.29046
v -0.54424 0.31641 -0.31155
v -0.50577 0.32128 -0.31155
v -0.52108 0.44480 -0.33264
v -0.55810 0.44219 -0.33264
v -0.49811 0.25952 0.25430
v -0.53964 0.32056 0.27350
v -0.50577 0.32128 0.26484
v -0.53731 0.25352 0.25430
v -0.49811 0.25952 0.25430
v -0.47515 0.07424 0.22266
v -0.51652 0.06485 0.22266
v 0.42098 0.19615 -0.32863
v 0.42942 0.26001 -0.33902
v 0.43785 0.32387 -0.34941
v 0.40412 0.06842 -0.30786
v -0.42942 0.25352 -0.36982
v -0.42098 0.19615 -0.32863
v -0.42098 0.19063 -0.36088
v -0.42942 0.26001 -0.33902
v -0.43785 0.31641 -0.37876
v -0.43785 0.32387 -0.34941
v -0.40412 0.06485 -0.34300
v -0.40412 0.06842 -0.30786
v 0.42942 0.25352 -0.36982
v 0.42098 0.19615 -0.32863
v 0.42942 0.26001 -0.33902
v 0.42098 0.19063 -0.36088
v 0.43785 0.31641 -0.37876
v 0.43785 0.32387 -0.34941
v 0.45472 0.44219 -0.39664
v 0.45472 0.45159 -0.37019
v 0.49811 0.25952 0.25430
v 0.49046 0.19776 -0.29046
v 0.49811 0.25952 -0.30101
v 0.50577 0.32128 0.26484
v 0.49046 0.19776 0.24375
v 0.47515 0.07424 -0.26937
v 0.47515 0.07424 0.22266
v 0.53665 0.25352 -0.30101
v 0.49046 0.19776 -0.29046
v 0.52970 0.19063 -0.29046
v 0.49811 0.25952 -0.30101
v 0.54359 0.31641 -0.31155
v 0.50577 0.32128 -0.31155
v 0.47515 0.07424 -0.26937
v 0.51582 0.06485 -0.26937
v 0.52108 0.44480 -0.33264
v 0.55748 0.44219 -0.33264
v 0.55748 0.44219 -0.33264
v 0.52108 0.44480 0.28593
v 0.52108 0.44480 -0.33264
v 0.55748 0.44219 0.28593
v 0.51582 0.06485 0.22266
v 0.47515 0.07424 -0.26937
v 0.47515 0.07424 0.22266
v 0.51582 0.06485 -0.26937
v 0.50577 0.32128 -0.31155
v 0.52108 0.44480 0.28593
v 0.52108 0.44480 -0.33264
v -0.20870 0.06485 -0.34300
v -0.40412 0.06842 -0.30786
v -0.40412 0.06485 -0.34300
v 0.40412 0.06485 -0.34300
v 0.40412 0.06842 -0.30786
v -0.45472 0.44219 -0.39664
v -0.45472 0.45159 -0.37019
v -0.08173 0.45159 -0.37019
v 0.45472 0.45159 -0.37019
v -0.53964 0.32056 0.27350
v -0.52108 0.44480 0.28593
v -0.50577 0.32128 0.26484
v -0.55810 0.44219 0.28593
v -0.51652 0.06485 -0.26937
v -0.47515 0.07424 -0.26937
v -0.51652 0.06485 -0.26937
v -0.51652 0.06485 0.22266
v -0.47515 0.07424 0.22266
v -0.47515 0.07424 -0.26937
v -0.50577 0.32128 0.26484
v -0.52108 0.44480 -0.33264
v -0.52108 0.44480 0.28593
v -0.03646 0.45159 0.32348
v -0.45779 0.43667 0.34592
v -0.45472 0.45159 0.32348
v 0.01990 0.46024 0.34385
v -0.40412 0.06485 0.29754
v -0.42098 0.19615 0.28192
v -0.42098 0.19063 0.31525
v -0.40412 0.06842 0.26115
v -0.08921 0.06842 0.26115
v -0.08921 0.06485 0.29754
v 0.40412 0.06842 0.26115
v 0.40412 0.06485 0.29754
v -0.45472 0.45159 0.32348
v -0.50515 0.00000 -0.33087
v -0.40412 0.06485 -0.34300
v 0.52623 0.15857 -0.35724
v 0.40412 0.06485 -0.34300
v 0.42098 0.19063 -0.36088
v 0.50515 0.00000 -0.33087
v -0.54731 0.34847 -0.38360
v -0.43785 0.31641 -0.37876
v -0.08173 0.45159 -0.37019
v -0.08173 0.44219 -0.39664
v 0.45472 0.45159 -0.37019
v 0.45472 0.44219 -0.39664
v 0.54731 0.34847 -0.38360
v 0.56840 0.53838 -0.40997
v 0.55748 0.44219 -0.33264
v 0.50515 0.00000 0.28416
v 0.50515 0.00000 -0.33087
v 0.51582 0.06485 -0.26937
v 0.51582 0.06485 0.22266
v 0.51582 0.06485 0.22266
v 0.47515 0.07424 0.22266
v -0.54731 0.34847 0.33689
v -0.57416 0.53009 0.35359
v -0.55810 0.44219 0.28593
v -0.53964 0.32056 0.27350
v -0.52623 0.15857 -0.35724
v -0.51652 0.06485 -0.26937
v -0.53038 0.19063 -0.29046
v -0.50515 0.00000 -0.33087
v -0.50515 0.00000 -0.33087
v -0.51652 0.06485 0.22266
v -0.51652 0.06485 -0.26937
v -0.50515 0.00000 0.28416
v -0.55810 0.44219 0.28593
v -0.55810 0.44219 -0.33264
v -0.52108 0.44480 -0.33264
v -0.52108 0.44480 0.28593
v -0.07427 0.00000 0.28416
v 0.50515 0.00000 0.28416
v 0.40412 0.06485 0.29754
v -0.08921 0.06485 0.29754
v -0.50515 0.00000 0.28416
v -0.52623 0.15857 0.31053
v -0.51652 0.06485 0.22266
v -0.53038 0.19063 0.24375
v 0.54731 0.34847 0.33689
v 0.45472 0.44219 0.35066
v 0.56840 0.53838 0.36326
v 0.45879 0.32110 0.30148
v 0.45472 0.44219 0.35066
v 0.45472 0.45159 0.32348
v 0.43785 0.31641 0.33296
v 0.02200 0.53217 0.35600
v 0.10529 0.52059 0.36119
v 0.08892 0.52257 0.28443
v 0.01711 0.53255 0.28027
v 0.50515 0.00000 0.28416
v -0.07427 0.00000 0.28416
v -0.07427 0.00000 -0.33087
v 0.50515 0.00000 -0.33087
v 0.02200 0.53217 0.35600
v -0.45779 0.43667 0.34592
v 0.01990 0.46024 0.34385
v -0.57416 0.53009 0.35359
v 0.52623 0.15857 0.31053
v 0.51582 0.06485 0.22266
v 0.52970 0.19063 0.24375
v 0.50515 0.00000 0.28416
v -0.06492 0.53838 -0.40997
v -0.57416 0.53009 0.35359
v -0.56840 0.53838 -0.40997
v -0.55810 0.44219 -0.33264
v -0.55810 0.44219 0.28593
v -0.07883 0.37568 0.32306
v -0.10967 0.38638 0.30427
v -0.10846 0.38105 0.33311
v -0.07883 0.37902 0.30304
v -0.12261 0.27985 0.30709
v -0.10846 0.38105 0.33311
v -0.15224 0.27786 0.31591
v -0.07883 0.37568 0.32306
v 0.17919 0.37568 0.32306
v -0.07883 0.37902 0.30304
v -0.07883 0.37568 0.32306
v 0.17919 0.37902 0.30304
v -0.10967 0.38638 0.30427
v -0.45805 0.38638 0.30427
v -0.45805 0.38305 0.32429
v -0.10846 0.38105 0.33311
v -0.15224 0.27786 0.31591
v -0.45805 0.38305 0.32429
v -0.45805 0.27985 0.30709
v -0.10846 0.38105 0.33311
v -0.45805 0.48795 0.34112
v -0.16315 0.39610 0.32581
v -0.16315 0.48795 0.34112
v -0.45805 0.49128 0.32110
v -0.16315 0.48795 0.34112
v -0.16315 0.49128 0.32110
v -0.07883 0.37568 0.32306
v 0.17919 0.27985 0.30709
v 0.17919 0.37568 0.32306
v -0.16315 0.39943 0.30579
v -0.45805 0.38475 0.32392
v -0.45805 0.38809 0.30390
v -0.16315 0.39610 0.32581
v -0.15224 0.27786 0.31591
v -0.15344 0.28319 0.28707
v -0.12261 0.27985 0.30709
v -0.45805 0.27985 0.30709
v -0.45805 0.28319 0.28707
v -0.29267 0.17461 0.28948
v -0.29267 0.17795 0.26946
v -0.26184 0.18531 0.27069
v -0.26184 0.18198 0.29071
v 0.02612 0.18198 0.29071
v -0.26184 0.18198 0.29071
v -0.26184 0.18531 0.27069
v 0.02612 0.18531 0.27069
v -0.29267 0.17461 0.28948
v -0.45805 0.17461 0.28948
v -0.29267 0.17795 0.26946
v -0.45805 0.17795 0.26946
v -0.45805 0.17461 0.28948
v -0.29267 0.27781 0.30668
v -0.45805 0.27781 0.30668
v -0.29267 0.17461 0.28948
v -0.26184 0.18198 0.29071
v -0.45805 0.06876 0.27109
v -0.26639 0.17196 0.28829
v -0.45805 0.17196 0.28829
v -0.45805 0.07210 0.25107
v -0.26639 0.06876 0.27109
v -0.45805 0.06876 0.27109
v 0.04940 0.17529 0.26827
v -0.20422 0.16856 0.26715
v -0.20422 0.16522 0.28717
v 0.04940 0.17196 0.28829
v -0.26639 0.07210 0.25107
v -0.20422 0.06876 0.27109
v -0.20422 0.16522 0.28717
v -0.26639 0.17529 0.26827
v -0.26639 0.17196 0.28829
v -0.20422 0.16856 0.26715
v -0.26184 0.27781 0.30668
v 0.02612 0.18198 0.29071
v 0.02612 0.27781 0.30668
v -0.26639 0.17196 0.28829
v -0.45805 0.17529 0.26827
v -0.45805 0.17196 0.28829
v -0.26639 0.17529 0.26827
v -0.29267 0.27781 0.30668
v -0.26184 0.28115 0.28666
v -0.29267 0.28115 0.28666
v -0.45805 0.27781 0.30668
v -0.45805 0.28114 0.28666
v 0.17919 0.37568 0.32306
v 0.21002 0.38638 0.30427
v 0.17919 0.37902 0.30304
v 0.21002 0.38305 0.32429
v -0.12261 0.27985 0.30709
v 0.21002 0.27985 0.30709
v 0.21002 0.38305 0.32429
v 0.47594 0.38305 0.32429
v 0.21002 0.38638 0.30427
v 0.21002 0.38305 0.32429
v 0.47594 0.38638 0.30427
v 0.42546 0.27985 0.30709
v 0.47594 0.38305 0.32429
v 0.47594 0.49128 0.32110
v 0.47594 0.48795 0.34112
v -0.45805 0.48795 0.34112
v 0.47594 0.38475 0.32392
v -0.16315 0.39943 0.30579
v 0.47594 0.38809 0.30390
v -0.16315 0.39610 0.32581
v 0.47594 0.48795 0.34112
v 0.47594 0.38475 0.32392
v -0.45805 0.38475 0.32392
v 0.17919 0.27985 0.30709
v 0.17919 0.28319 0.28707
v 0.21002 0.28319 0.28707
v -0.12261 0.28319 0.28707
v 0.42546 0.27985 0.30709
v 0.21002 0.27985 0.30709
v 0.42546 0.28319 0.28707
v 0.05695 0.17461 0.28948
v 0.02612 0.18531 0.27069
v 0.05695 0.17795 0.26946
v 0.02612 0.18198 0.29071
v 0.05695 0.27781 0.30668
v 0.42546 0.17461 0.28948
v 0.05695 0.17795 0.26946
v 0.42546 0.17795 0.26946
v 0.05695 0.17461 0.28948
v 0.42546 0.17461 0.28948
v 0.05695 0.17461 0.28948
v 0.42546 0.27781 0.30668
v 0.42546 0.06876 0.27109
v 0.08051 0.17196 0.28829
v 0.08051 0.06876 0.27109
v 0.42546 0.17196 0.28829
v 0.42546 0.07210 0.25107
v 0.08051 0.06876 0.27109
v 0.08051 0.07210 0.25107
v 0.42546 0.06876 0.27109
v 0.05032 0.07106 0.27294
v 0.05032 0.07440 0.25292
v -0.20422 0.07210 0.25107
v 0.08051 0.06876 0.27109
v 0.05032 0.07440 0.25292
v 0.08051 0.07210 0.25107
v 0.05032 0.07106 0.27294
v 0.08051 0.17196 0.28829
v 0.05032 0.07106 0.27294
v 0.08051 0.06876 0.27109
v 0.04940 0.17196 0.28829
v 0.04940 0.17196 0.28829
v -0.20422 0.16522 0.28717
v 0.05032 0.07106 0.27294
v -0.26639 0.06876 0.27109
v -0.20422 0.06876 0.27109
v 0.02612 0.28115 0.28666
v 0.02612 0.27781 0.30668
v 0.05695 0.27781 0.30668
v 0.05695 0.28115 0.28666
v -0.26184 0.27781 0.30668
v 0.08051 0.17529 0.26827
v 0.04940 0.17196 0.28829
v 0.08051 0.17196 0.28829
v 0.04940 0.17529 0.26827
v 0.42546 0.17529 0.26827
v 0.42546 0.17196 0.28829
v 0.42546 0.27781 0.30668
v 0.42546 0.28115 0.28666
v -0.50122 0.17444 -0.30551
v -0.51727 0.27782 -0.15388
v -0.51727 0.27782 -0.32415
v -0.48231 0.19488 -0.11010
v -0.50237 0.18181 0.28281
v -0.50237 0.19177 -0.11010
v -0.48231 0.18493 0.28281
v -0.49722 0.28093 -0.32415
v -0.51727 0.27782 -0.15388
v -0.49722 0.28093 -0.15388
v -0.51727 0.27782 -0.32415
v -0.48231 0.19488 -0.11010
v -0.50122 0.17444 -0.30551
v -0.48117 0.17755 -0.30551
v -0.50237 0.19177 -0.11010
v -0.48429 0.06955 -0.28571
v -0.49858 0.16157 -0.12584
v -0.50034 0.17293 -0.30551
v -0.50237 0.19177 -0.11010
v -0.51727 0.27782 0.29213
v -0.50237 0.18181 0.28281
v -0.48029 0.17605 -0.30551
v -0.49858 0.16157 -0.12584
v -0.47852 0.16468 -0.12584
v -0.50034 0.17293 -0.30551
v -0.53243 0.37589 0.07891
v -0.51352 0.38638 0.04807
v -0.53358 0.38327 0.04807
v -0.51237 0.37900 0.07891
v -0.51237 0.37900 0.07891
v -0.53243 0.37589 0.13905
v -0.51237 0.37900 0.13905
v -0.53243 0.37589 0.07891
v -0.53358 0.38327 0.04807
v -0.51352 0.38638 -0.34512
v -0.53358 0.38327 -0.34512
v -0.51352 0.38638 0.04807
v -0.53358 0.38327 0.04807
v -0.51753 0.27989 0.04807
v -0.53243 0.37589 0.07891
v -0.51753 0.27989 -0.32415
v -0.53358 0.38327 -0.34512
v -0.54932 0.48954 -0.34512
v -0.53328 0.38616 -0.15345
v -0.54932 0.48954 -0.15345
v -0.52927 0.49266 -0.34512
v -0.54932 0.48954 -0.15345
v -0.52927 0.49266 -0.15345
v -0.51427 0.39602 -0.09129
v -0.53328 0.38616 0.16234
v -0.53432 0.39291 -0.09129
v -0.51322 0.38928 0.16234
v -0.54932 0.48954 -0.34512
v -0.54932 0.48954 -0.09129
v -0.52927 0.49266 -0.09129
v -0.51427 0.39602 -0.09129
v -0.53328 0.38616 -0.15345
v -0.51322 0.38928 -0.15345
v -0.53432 0.39291 -0.09129
v -0.51753 0.27989 0.07891
v -0.51753 0.27989 0.13905
v -0.53328 0.38616 -0.15345
v -0.53328 0.38616 -0.34512
v -0.51322 0.38928 -0.34512
v -0.51322 0.38928 -0.15345
v -0.51753 0.27989 0.04807
v -0.51753 0.27989 -0.32415
v -0.49747 0.28300 -0.32415
v -0.49747 0.28300 0.04807
v -0.46424 0.07267 -0.12584
v -0.48429 0.06955 -0.28571
v -0.46424 0.07267 -0.28571
v -0.48429 0.06955 -0.12584
v -0.46424 0.07267 0.26092
v -0.48429 0.06955 0.26092
v -0.49858 0.16157 -0.12584
v -0.50034 0.17293 0.26092
v -0.48029 0.17605 0.26092
v -0.47852 0.16468 -0.12584
v -0.48429 0.06955 0.26092
v -0.48429 0.06955 -0.12584
v -0.50034 0.17293 0.26092
v -0.51727 0.27782 0.29213
v -0.49722 0.28093 0.29213
v -0.51352 0.38638 0.16988
v -0.53243 0.37589 0.13905
v -0.53358 0.38327 0.16988
v -0.51237 0.37900 0.13905
v -0.53243 0.37589 0.13905
v -0.51753 0.27989 0.16988
v -0.53358 0.38327 0.16988
v -0.51352 0.38638 0.16988
v -0.53358 0.38327 0.31295
v -0.51352 0.38638 0.31295
v -0.53358 0.38327 0.16988
v -0.51753 0.27989 0.30014
v -0.53358 0.38327 0.31295
v -0.51322 0.38928 0.16234
v -0.53328 0.38616 0.19344
v -0.53328 0.38616 0.16234
v -0.53328 0.38616 0.19344
v -0.54932 0.48954 0.31295
v -0.54932 0.48954 0.19344
v -0.53328 0.38616 0.31295
v -0.52927 0.49266 0.19344
v -0.54932 0.48954 0.31295
v -0.52927 0.49266 0.31295
v -0.54932 0.48954 0.19344
v -0.55036 0.48678 0.16325
v -0.53031 0.48989 0.16325
v -0.53031 0.48989 0.16325
v -0.54932 0.48954 0.19344
v -0.52927 0.49266 0.19344
v -0.55036 0.48678 0.16325
v -0.53328 0.38616 0.19344
v -0.55036 0.48678 0.16325
v -0.53328 0.38616 0.16234
v -0.54932 0.48954 0.19344
v -0.55036 0.48678 0.16325
v -0.54932 0.48954 -0.09129
v -0.53432 0.39291 -0.09129
v -0.53328 0.38616 0.16234
v -0.53328 0.38616 -0.34512
v -0.51753 0.27989 0.07891
v -0.49747 0.28300 0.13905
v -0.51753 0.27989 0.16988
v -0.51753 0.27989 0.13905
v -0.49747 0.28300 0.07891
v -0.51322 0.38928 0.31295
v -0.51322 0.38928 0.19344
v -0.53328 0.38616 0.31295
v -0.49747 0.28300 0.16988
v -0.51753 0.27989 0.30014
v -0.49747 0.28300 0.30014
v 0.45805 0.38305 -0.38079
v 0.10352 0.27985 -0.36359
v 0.10352 0.39104 -0.38018
v 0.45805 0.38638 -0.36077
v 0.10352 0.39104 -0.38018
v 0.10352 0.39437 -0.36016
v 0.45805 0.38305 -0.38079
v 0.45805 0.48795 -0.39763
v 0.16315 0.39610 -0.38232
v 0.16315 0.48795 -0.39763
v 0.45805 0.49128 -0.37761
v 0.16315 0.48795 -0.39763
v 0.16315 0.49128 -0.37761
v 0.10352 0.39437 -0.36016
v -0.25100 0.37568 -0.37957
v -0.25100 0.37902 -0.35954
v 0.10352 0.39104 -0.38018
v 0.45805 0.38475 -0.38043
v 0.16315 0.39943 -0.36230
v 0.16315 0.39610 -0.38232
v 0.45805 0.38809 -0.36041
v 0.10352 0.27985 -0.36359
v -0.25100 0.28319 -0.34357
v -0.25100 0.27985 -0.36359
v 0.45805 0.27985 -0.36359
v 0.10352 0.28319 -0.34357
v 0.45805 0.28319 -0.34357
v 0.29266 0.17461 -0.34599
v -0.22005 0.18531 -0.32719
v -0.22005 0.18198 -0.34722
v 0.29266 0.17795 -0.32597
v -0.22005 0.27781 -0.36319
v 0.29266 0.27781 -0.36319
v -0.22005 0.18198 -0.34722
v -0.22005 0.18531 -0.32719
v -0.25065 0.19170 -0.34722
v -0.22005 0.18198 -0.34722
v -0.25065 0.19504 -0.32719
v 0.29266 0.17461 -0.34599
v 0.45805 0.17795 -0.32597
v 0.29266 0.17795 -0.32597
v 0.45805 0.17461 -0.34599
v 0.29266 0.17461 -0.34599
v 0.45805 0.17461 -0.34599
v 0.45805 0.27781 -0.36319
v 0.45805 0.06876 -0.32759
v 0.26638 0.17196 -0.34479
v 0.45805 0.17196 -0.34479
v 0.45805 0.06876 -0.32759
v 0.26638 0.07210 -0.30757
v 0.26638 0.06876 -0.32759
v 0.05667 0.16522 -0.34367
v -0.04941 0.17529 -0.32477
v 0.05667 0.16856 -0.32365
v -0.04941 0.17196 -0.34479
v 0.05667 0.06876 -0.32759
v 0.05667 0.07210 -0.30757
v 0.45805 0.07210 -0.30757
v 0.26638 0.17529 -0.32477
v 0.05667 0.16522 -0.34367
v 0.05667 0.16856 -0.32365
v 0.26638 0.17196 -0.34479
v -0.25065 0.19170 -0.34722
v -0.22005 0.27781 -0.36319
v -0.22005 0.18198 -0.34722
v -0.25065 0.27781 -0.36319
v 0.45805 0.17196 -0.34479
v 0.26638 0.17529 -0.32477
v 0.45805 0.17529 -0.32477
v 0.26638 0.17196 -0.34479
v 0.29266 0.27781 -0.36319
v -0.22005 0.27781 -0.36319
v 0.29266 0.28114 -0.34317
v 0.45805 0.27781 -0.36319
v 0.45805 0.28115 -0.34317
v -0.28183 0.38638 -0.36077
v -0.25100 0.37568 -0.37957
v -0.28183 0.38305 -0.38079
v -0.25100 0.37902 -0.35954
v -0.28183 0.28319 -0.34357
v -0.28183 0.27985 -0.36359
v -0.28183 0.38305 -0.38079
v -0.54775 0.38638 -0.36077
v -0.28183 0.38638 -0.36077
v -0.54775 0.38305 -0.38079
v -0.28183 0.27985 -0.36359
v -0.25100 0.37568 -0.37957
v -0.25100 0.27985 -0.36359
v -0.42547 0.27985 -0.36359
v -0.28183 0.38305 -0.38079
v -0.54775 0.38305 -0.38079
v -0.54775 0.49128 -0.37761
v -0.54775 0.48795 -0.39763
v 0.45805 0.48795 -0.39763
v -0.54775 0.38475 -0.38043
v 0.16315 0.39943 -0.36230
v -0.54775 0.38809 -0.36041
v 0.16315 0.39610 -0.38232
v -0.54775 0.48795 -0.39763
v -0.54775 0.38475 -0.38043
v 0.45805 0.38475 -0.38043
v 0.45805 0.27985 -0.36359
v -0.42547 0.28319 -0.34357
v -0.42547 0.27985 -0.36359
v -0.25065 0.19504 -0.32719
v -0.28148 0.17795 -0.32597
v -0.28148 0.17461 -0.34599
v -0.25065 0.19170 -0.34722
v -0.28148 0.17461 -0.34599
v -0.28148 0.27781 -0.36319
v -0.25065 0.19170 -0.34722
v -0.25065 0.27781 -0.36319
v -0.28148 0.17795 -0.32597
v -0.42547 0.17795 -0.32597
v -0.42547 0.17461 -0.34599
v -0.28148 0.17461 -0.34599
v -0.42547 0.17461 -0.34599
v -0.28148 0.27781 -0.36319
v -0.28148 0.17461 -0.34599
v -0.42547 0.27781 -0.36319
v -0.04941 0.17196 -0.34479
v -0.08051 0.17529 -0.32477
v -0.04941 0.17529 -0.32477
v -0.42547 0.06876 -0.32759
v -0.08051 0.17196 -0.34479
v -0.08051 0.06876 -0.32759
v -0.42547 0.17196 -0.34479
v -0.08051 0.07210 -0.30757
v -0.42547 0.06876 -0.32759
v -0.08051 0.06876 -0.32759
v -0.42547 0.07210 -0.30757
v 0.05667 0.06876 -0.32759
v -0.05032 0.07440 -0.30943
v -0.05032 0.07106 -0.32945
v 0.05667 0.07210 -0.30757
v -0.05032 0.07440 -0.30943
v -0.08051 0.06876 -0.32759
v -0.05032 0.07106 -0.32945
v -0.08051 0.07210 -0.30757
v -0.08051 0.17196 -0.34479
v -0.05032 0.07106 -0.32945
v -0.08051 0.06876 -0.32759
v -0.04941 0.17196 -0.34479
v -0.04941 0.17196 -0.34479
v 0.05667 0.16522 -0.34367
v -0.05032 0.07106 -0.32945
v 0.26638 0.06876 -0.32759
v 0.05667 0.06876 -0.32759
v -0.25065 0.28115 -0.34317
v -0.28148 0.27781 -0.36319
v -0.28148 0.28114 -0.34317
v -0.22005 0.28115 -0.34317
v -0.25065 0.27781 -0.36319
v -0.08051 0.17196 -0.34479
v -0.42547 0.17529 -0.32477
v -0.42547 0.17196 -0.34479
v -0.42547 0.27781 -0.36319
v -0.42547 0.28114 -0.34317
v 0.50990 0.27320 0.15428
v 0.48975 0.28440 0.17245
v 0.48975 0.27564 0.15428
v 0.50990 0.28197 0.17245
v 0.49716 0.16727 0.25419
v 0.50971 0.27113 0.10256
v 0.50971 0.27113 0.27283
v 0.49772 0.18463 0.05879
v 0.47790 0.17711 -0.33413
v 0.49805 0.17468 -0.33413
v 0.47756 0.18706 0.05879
v 0.49716 0.16727 0.25419
v 0.47756 0.18706 0.05879
v 0.49772 0.18463 0.05879
v 0.47700 0.16970 0.25419
v 0.48377 0.06187 0.23439
v 0.49494 0.16982 0.07317
v 0.49632 0.16573 0.25419
v 0.48377 0.06187 0.23439
v 0.46362 0.06431 0.07452
v 0.48377 0.06187 0.07452
v 0.49772 0.18463 0.05879
v 0.50971 0.27113 -0.34345
v 0.49805 0.17468 -0.33413
v 0.49494 0.16982 0.07317
v 0.47617 0.16817 0.25419
v 0.49632 0.16573 0.25419
v 0.47479 0.17226 0.07317
v 0.50230 0.37950 0.20329
v 0.52156 0.36966 0.17245
v 0.50141 0.37209 0.17245
v 0.52245 0.37707 0.20329
v 0.50990 0.28197 0.17245
v 0.52245 0.37707 0.20329
v 0.50990 0.27320 0.20329
v 0.52156 0.36966 0.17245
v 0.50990 0.28197 0.17245
v 0.48975 0.27564 0.20329
v 0.48975 0.28440 0.17245
v 0.50990 0.27320 0.20329
v 0.50230 0.37950 0.29380
v 0.52245 0.37707 0.20329
v 0.50230 0.37950 0.20329
v 0.52245 0.37707 0.29380
v 0.52245 0.37707 0.20329
v 0.50990 0.27320 0.27283
v 0.50990 0.27320 0.20329
v 0.52245 0.37707 0.29380
v 0.53461 0.48381 0.29380
v 0.52205 0.37995 0.10213
v 0.53461 0.48381 0.10213
v 0.51446 0.48625 0.29380
v 0.53461 0.48381 0.10213
v 0.51446 0.48625 0.10213
v 0.52205 0.39950 -0.17456
v 0.50272 0.38917 0.03997
v 0.50190 0.40194 -0.17456
v 0.52287 0.38673 0.03997
v 0.51446 0.48625 0.03997
v 0.53461 0.48381 0.29380
v 0.52205 0.37995 0.10213
v 0.50272 0.38917 0.03997
v 0.52287 0.38673 0.03997
v 0.50190 0.38239 0.10213
v 0.52205 0.37995 0.10213
v 0.50190 0.38239 0.29380
v 0.50190 0.38239 0.10213
v 0.52205 0.37995 0.29380
v 0.50990 0.27320 0.20329
v 0.48975 0.27564 0.27283
v 0.48975 0.27564 0.20329
v 0.50990 0.27320 0.27283
v 0.46362 0.06431 0.23439
v 0.46362 0.06431 -0.31224
v 0.48377 0.06187 -0.31224
v 0.49494 0.16982 0.07317
v 0.47617 0.16817 -0.31224
v 0.47479 0.17226 0.07317
v 0.49632 0.16573 -0.31224
v 0.48377 0.06187 -0.31224
v 0.48377 0.06187 0.07452
v 0.49632 0.16573 -0.31224
v 0.50971 0.27113 0.10256
v 0.48956 0.27356 0.27283
v 0.50971 0.27113 0.27283
v 0.48956 0.27356 0.10256
v 0.50971 0.27113 -0.34345
v 0.48956 0.27356 -0.34345
v 0.52156 0.36966 0.17245
v 0.50230 0.37950 0.15428
v 0.50141 0.37209 0.17245
v 0.52245 0.37707 0.15428
v 0.52245 0.37707 -0.36427
v 0.50230 0.37950 0.15428
v 0.52245 0.37707 0.15428
v 0.50230 0.37950 -0.36427
v 0.50990 0.27320 -0.35146
v 0.52245 0.37707 0.15428
v 0.50990 0.27320 0.15428
v 0.52245 0.37707 -0.36427
v 0.52205 0.39950 -0.17456
v 0.50190 0.38239 -0.24476
v 0.52205 0.37995 -0.24476
v 0.50190 0.40194 -0.17456
v 0.52205 0.37995 -0.24476
v 0.53461 0.48381 -0.36427
v 0.53461 0.48381 -0.24476
v 0.52205 0.37995 -0.36427
v 0.53461 0.48381 -0.36427
v 0.51446 0.48625 -0.24476
v 0.53461 0.48381 -0.24476
v 0.51446 0.48625 -0.36427
v 0.53461 0.48381 0.03997
v 0.51559 0.48352 -0.21457
v 0.53574 0.48108 -0.21457
v 0.53461 0.48381 -0.24476
v 0.51559 0.48352 -0.21457
v 0.53574 0.48108 -0.21457
v 0.51446 0.48625 -0.24476
v 0.52205 0.37995 -0.24476
v 0.53574 0.48108 -0.21457
v 0.52205 0.39950 -0.17456
v 0.53461 0.48381 -0.24476
v 0.52205 0.39950 -0.17456
v 0.53461 0.48381 0.03997
v 0.52287 0.38673 0.03997
v 0.53574 0.48108 -0.21457
v 0.52205 0.37995 0.29380
v 0.52287 0.38673 0.03997
v 0.53461 0.48381 0.03997
v 0.50990 0.28197 0.17245
v 0.52245 0.37707 0.15428
v 0.52156 0.36966 0.17245
v 0.50990 0.27320 0.15428
v 0.52205 0.37995 -0.24476
v 0.50190 0.38239 -0.36427
v 0.52205 0.37995 -0.36427
v 0.50190 0.38239 -0.24476
v 0.50990 0.27320 -0.35146
v 0.48975 0.27564 0.15428
v 0.48975 0.27564 -0.35146
v 0.50990 0.27320 0.15428
v -0.46788 0.67915 0.17270
v -0.49594 0.63631 -0.25145
v -0.46788 0.67915 -0.17344
v -0.49594 0.63631 0.25071
v 0.46788 0.67915 -0.17344
v -0.00000 0.67915 -0.17344
v -0.00000 0.63631 -0.25145
v 0.49594 0.63631 -0.25145
v -0.46788 0.67915 -0.17344
v -0.49594 0.63631 -0.25145
v 0.46788 0.67915 0.17270
v 0.00000 0.63631 0.25071
v 0.00000 0.67915 0.17270
v 0.49594 0.63631 -0.25145
v 0.49594 0.63631 0.25071
v 0.46788 0.67915 0.17270
v 0.46788 0.67915 -0.17344
v 0.46788 0.67915 -0.17344
v 0.00000 0.67915 0.17270
v -0.00000 0.67915 -0.17344
v 0.46788 0.67915 0.17270
v -0.46788 0.67915 0.17270
v -0.46788 0.67915 -0.17344
v 0.49594 0.63631 0.25071
v 0.00000 0.57333 0.31648
v 0.00000 0.63631 0.25071
v 0.52053 0.57333 -0.31722
v 0.52053 0.57333 0.31648
v 0.49594 0.63631 0.25071
v 0.49594 0.63631 -0.25145
v -0.52053 0.57333 0.31648
v -0.49594 0.63631 0.25071
v 0.52053 0.57333 0.31648
v -0.49594 0.63631 0.25071
v -0.52053 0.57333 -0.31722
v -0.49594 0.63631 -0.25145
v -0.52053 0.57333 0.31648
v 0.49594 0.63631 -0.25145
v -0.00000 0.63631 -0.25145
v -0.00000 0.57333 -0.31722
v 0.49594 0.63631 0.25071
v -0.46788 0.67915 0.17270
v -0.49594 0.63631 0.25071
v -0.00000 0.57333 -0.39179
v -0.52053 0.57333 -0.31722
v -0.58966 0.57333 -0.39179
v 0.58966 0.57333 -0.39179
v 0.52053 0.57333 -0.31722
v -0.00000 0.57333 -0.31722
v 0.58966 0.57333 0.39105
v 0.52053 0.57333 0.31648
v 0.00000 0.57333 0.39105
v 0.00000 0.57333 0.31648
v -0.52053 0.57333 0.31648
v -0.58966 0.57333 0.39105
v 0.52053 0.57333 -0.31722
v -0.49594 0.63631 -0.25145
v -0.52053 0.57333 -0.31722
v -0.58966 0.94558 0.12058
v -0.50632 0.94558 -0.12132
v -0.58966 0.94558 -0.12132
v -0.50632 0.94558 0.12058
v 0.29637 0.92317 -0.13687
v 0.30030 0.84035 -0.14710
v 0.30030 0.84035 -0.00037
v 0.37229 0.84035 -0.14710
v 0.37622 0.80734 -0.29628
v 0.37622 0.92317 -0.13687
v 0.37229 0.75731 -0.24375
v 0.37622 0.92317 -0.13687
v 0.37229 0.84035 -0.00037
v 0.37229 0.84035 -0.14710
v 0.29637 0.92317 -0.13687
v 0.29637 0.80734 -0.29628
v 0.30030 0.84035 -0.14710
v 0.30030 0.75731 -0.24375
v 0.30030 0.61799 -0.28603
v 0.29637 0.71018 -0.34108
v 0.29637 0.61303 -0.36603
v 0.30030 0.75731 -0.24375
v 0.30030 0.68765 -0.27090
v 0.29637 0.80734 -0.29628
v 0.37229 0.75731 -0.24375
v 0.37622 0.71018 -0.34108
v 0.37622 0.80734 -0.29628
v 0.37229 0.68765 -0.27090
v 0.37229 0.61799 -0.28603
v 0.37622 0.61303 -0.36603
v 0.29637 0.61303 -0.36603
v 0.37229 0.61799 -0.28603
v 0.30030 0.61799 -0.28603
v 0.37622 0.61303 -0.36603
v 0.37229 0.68765 -0.27090
v 0.30030 0.75731 -0.24375
v 0.30030 0.68765 -0.27090
v 0.37229 0.75731 -0.24375
v 0.37229 0.61799 -0.28603
v 0.30030 0.68765 -0.27090
v 0.30030 0.61799 -0.28603
v 0.37229 0.68765 -0.27090
v 0.37229 0.84035 -0.14710
v 0.30030 0.84035 -0.00037
v 0.30030 0.84035 -0.14710
v 0.37229 0.84035 -0.14710
v 0.30030 0.75731 -0.24375
v 0.37229 0.75731 -0.24375
v 0.30030 0.84035 -0.14710
v 0.37622 0.71018 -0.34108
v 0.29637 0.80734 -0.29628
v 0.37622 0.80734 -0.29628
v 0.29637 0.71018 -0.34108
v 0.37622 0.61303 -0.36603
v 0.29637 0.71018 -0.34108
v 0.37622 0.71018 -0.34108
v 0.29637 0.61303 -0.36603
v 0.29637 0.92317 -0.13687
v 0.37622 0.92317 -0.00037
v 0.37622 0.92317 -0.13687
v 0.29637 0.92317 -0.13687
v 0.37622 0.80734 -0.29628
v 0.29637 0.80734 -0.29628
v 0.37622 0.92317 -0.13687
v 0.50632 0.63502 -0.37187
v 0.50632 0.76079 -0.28101
v 0.50632 0.80339 -0.31703
v 0.50632 0.90298 -0.08530
v -0.00000 0.76079 -0.28101
v -0.00000 0.90298 -0.08530
v 0.58966 0.63502 -0.37174
v 0.50632 0.80339 -0.31703
v 0.58966 0.80339 -0.31703
v 0.50632 0.63502 -0.37187
v 0.50632 0.59241 -0.33585
v -0.00000 0.63502 -0.37187
v -0.00000 0.59241 -0.33585
v 0.50632 0.59241 -0.33585
v 0.50632 0.94558 -0.12132
v 0.54277 0.78722 -0.23680
v 0.58966 0.89338 -0.09068
v 0.54277 0.89338 -0.09068
v 0.58966 0.78722 -0.23680
v 0.58966 0.62982 -0.29262
v 0.54277 0.78722 -0.23680
v 0.54277 0.62982 -0.29262
v 0.58966 0.78722 -0.23680
v -0.00000 0.57333 -0.39179
v -0.00000 0.63502 -0.37187
v 0.58966 0.57333 -0.39179
v 0.58966 0.78722 -0.23680
v 0.58966 0.62982 -0.29262
v 0.58966 0.80339 -0.31703
v 0.58966 0.94558 -0.12132
v 0.58966 0.89338 -0.09068
v 0.58966 0.94558 -0.12132
v 0.50632 0.80339 -0.31703
v 0.50632 0.94558 -0.12132
v 0.58966 0.80339 -0.31703
v 0.29637 0.92317 0.13612
v 0.30030 0.84035 0.14636
v 0.29637 0.92317 -0.00037
v 0.37622 0.80734 0.29554
v 0.37229 0.84035 0.14636
v 0.37622 0.92317 0.13612
v 0.37229 0.75731 0.24301
v 0.37622 0.92317 0.13612
v 0.37229 0.84035 0.14636
v 0.37622 0.92317 -0.00037
v 0.29637 0.80734 0.29554
v 0.29637 0.92317 0.13612
v 0.30030 0.84035 0.14636
v 0.30030 0.75731 0.24301
v 0.30030 0.61799 0.28529
v 0.29637 0.71018 0.34034
v 0.30030 0.68765 0.27016
v 0.30030 0.75731 0.24301
v 0.29637 0.61303 0.36529
v 0.29637 0.80734 0.29554
v 0.37229 0.75731 0.24301
v 0.37622 0.71018 0.34034
v 0.37229 0.68765 0.27016
v 0.37622 0.80734 0.29554
v 0.37622 0.61303 0.36529
v 0.37229 0.61799 0.28529
v 0.37229 0.61799 0.28529
v 0.29637 0.61303 0.36529
v 0.30030 0.61799 0.28529
v 0.37622 0.61303 0.36529
v 0.37229 0.68765 0.27016
v 0.30030 0.75731 0.24301
v 0.37229 0.75731 0.24301
v 0.30030 0.68765 0.27016
v 0.37229 0.61799 0.28529
v 0.30030 0.68765 0.27016
v 0.37229 0.68765 0.27016
v 0.30030 0.61799 0.28529
v 0.37229 0.84035 -0.00037
v 0.37229 0.84035 0.14636
v 0.30030 0.84035 0.14636
v 0.37229 0.84035 0.14636
v 0.30030 0.75731 0.24301
v 0.30030 0.84035 0.14636
v 0.37229 0.75731 0.24301
v 0.37622 0.71018 0.34034
v 0.29637 0.80734 0.29554
v 0.29637 0.71018 0.34034
v 0.37622 0.80734 0.29554
v 0.37622 0.61303 0.36529
v 0.29637 0.71018 0.34034
v 0.29637 0.61303 0.36529
v 0.37622 0.71018 0.34034
v 0.29637 0.92317 -0.00037
v 0.37622 0.92317 0.13612
v 0.29637 0.92317 0.13612
v 0.37622 0.80734 0.29554
v 0.29637 0.92317 0.13612
v 0.29637 0.80734 0.29554
v 0.37622 0.92317 0.13612
v 0.50632 0.63502 0.37113
v 0.50632 0.76079 0.28027
v 0.50632 0.59241 0.33511
v 0.50632 0.59241 0.33511
v 0.00000 0.76079 0.28027
v 0.00000 0.59241 0.33511
v 0.50632 0.90298 0.08456
v 0.00000 0.76079 0.28027
v 0.50632 0.76079 0.28027
v 0.58966 0.63502 0.37100
v 0.50632 0.80339 0.31629
v 0.50632 0.63502 0.37113
v 0.58966 0.80339 0.31629
v 0.50632 0.59241 0.33511
v 0.00000 0.63502 0.37113
v 0.50632 0.63502 0.37113
v 0.50632 0.90298 0.08456
v -0.00000 0.90298 -0.08530
v -0.00000 0.90298 0.08456
v 0.50632 0.94558 0.12058
v 0.50632 0.90298 0.08456
v 0.50632 0.80339 0.31629
v 0.58966 0.89338 0.08994
v 0.54277 0.78722 0.23606
v 0.54277 0.89338 0.08994
v 0.58966 0.78722 0.23606
v 0.50632 0.90298 -0.08530
v 0.54277 0.78722 0.23606
v 0.58966 0.62982 0.29188
v 0.54277 0.62982 0.29188
v 0.58966 0.78722 0.23606
v 0.54277 0.89338 -0.09068
v 0.58966 0.89338 0.08994
v 0.54277 0.89338 0.08994
v 0.58966 0.89338 -0.09068
v 0.00000 0.57333 0.39105
v 0.58966 0.57333 0.39105
v 0.58966 0.63502 -0.37174
v 0.58966 0.57333 -0.39179
v 0.58966 0.89338 0.08994
v 0.58966 0.94558 0.12058
v 0.58966 0.62982 0.29188
v 0.58966 0.80339 0.31629
v 0.58966 0.63502 0.37100
v 0.58966 0.57333 0.39105
v 0.58966 0.78722 0.23606
v 0.58966 0.94558 0.12058
v 0.50632 0.80339 0.31629
v 0.58966 0.80339 0.31629
v 0.50632 0.94558 0.12058
v 0.54277 0.78722 0.23606
v 0.54277 0.89338 -0.09068
v 0.54277 0.89338 0.08994
v 0.54277 0.78722 -0.23680
v 0.54277 0.62982 0.29188
v 0.54277 0.62982 -0.29262
v 0.54277 0.62982 0.29188
v 0.58966 0.62982 -0.29262
v 0.54277 0.62982 -0.29262
v 0.58966 0.62982 0.29188
v -0.29637 0.92317 -0.13686
v -0.30030 0.84035 -0.00037
v -0.30030 0.84035 -0.14710
v -0.37622 0.80734 -0.29628
v -0.37229 0.84035 -0.14710
v -0.37622 0.92317 -0.13686
v -0.37229 0.75731 -0.24375
v -0.37622 0.92317 -0.13686
v -0.37229 0.84035 -0.00037
v -0.37622 0.92317 -0.00037
v -0.29637 0.80734 -0.29628
v -0.29637 0.92317 -0.13686
v -0.30030 0.84035 -0.14710
v -0.30030 0.75731 -0.24375
v -0.30030 0.61799 -0.28603
v -0.29637 0.71018 -0.34108
v -0.30030 0.68765 -0.27090
v -0.29637 0.80734 -0.29628
v -0.30030 0.75731 -0.24375
v -0.29637 0.61303 -0.36603
v -0.37229 0.75731 -0.24375
v -0.37622 0.71018 -0.34108
v -0.37229 0.68765 -0.27090
v -0.37622 0.61303 -0.36602
v -0.37229 0.61799 -0.28603
v -0.37622 0.80734 -0.29628
v -0.29637 0.61303 -0.36603
v -0.37229 0.61799 -0.28603
v -0.37622 0.61303 -0.36602
v -0.30030 0.61799 -0.28603
v -0.37229 0.68765 -0.27090
v -0.30030 0.75731 -0.24375
v -0.37229 0.75731 -0.24375
v -0.30030 0.68765 -0.27090
v -0.37229 0.61799 -0.28603
v -0.30030 0.68765 -0.27090
v -0.37229 0.68765 -0.27090
v -0.30030 0.61799 -0.28603
v -0.37229 0.84035 -0.14710
v -0.30030 0.84035 -0.00037
v -0.37229 0.84035 -0.00037
v -0.37229 0.84035 -0.14710
v -0.37229 0.75731 -0.24375
v -0.30030 0.75731 -0.24375
v -0.30030 0.84035 -0.14710
v -0.37622 0.71018 -0.34108
v -0.29637 0.80734 -0.29628
v -0.29637 0.71018 -0.34108
v -0.37622 0.80734 -0.29628
v -0.37622 0.61303 -0.36602
v -0.29637 0.71018 -0.34108
v -0.29637 0.61303 -0.36603
v -0.37622 0.71018 -0.34108
v -0.37622 0.92317 -0.13686
v -0.29637 0.92317 -0.00037
v -0.29637 0.92317 -0.13686
v -0.29637 0.92317 -0.13686
v -0.37622 0.80734 -0.29628
v -0.37622 0.92317 -0.13686
v -0.29637 0.80734 -0.29628
v -0.50632 0.63502 -0.37187
v -0.50632 0.76079 -0.28101
v -0.50632 0.59241 -0.33585
v -0.00000 0.76079 -0.28101
v 0.50632 0.76079 -0.28101
v 0.50632 0.59241 -0.33585
v -0.00000 0.59241 -0.33585
v -0.50632 0.76079 -0.28101
v -0.50632 0.59241 -0.33585
v 0.50632 0.76079 -0.28101
v -0.50632 0.76079 -0.28101
v -0.50632 0.90298 -0.08530
v -0.58966 0.63502 -0.37174
v -0.50632 0.80339 -0.31703
v -0.50632 0.63502 -0.37187
v -0.58966 0.80339 -0.31703
v -0.50632 0.63502 -0.37187
v 0.50632 0.63502 -0.37187
v -0.50632 0.59241 -0.33585
v -0.50632 0.94558 -0.12132
v -0.50632 0.90298 -0.08530
v -0.50632 0.80339 -0.31703
v -0.54277 0.89338 -0.09068
v -0.58966 0.78722 -0.23680
v -0.54277 0.78722 -0.23680
v -0.58966 0.89338 -0.09068
v -0.54277 0.62982 -0.29262
v -0.58966 0.78722 -0.23680
v -0.58966 0.62982 -0.29262
v -0.54277 0.78722 -0.23680
v -0.58966 0.57333 -0.39179
v -0.58966 0.80339 -0.31703
v -0.58966 0.62982 -0.29262
v -0.58966 0.78722 -0.23680
v -0.58966 0.94558 -0.12132
v -0.50632 0.94558 -0.12132
v -0.58966 0.80339 -0.31703
v -0.58966 0.94558 -0.12132
v -0.50632 0.80339 -0.31703
v -0.29637 0.92317 0.13612
v -0.30030 0.84035 0.14636
v -0.29637 0.92317 -0.00037
v -0.37229 0.84035 0.14636
v -0.37622 0.80734 0.29554
v -0.37622 0.92317 0.13613
v -0.37229 0.75731 0.24301
v -0.37622 0.92317 0.13613
v -0.37229 0.84035 0.14636
v -0.37229 0.84035 -0.14710
v -0.29637 0.92317 0.13612
v -0.29637 0.80734 0.29554
v -0.30030 0.84035 0.14636
v -0.30030 0.75731 0.24301
v -0.30030 0.61799 0.28529
v -0.29637 0.71018 0.34034
v -0.29637 0.61303 0.36529
v -0.30030 0.75731 0.24301
v -0.30030 0.68765 0.27016
v -0.29637 0.80734 0.29554
v -0.37229 0.75731 0.24301
v -0.37622 0.71018 0.34034
v -0.37622 0.80734 0.29554
v -0.37229 0.61799 0.28529
v -0.37622 0.61303 0.36529
v -0.37229 0.68765 0.27016
v -0.37229 0.61799 0.28529
v -0.29637 0.61303 0.36529
v -0.37622 0.61303 0.36529
v -0.30030 0.61799 0.28529
v -0.37229 0.68765 0.27016
v -0.30030 0.75731 0.24301
v -0.30030 0.68765 0.27016
v -0.37229 0.75731 0.24301
v -0.37229 0.61799 0.28529
v -0.30030 0.68765 0.27016
v -0.30030 0.61799 0.28529
v -0.37229 0.68765 0.27016
v -0.30030 0.84035 -0.14710
v -0.37229 0.84035 0.14636
v -0.30030 0.84035 0.14636
v -0.30030 0.75731 0.24301
v -0.37229 0.84035 0.14636
v -0.30030 0.84035 0.14636
v -0.37229 0.75731 0.24301
v -0.37622 0.71018 0.34034
v -0.29637 0.80734 0.29554
v -0.37622 0.80734 0.29554
v -0.29637 0.71018 0.34034
v -0.37622 0.61303 0.36529
v -0.29637 0.71018 0.34034
v -0.37622 0.71018 0.34034
v -0.29637 0.61303 0.36529
v -0.37622 0.92317 -0.00037
v -0.37622 0.92317 0.13613
v -0.29637 0.92317 0.13612
v -0.37622 0.80734 0.29554
v -0.29637 0.92317 0.13612
v -0.37622 0.92317 0.13613
v -0.29637 0.80734 0.29554
v -0.50632 0.63502 0.37113
v -0.50632 0.76079 0.28027
v -0.50632 0.80339 0.31629
v 0.50632 0.76079 0.28027
v -0.50632 0.76079 0.28027
v -0.50632 0.59241 0.33511
v -0.00000 0.90298 0.08456
v -0.50632 0.90298 0.08456
v -0.50632 0.76079 0.28027
v 0.50632 0.94558 0.12058
v 0.58966 0.94558 -0.12132
v 0.50632 0.94558 -0.12132
v 0.58966 0.94558 0.12058
v -0.58966 0.63502 0.37100
v -0.50632 0.80339 0.31629
v -0.58966 0.80339 0.31629
v -0.50632 0.63502 0.37113
v 0.00000 0.59241 0.33511
v -0.50632 0.63502 0.37113
v -0.50632 0.59241 0.33511
v -0.50632 0.90298 -0.08530
v 0.50632 0.90298 -0.08530
v -0.50632 0.90298 0.08456
v -0.50632 0.94558 0.12058
v -0.50632 0.59241 0.33511
v -0.58966 0.78722 0.23606
v -0.58966 0.89338 0.08994
v -0.54277 0.89338 0.08994
v -0.54277 0.78722 0.23606
v -0.50632 0.90298 0.08456
v -0.54277 0.62982 0.29188
v -0.58966 0.78722 0.23606
v -0.54277 0.78722 0.23606
v -0.58966 0.62982 0.29188
v -0.54277 0.89338 0.08994
v -0.58966 0.89338 -0.09068
v -0.54277 0.89338 -0.09068
v -0.58966 0.89338 0.08994
v 0.00000 0.63502 0.37113
v -0.58966 0.57333 0.39105
v -0.58966 0.57333 -0.39179
v -0.58966 0.63502 -0.37174
v -0.58966 0.57333 0.39105
v -0.58966 0.62982 0.29188
v -0.58966 0.89338 -0.09068
v -0.58966 0.94558 0.12058
v -0.58966 0.63502 0.37100
v -0.58966 0.80339 0.31629
v -0.58966 0.78722 0.23606
v -0.58966 0.89338 0.08994
v -0.58966 0.80339 0.31629
v -0.50632 0.94558 0.12058
v -0.58966 0.94558 0.12058
v -0.50632 0.80339 0.31629
v -0.54277 0.89338 0.08994
v -0.54277 0.78722 -0.23680
v -0.54277 0.78722 0.23606
v -0.54277 0.89338 -0.09068
v -0.54277 0.62982 0.29188
v -0.54277 0.62982 -0.29262
v -0.58966 0.62982 0.29188
v -0.54277 0.62982 -0.29262
v -0.58966 0.62982 -0.29262
v -0.54277 0.62982 0.29188
v -0.54209 0.72241 0.27497
v -0.56239 0.72233 -0.08109
v -0.54209 0.72241 -0.08109
v -0.56239 0.72233 0.27497
v 0.56281 0.85868 -0.22116
v 0.56242 0.83482 -0.16637
v 0.56239 0.82735 -0.23745
v 0.56281 0.88799 -0.16637
v 0.54251 0.85876 -0.22116
v 0.54251 0.88807 -0.16637
v 0.56281 0.85868 -0.22116
v 0.56239 0.82735 -0.23745
v 0.54212 0.83490 -0.16637
v 0.54209 0.82743 -0.23745
v 0.56242 0.83482 -0.16637
v 0.54212 0.83490 -0.16637
v 0.56239 0.82735 -0.00037
v 0.54209 0.82743 -0.00037
v 0.56242 0.83482 -0.16637
v 0.56281 0.92625 -0.00037
v 0.54251 0.88807 -0.16637
v 0.54251 0.92633 -0.00037
v 0.56281 0.88799 -0.16637
v 0.56281 0.88799 -0.16637
v 0.56239 0.82735 -0.00037
v 0.56281 0.92625 -0.00037
v 0.56281 0.82123 -0.08109
v 0.54251 0.82131 -0.25943
v 0.54251 0.82131 -0.08109
v 0.56281 0.82123 -0.25943
v 0.56239 0.73129 -0.00037
v 0.54209 0.72241 -0.08109
v 0.56239 0.72233 -0.08109
v 0.54209 0.73135 -0.00037
v 0.56239 0.71877 0.29464
v 0.56281 0.61987 0.09106
v 0.56239 0.71877 0.09106
v 0.56281 0.81228 -0.00037
v 0.54251 0.82131 -0.08109
v 0.54251 0.81235 -0.00037
v 0.56281 0.82123 -0.08109
v 0.56239 0.72233 -0.08109
v 0.54209 0.72241 -0.27571
v 0.56239 0.72233 -0.27571
v 0.54209 0.72241 -0.08109
v 0.56239 0.71877 0.09106
v 0.54212 0.71123 0.06023
v 0.54209 0.71869 0.09106
v 0.56242 0.71131 0.06023
v 0.56281 0.61987 0.32416
v 0.56242 0.71131 0.06023
v 0.56242 0.71131 0.06023
v 0.54212 0.71123 -0.16381
v 0.54212 0.71123 0.06023
v 0.56242 0.71131 -0.16381
v 0.56281 0.61987 0.06023
v 0.56242 0.71131 -0.16381
v 0.56239 0.71877 -0.19464
v 0.54212 0.71123 -0.16381
v 0.56242 0.71131 -0.16381
v 0.54209 0.71869 -0.19464
v 0.56281 0.61987 -0.16381
v 0.56281 0.61987 -0.19464
v 0.56239 0.71877 -0.19464
v 0.56239 0.71877 -0.29538
v 0.54209 0.71869 -0.19464
v 0.56239 0.71877 -0.19464
v 0.54209 0.71869 -0.29538
v 0.56239 0.71877 -0.29538
v 0.56281 0.61987 -0.32490
v 0.54251 0.61979 0.06023
v 0.56281 0.61987 0.09106
v 0.54251 0.61979 0.09106
v 0.54251 0.61979 -0.16381
v 0.56281 0.61987 -0.19464
v 0.56281 0.61987 -0.16381
v 0.56281 0.61987 0.06023
v 0.54251 0.61979 -0.19464
v 0.56281 0.61987 -0.32490
v 0.54251 0.61979 -0.32490
v 0.30524 0.90820 -0.08265
v -0.00000 0.87749 -0.13734
v -0.00000 0.90820 -0.08265
v 0.54982 0.90811 -0.08638
v 0.34367 0.90609 -0.01525
v 0.54982 0.90609 -0.01525
v 0.30524 0.90820 -0.08265
v 0.30524 0.90609 -0.01525
v 0.34367 0.90811 -0.08638
v 0.30524 0.87749 -0.13734
v 0.34367 0.85815 -0.12766
v 0.30524 0.86359 -0.12255
v 0.34367 0.87206 -0.14245
v 0.34367 0.90811 -0.08638
v 0.30524 0.87749 -0.13734
v 0.30524 0.90820 -0.08265
v 0.34367 0.87206 -0.14245
v 0.30524 0.86359 -0.12255
v -0.00000 0.87749 -0.13734
v 0.30524 0.87749 -0.13734
v -0.00000 0.86359 -0.12255
v 0.54982 0.87206 -0.14245
v 0.34367 0.85815 -0.12766
v 0.34367 0.87206 -0.14245
v 0.54982 0.85815 -0.12766
v 0.34367 0.90811 -0.08638
v 0.54982 0.87206 -0.14245
v 0.34367 0.87206 -0.14245
v 0.54982 0.90811 -0.08638
v -0.00000 0.90820 -0.08265
v -0.00000 0.90609 -0.01525
v 0.34367 0.90609 -0.01525
v 0.30524 0.88580 -0.01478
v 0.34367 0.88580 -0.01478
v 0.54982 0.90609 -0.01525
v 0.54982 0.88580 -0.01478
v -0.00000 0.90609 -0.01525
v -0.00000 0.88580 -0.01478
v 0.30524 0.90609 -0.01525
v 0.30524 0.80750 -0.23300
v 0.34367 0.80300 -0.23895
v 0.30524 0.79131 -0.22076
v 0.34367 0.78681 -0.22671
v 0.30524 0.80750 -0.23300
v 0.34367 0.86609 -0.15550
v 0.34367 0.80300 -0.23895
v -0.00000 0.79131 -0.22076
v 0.30524 0.80750 -0.23300
v 0.30524 0.79131 -0.22076
v -0.00995 0.82232 -0.22185
v 0.34367 0.80300 -0.23895
v 0.54982 0.80300 -0.23895
v 0.34367 0.78681 -0.22671
v 0.54982 0.78681 -0.22671
v 0.30524 0.86609 -0.15550
v 0.54982 0.80300 -0.23895
v 0.54982 0.86609 -0.15550
v 0.30524 0.80750 -0.23300
v -0.00000 0.86609 -0.15550
v 0.30524 0.86609 -0.15550
v -0.00995 0.82232 -0.22185
v 0.34367 0.86609 -0.15550
v 0.30524 0.84990 -0.14326
v 0.34367 0.84990 -0.14326
v 0.54982 0.86609 -0.15550
v 0.54982 0.84990 -0.14326
v 0.30524 0.86609 -0.15550
v -0.00000 0.84990 -0.14326
v 0.34367 0.79802 -0.25270
v 0.54982 0.76343 -0.28940
v 0.34367 0.76343 -0.28940
v 0.54982 0.79802 -0.25270
v 0.34367 0.79802 -0.25270
v 0.30524 0.76692 -0.28809
v 0.30524 0.79802 -0.25270
v 0.34367 0.76343 -0.28940
v 0.30524 0.72141 -0.30508
v 0.34367 0.70732 -0.28867
v 0.30524 0.71432 -0.28606
v 0.34367 0.71442 -0.30769
v 0.30524 0.76692 -0.28809
v -0.00000 0.72141 -0.30508
v -0.00000 0.76692 -0.28809
v 0.34367 0.76343 -0.28940
v 0.30524 0.72141 -0.30508
v 0.30524 0.71432 -0.28606
v -0.00000 0.72141 -0.30508
v 0.30524 0.72141 -0.30508
v -0.00000 0.71432 -0.28606
v 0.54982 0.71442 -0.30769
v 0.34367 0.70732 -0.28867
v 0.34367 0.71442 -0.30769
v 0.54982 0.70732 -0.28867
v 0.54982 0.71442 -0.30769
v 0.34367 0.71442 -0.30769
v 0.54982 0.76343 -0.28940
v 0.30524 0.79802 -0.25270
v -0.00000 0.76692 -0.28809
v -0.00000 0.79802 -0.25270
v 0.34367 0.79802 -0.25270
v 0.30524 0.78295 -0.23910
v 0.34367 0.78295 -0.23910
v 0.54982 0.79802 -0.25270
v 0.54982 0.78295 -0.23910
v -0.00000 0.79802 -0.25270
v -0.00000 0.78295 -0.23910
v 0.30524 0.79802 -0.25270
v 0.30524 0.61355 -0.34270
v 0.34367 0.59956 -0.32620
v 0.30524 0.60657 -0.32364
v 0.34367 0.60654 -0.34527
v 0.30524 0.60657 -0.32364
v -0.00000 0.61355 -0.34270
v 0.30524 0.61355 -0.34270
v -0.00000 0.60657 -0.32364
v 0.54982 0.60654 -0.34527
v 0.34367 0.59956 -0.32620
v 0.34367 0.60654 -0.34527
v 0.54982 0.59956 -0.32620
v 0.34367 0.70479 -0.30933
v 0.34367 0.60654 -0.34527
v 0.30524 0.61355 -0.34270
v 0.54982 0.60654 -0.34527
v 0.54982 0.70479 -0.30933
v 0.30524 0.70479 -0.30933
v -0.00000 0.61355 -0.34270
v -0.00000 0.70479 -0.30933
v 0.34367 0.70479 -0.30933
v 0.30524 0.69781 -0.29027
v 0.34367 0.69781 -0.29027
v 0.54982 0.70479 -0.30933
v 0.54982 0.69781 -0.29027
v -0.00000 0.70479 -0.30933
v -0.00000 0.69781 -0.29027
v 0.30524 0.70479 -0.30933
v 0.56281 0.85868 0.22042
v 0.56242 0.83482 0.16563
v 0.56281 0.88799 0.16563
v 0.54212 0.83490 0.16563
v 0.54212 0.83490 0.10548
v 0.56242 0.83482 0.10548
v 0.56242 0.83482 0.16563
v 0.56281 0.88799 0.16563
v 0.54251 0.85876 0.22042
v 0.56281 0.85868 0.22042
v 0.54251 0.88807 0.16563
v 0.54212 0.83490 0.16563
v 0.56239 0.82735 0.23671
v 0.54209 0.82743 0.23671
v 0.56242 0.83482 0.16563
v 0.56239 0.82735 0.23671
v 0.56242 0.83482 0.10548
v 0.56281 0.92625 0.10548
v 0.56239 0.82735 0.07465
v 0.54212 0.83490 0.10548
v 0.54209 0.82743 0.07465
v 0.56242 0.83482 0.10548
v 0.56281 0.92625 0.07465
v 0.56281 0.92625 0.10548
v 0.54251 0.92633 0.07465
v 0.54251 0.92633 0.10548
v 0.54209 0.82743 -0.00037
v 0.56239 0.82735 0.07465
v 0.54209 0.82743 0.07465
v 0.56239 0.82735 -0.00037
v 0.56281 0.92625 0.07465
v 0.54251 0.92633 -0.00037
v 0.56281 0.92625 -0.00037
v 0.56281 0.92625 0.10548
v 0.54251 0.88807 0.16563
v 0.56281 0.88799 0.16563
v 0.54251 0.92633 0.10548
v 0.56239 0.82735 0.07465
v 0.56239 0.72233 0.20216
v 0.54212 0.72987 0.17133
v 0.56242 0.72979 0.17133
v 0.54209 0.72241 0.20216
v 0.54212 0.72987 0.17133
v 0.54212 0.72987 0.11118
v 0.56242 0.72979 0.11118
v 0.56242 0.72979 0.17133
v 0.56281 0.82123 0.20216
v 0.54251 0.82131 0.25869
v 0.56281 0.82123 0.25869
v 0.54251 0.82131 0.20216
v 0.56239 0.72233 0.20216
v 0.54209 0.72241 0.27497
v 0.54209 0.72241 0.20216
v 0.56239 0.72233 0.27497
v 0.56281 0.82123 0.25869
v 0.56239 0.72233 0.27497
v 0.56239 0.72233 0.20216
v 0.56281 0.82123 0.20216
v 0.56242 0.72979 0.17133
v 0.56281 0.82123 0.17133
v 0.56239 0.72233 0.08035
v 0.54212 0.72987 0.11118
v 0.54209 0.72241 0.08035
v 0.56242 0.72979 0.11118
v 0.56281 0.82123 0.11118
v 0.56242 0.72979 0.11118
v 0.56281 0.82123 0.08035
v 0.54251 0.82131 0.08035
v 0.56281 0.82123 0.11118
v 0.56281 0.82123 0.08035
v 0.54209 0.73135 -0.00037
v 0.56239 0.72233 0.08035
v 0.54209 0.72241 0.08035
v 0.56239 0.73129 -0.00037
v 0.56281 0.82123 0.08035
v 0.54251 0.81235 -0.00037
v 0.54251 0.82131 0.08035
v 0.56281 0.81228 -0.00037
v 0.56281 0.82123 0.17133
v 0.54251 0.82131 0.11118
v 0.54251 0.82131 0.17133
v 0.56239 0.73129 -0.00037
v 0.56281 0.82123 -0.08109
v 0.56281 0.81228 -0.00037
v 0.56239 0.72233 0.08035
v 0.56281 0.61987 0.32416
v 0.54251 0.61979 0.32416
v 0.56239 0.71877 0.29464
v 0.54209 0.71869 0.09106
v 0.54209 0.71869 0.29464
v 0.56239 0.71877 0.09106
v 0.56239 0.72233 -0.08109
v 0.56281 0.82123 -0.25943
v 0.56239 0.72233 -0.27571
v 0.30524 0.90820 0.08191
v 0.20588 0.88605 0.12284
v 0.30524 0.87749 0.13660
v 0.54982 0.90811 0.08564
v 0.34367 0.90609 0.01451
v 0.34367 0.90811 0.08564
v 0.30524 0.90820 0.08191
v 0.54982 0.90609 0.01451
v 0.34367 0.85815 0.12692
v 0.30524 0.87749 0.13660
v 0.30524 0.86359 0.12181
v 0.34367 0.87206 0.14171
v 0.34367 0.90811 0.08564
v 0.30524 0.87749 0.13660
v 0.34367 0.87206 0.14171
v 0.30524 0.90820 0.08191
v 0.30524 0.86359 0.12181
v 0.20588 0.88605 0.12284
v 0.20588 0.87215 0.10805
v 0.30524 0.87749 0.13660
v 0.54982 0.87206 0.14171
v 0.34367 0.85815 0.12692
v 0.54982 0.85815 0.12692
v 0.34367 0.87206 0.14171
v 0.54982 0.87206 0.14171
v 0.34367 0.90811 0.08564
v 0.34367 0.87206 0.14171
v 0.54982 0.90811 0.08564
v 0.30524 0.90609 0.01451
v 0.20362 0.90820 0.08191
v 0.34367 0.90609 0.01451
v 0.30524 0.88580 0.01404
v 0.30524 0.90609 0.01451
v 0.34367 0.88580 0.01404
v 0.54982 0.90609 0.01451
v 0.54982 0.88580 0.01404
v 0.34367 0.80300 0.23821
v 0.30524 0.79131 0.22002
v 0.34367 0.78681 0.22597
v 0.30524 0.80750 0.23226
v 0.30524 0.86609 0.15476
v 0.30524 0.80750 0.23226
v 0.34367 0.86609 0.15476
v -0.19715 0.79131 0.22002
v 0.30524 0.80750 0.23226
v -0.20986 0.82003 0.22422
v 0.30524 0.79131 0.22002
v 0.54982 0.80300 0.23821
v 0.34367 0.78681 0.22597
v 0.54982 0.78681 0.22597
v 0.34367 0.80300 0.23821
v 0.54982 0.80300 0.23821
v 0.34367 0.80300 0.23821
v 0.54982 0.86609 0.15476
v 0.30524 0.80750 0.23226
v -0.19715 0.86609 0.15476
v -0.20986 0.82003 0.22422
v 0.30524 0.86609 0.15476
v 0.34367 0.86609 0.15476
v 0.30524 0.84990 0.14252
v 0.30524 0.86609 0.15476
v 0.34367 0.84990 0.14252
v 0.54982 0.86609 0.15476
v 0.54982 0.84990 0.14252
v -0.19715 0.84990 0.14252
v -0.19715 0.86609 0.15476
v 0.54982 0.76343 0.28866
v 0.34367 0.79802 0.25196
v 0.34367 0.76343 0.28866
v 0.54982 0.79802 0.25196
v 0.34367 0.79802 0.25196
v 0.30524 0.76692 0.28735
v 0.34367 0.76343 0.28866
v 0.30524 0.79802 0.25196
v 0.34367 0.70732 0.28793
v 0.30524 0.72141 0.30434
v 0.30524 0.71432 0.28532
v 0.34367 0.71442 0.30695
v 0.30524 0.76692 0.28735
v 0.00000 0.72141 0.30434
v 0.30524 0.72141 0.30434
v 0.34367 0.76343 0.28866
v 0.30524 0.71432 0.28532
v 0.00000 0.72141 0.30434
v 0.00000 0.71432 0.28532
v 0.54982 0.71442 0.30695
v 0.34367 0.70732 0.28793
v 0.54982 0.70732 0.28793
v 0.34367 0.71442 0.30695
v 0.54982 0.71442 0.30695
v 0.34367 0.71442 0.30695
v 0.54982 0.76343 0.28866
v 0.00000 0.76692 0.28735
v 0.30524 0.79802 0.25196
v -0.01521 0.79139 0.25099
v 0.30524 0.76692 0.28735
v 0.34367 0.79802 0.25196
v 0.30524 0.78295 0.23836
v 0.30524 0.79802 0.25196
v 0.34367 0.78295 0.23836
v 0.54982 0.79802 0.25196
v 0.54982 0.78295 0.23836
v -0.01521 0.79139 0.25099
v -0.01521 0.77632 0.23739
v 0.34367 0.59956 0.32546
v 0.30524 0.61355 0.34196
v 0.30524 0.60657 0.32290
v 0.34367 0.60654 0.34453
v 0.30524 0.60657 0.32290
v 0.00000 0.61355 0.34196
v 0.00000 0.60657 0.32290
v 0.54982 0.60654 0.34453
v 0.34367 0.59956 0.32546
v 0.54982 0.59956 0.32546
v 0.34367 0.60654 0.34453
v 0.54982 0.60654 0.34453
v 0.34367 0.70479 0.30859
v 0.34367 0.60654 0.34453
v 0.30524 0.61355 0.34196
v 0.54982 0.70479 0.30859
v 0.30524 0.70479 0.30859
v 0.00000 0.61355 0.34196
v 0.34367 0.70479 0.30859
v 0.30524 0.69781 0.28953
v 0.30524 0.70479 0.30859
v 0.54982 0.70479 0.30859
v 0.34367 0.69781 0.28953
v 0.54982 0.69781 0.28953
v 0.00000 0.69781 0.28953
v 0.00000 0.70479 0.30859
v -0.56281 0.85868 -0.22116
v -0.56242 0.83482 -0.16637
v -0.56281 0.88799 -0.16637
v -0.54212 0.83490 -0.16637
v -0.56242 0.83482 -0.10622
v -0.56242 0.83482 -0.16637
v -0.54212 0.83490 -0.10622
v -0.54251 0.85876 -0.22116
v -0.56281 0.88799 -0.16637
v -0.54251 0.88807 -0.16637
v -0.56281 0.85868 -0.22116
v -0.56239 0.82735 -0.23745
v -0.54212 0.83490 -0.16637
v -0.56242 0.83482 -0.16637
v -0.54209 0.82743 -0.23745
v -0.56239 0.82735 -0.23745
v -0.56242 0.83482 -0.10622
v -0.56281 0.92625 -0.10622
v -0.56239 0.82735 -0.07539
v -0.56242 0.83482 -0.10622
v -0.54212 0.83490 -0.10622
v -0.54209 0.82743 -0.07539
v -0.56281 0.92625 -0.07539
v -0.54251 0.92633 -0.10622
v -0.56281 0.92625 -0.07539
v -0.54251 0.92633 -0.07539
v -0.54251 0.88807 -0.16637
v -0.56281 0.92625 -0.10622
v -0.54251 0.92633 -0.10622
v -0.56281 0.88799 -0.16637
v -0.54251 0.82131 -0.25943
v -0.56281 0.82123 -0.20290
v -0.54251 0.82131 -0.20290
v -0.56281 0.82123 -0.25943
v -0.54212 0.72987 -0.17207
v -0.56242 0.72979 -0.17207
v -0.56239 0.72233 -0.20290
v -0.54209 0.72241 -0.20290
v -0.54212 0.72987 -0.17207
v -0.56242 0.72979 -0.11192
v -0.56242 0.72979 -0.17207
v -0.54212 0.72987 -0.11192
v -0.56281 0.82123 -0.17207
v -0.54251 0.82131 -0.17207
v -0.54209 0.72241 -0.27571
v -0.56239 0.72233 -0.20290
v -0.56239 0.72233 -0.27571
v -0.54209 0.72241 -0.20290
v -0.56281 0.82123 -0.25943
v -0.56239 0.72233 -0.27571
v -0.56239 0.72233 -0.20290
v -0.56281 0.82123 -0.20290
v -0.56242 0.72979 -0.17207
v -0.56281 0.82123 -0.17207
v -0.56239 0.72233 -0.08109
v -0.56242 0.72979 -0.11192
v -0.54212 0.72987 -0.11192
v -0.54209 0.72241 -0.08109
v -0.56281 0.80468 -0.11192
v -0.56242 0.72979 -0.11192
v -0.56239 0.72233 -0.08109
v -0.56281 0.82123 -0.08109
v -0.56281 0.82123 -0.08109
v -0.54251 0.80476 -0.11192
v -0.56281 0.80468 -0.11192
v -0.54251 0.82131 -0.08109
v -0.54251 0.82131 -0.17207
v -0.56281 0.80468 -0.11192
v -0.54251 0.80476 -0.11192
v -0.56281 0.82123 -0.17207
v -0.54212 0.71123 -0.00180
v -0.56239 0.71877 0.02903
v -0.54209 0.71869 0.02903
v -0.56242 0.71131 -0.00180
v -0.54212 0.71123 -0.00180
v -0.56242 0.71131 -0.16381
v -0.56242 0.71131 -0.00180
v -0.54212 0.71123 -0.16381
v -0.56242 0.71131 -0.00180
v -0.56281 0.61987 0.02904
v -0.56239 0.71877 0.02903
v -0.56281 0.61987 -0.00180
v -0.56242 0.71131 -0.16381
v -0.56281 0.61987 -0.16381
v -0.56239 0.71877 -0.19464
v -0.56242 0.71131 -0.16381
v -0.54212 0.71123 -0.16381
v -0.54209 0.71869 -0.19464
v -0.56281 0.61987 -0.19464
v -0.56239 0.71877 -0.29538
v -0.56239 0.71877 -0.19464
v -0.54209 0.71869 -0.19464
v -0.54209 0.71869 -0.29538
v -0.56239 0.71877 -0.19464
v -0.56239 0.71877 -0.29538
v -0.56281 0.61987 -0.32490
v -0.54251 0.61979 -0.16381
v -0.56281 0.61987 -0.19464
v -0.54251 0.61979 -0.19464
v -0.54251 0.61979 -0.00180
v -0.56281 0.61987 -0.16381
v -0.56281 0.61987 -0.00180
v -0.56281 0.61987 -0.32490
v -0.54251 0.61979 -0.32490
v 0.30524 0.87749 -0.13734
v -0.30524 0.90820 -0.08265
v -0.30524 0.87749 -0.13734
v -0.54982 0.90811 -0.08638
v -0.34367 0.90609 -0.01525
v -0.34367 0.90811 -0.08638
v -0.54982 0.90609 -0.01525
v -0.30524 0.90820 -0.08265
v -0.30524 0.87749 -0.13734
v -0.34367 0.85815 -0.12766
v -0.34367 0.87206 -0.14245
v -0.30524 0.86359 -0.12255
v -0.30524 0.87749 -0.13734
v -0.34367 0.87206 -0.14245
v -0.34367 0.90811 -0.08638
v -0.30524 0.90820 -0.08265
v -0.30524 0.86359 -0.12255
v -0.30524 0.87749 -0.13734
v -0.34367 0.85815 -0.12766
v -0.54982 0.85815 -0.12766
v -0.54982 0.87206 -0.14245
v -0.34367 0.87206 -0.14245
v -0.34367 0.90811 -0.08638
v -0.54982 0.87206 -0.14245
v -0.54982 0.90811 -0.08638
v -0.34367 0.87206 -0.14245
v -0.30524 0.90609 -0.01525
v -0.34367 0.90609 -0.01525
v -0.30524 0.88580 -0.01478
v -0.30524 0.90609 -0.01525
v -0.34367 0.88580 -0.01478
v -0.54982 0.90609 -0.01525
v -0.54982 0.88580 -0.01478
v -0.34367 0.80300 -0.23895
v -0.30524 0.79131 -0.22076
v -0.34367 0.78681 -0.22671
v -0.30524 0.80750 -0.23300
v -0.30524 0.80750 -0.23300
v -0.34367 0.86609 -0.15550
v -0.30524 0.86609 -0.15550
v -0.30524 0.79131 -0.22076
v -0.00995 0.82232 -0.22185
v -0.00000 0.79131 -0.22076
v -0.30524 0.80750 -0.23300
v -0.54982 0.80300 -0.23895
v -0.34367 0.78681 -0.22671
v -0.54982 0.78681 -0.22671
v -0.34367 0.80300 -0.23895
v -0.34367 0.80300 -0.23895
v -0.54982 0.80300 -0.23895
v -0.54982 0.86609 -0.15550
v -0.00995 0.82232 -0.22185
v -0.30524 0.86609 -0.15550
v -0.00000 0.86609 -0.15550
v -0.30524 0.80750 -0.23300
v -0.34367 0.86609 -0.15550
v -0.30524 0.84990 -0.14326
v -0.30524 0.86609 -0.15550
v -0.34367 0.84990 -0.14326
v -0.54982 0.86609 -0.15550
v -0.54982 0.84990 -0.14326
v -0.00000 0.86609 -0.15550
v -0.30524 0.76692 -0.28809
v -0.34367 0.79802 -0.25270
v -0.54982 0.76343 -0.28940
v -0.54982 0.79802 -0.25270
v -0.34367 0.76343 -0.28940
v -0.30524 0.76692 -0.28809
v -0.34367 0.79802 -0.25270
v -0.30524 0.79802 -0.25270
v -0.34367 0.76343 -0.28940
v -0.30524 0.72141 -0.30508
v -0.34367 0.70732 -0.28867
v -0.34367 0.71442 -0.30769
v -0.30524 0.71432 -0.28606
v -0.30524 0.72141 -0.30508
v -0.34367 0.76343 -0.28940
v -0.30524 0.71432 -0.28606
v -0.30524 0.72141 -0.30508
v -0.34367 0.70732 -0.28867
v -0.54982 0.70732 -0.28867
v -0.54982 0.71442 -0.30769
v -0.34367 0.71442 -0.30769
v -0.54982 0.71442 -0.30769
v -0.34367 0.71442 -0.30769
v -0.54982 0.76343 -0.28940
v -0.30524 0.79802 -0.25270
v 0.30524 0.76692 -0.28809
v -0.30524 0.76692 -0.28809
v -0.34367 0.79802 -0.25270
v -0.54982 0.78295 -0.23910
v -0.34367 0.78295 -0.23910
v -0.54982 0.79802 -0.25270
v -0.30524 0.78295 -0.23910
v -0.30524 0.79802 -0.25270
v -0.30524 0.61355 -0.34270
v -0.34367 0.59956 -0.32620
v -0.34367 0.60654 -0.34527
v -0.30524 0.60657 -0.32364
v -0.30524 0.60657 -0.32364
v -0.30524 0.61355 -0.34270
v -0.34367 0.59956 -0.32620
v -0.54982 0.60654 -0.34527
v -0.34367 0.60654 -0.34527
v -0.54982 0.59956 -0.32620
v -0.54982 0.60654 -0.34527
v -0.34367 0.70479 -0.30933
v -0.34367 0.60654 -0.34527
v -0.30524 0.61355 -0.34270
v -0.54982 0.70479 -0.30933
v -0.30524 0.70479 -0.30933
v -0.34367 0.70479 -0.30933
v -0.30524 0.69781 -0.29027
v -0.30524 0.70479 -0.30933
v -0.34367 0.69781 -0.29027
v -0.54982 0.70479 -0.30933
v -0.54982 0.69781 -0.29027
v -0.56281 0.85868 0.22042
v -0.56242 0.83482 0.16563
v -0.56239 0.82735 0.23671
v -0.54212 0.83490 0.16563
v -0.56242 0.83482 0.10548
v -0.54212 0.83490 0.10548
v -0.56242 0.83482 0.16563
v -0.56281 0.88799 0.16563
v -0.56281 0.85868 0.22042
v -0.54251 0.85876 0.22042
v -0.54251 0.88807 0.16563
v -0.54212 0.83490 0.16563
v -0.56239 0.82735 0.23671
v -0.56242 0.83482 0.16563
v -0.54209 0.82743 0.23671
v -0.56281 0.88799 0.16563
v -0.56242 0.83482 0.10548
v -0.54212 0.83490 0.10548
v -0.56242 0.83482 0.10548
v -0.56239 0.82735 0.07465
v -0.54209 0.82743 0.07465
v -0.56281 0.92625 0.10548
v -0.56281 0.92625 0.07465
v -0.54251 0.92633 0.10548
v -0.56281 0.92625 0.07465
v -0.56281 0.92625 0.10548
v -0.56239 0.82735 -0.07539
v -0.56239 0.82735 0.07465
v -0.56239 0.82735 -0.07539
v -0.54209 0.82743 0.07465
v -0.56239 0.82735 0.07465
v -0.54209 0.82743 -0.07539
v -0.54251 0.88807 0.16563
v -0.56281 0.92625 0.10548
v -0.56281 0.88799 0.16563
v -0.54251 0.92633 0.10548
v -0.56281 0.82123 0.25869
v -0.54251 0.82131 -0.08109
v -0.56281 0.82123 -0.08109
v -0.54251 0.82131 0.25869
v -0.54251 0.92633 0.07465
v -0.56281 0.92625 -0.10622
v -0.56281 0.82123 0.25869
v -0.56239 0.72233 0.27497
v -0.56239 0.71877 0.07209
v -0.54251 0.61979 0.02903
v -0.56281 0.61987 0.02904
v -0.54251 0.61979 0.07209
v -0.56281 0.61987 0.07209
v -0.54251 0.61979 0.16307
v -0.56281 0.61987 0.16307
v -0.56239 0.71877 0.07209
v -0.56242 0.71131 0.16307
v -0.54212 0.71123 0.16307
v -0.54209 0.71869 0.07209
v -0.54209 0.71869 0.07209
v -0.56239 0.71877 0.02903
v -0.56239 0.71877 0.07209
v -0.54209 0.71869 0.02903
v -0.54212 0.71123 0.16307
v -0.56239 0.71877 0.19390
v -0.54209 0.71869 0.19390
v -0.56242 0.71131 0.16307
v -0.54209 0.71869 0.19390
v -0.56239 0.71877 0.29464
v -0.54209 0.71869 0.29464
v -0.56239 0.71877 0.19390
v -0.56239 0.71877 0.29464
v -0.56281 0.61987 0.19390
v -0.56281 0.61987 0.32416
v -0.56239 0.71877 0.19390
v -0.56242 0.71131 0.16307
v -0.56281 0.61987 0.16307
v -0.56281 0.61987 0.07209
v -0.54251 0.61979 0.19390
v -0.56281 0.61987 0.32416
v -0.56281 0.61987 0.19390
v -0.54251 0.61979 0.32416
v 0.20362 0.90820 0.08191
v -0.30524 0.87749 0.13660
v -0.30524 0.90820 0.08191
v -0.54982 0.90811 0.08564
v -0.34367 0.90609 0.01451
v -0.54982 0.90609 0.01451
v -0.34367 0.90811 0.08564
v -0.30524 0.90820 0.08191
v -0.30524 0.87749 0.13660
v -0.34367 0.85815 0.12692
v -0.30524 0.86359 0.12181
v -0.34367 0.87206 0.14171
v -0.34367 0.90811 0.08564
v -0.34367 0.87206 0.14171
v -0.30524 0.87749 0.13660
v -0.30524 0.90820 0.08191
v 0.20588 0.88605 0.12284
v -0.30524 0.87749 0.13660
v -0.30524 0.86359 0.12181
v 0.20588 0.87215 0.10805
v -0.34367 0.87206 0.14171
v -0.54982 0.87206 0.14171
v -0.34367 0.85815 0.12692
v -0.54982 0.85815 0.12692
v -0.34367 0.90811 0.08564
v -0.54982 0.87206 0.14171
v -0.34367 0.87206 0.14171
v -0.54982 0.90811 0.08564
v 0.20362 0.90609 0.01451
v -0.30524 0.90609 0.01451
v -0.34367 0.90609 0.01451
v -0.30524 0.88580 0.01404
v -0.34367 0.88580 0.01404
v -0.54982 0.90609 0.01451
v -0.54982 0.88580 0.01404
v -0.30524 0.90609 0.01451
v 0.20362 0.90609 0.01451
v 0.20362 0.88580 0.01404
v -0.30524 0.80750 0.23226
v -0.34367 0.80300 0.23821
v -0.30524 0.79131 0.22002
v -0.34367 0.78681 0.22597
v -0.30524 0.80750 0.23226
v -0.30524 0.86609 0.15476
v -0.34367 0.86609 0.15476
v -0.30524 0.79131 0.22002
v -0.19715 0.79131 0.22002
v -0.20986 0.82003 0.22422
v -0.30524 0.80750 0.23226
v -0.34367 0.80300 0.23821
v -0.54982 0.80300 0.23821
v -0.34367 0.78681 0.22597
v -0.54982 0.78681 0.22597
v -0.34367 0.80300 0.23821
v -0.54982 0.80300 0.23821
v -0.54982 0.86609 0.15476
v -0.20986 0.82003 0.22422
v -0.30524 0.86609 0.15476
v -0.30524 0.80750 0.23226
v -0.19715 0.86609 0.15476
v -0.34367 0.86609 0.15476
v -0.30524 0.84990 0.14252
v -0.34367 0.84990 0.14252
v -0.54982 0.86609 0.15476
v -0.54982 0.84990 0.14252
v -0.30524 0.86609 0.15476
v -0.30524 0.76692 0.28735
v -0.30524 0.72141 0.30434
v 0.00000 0.76692 0.28735
v -0.34367 0.79802 0.25196
v -0.54982 0.76343 0.28866
v -0.34367 0.76343 0.28866
v -0.54982 0.79802 0.25196
v -0.34367 0.79802 0.25196
v -0.34367 0.76343 0.28866
v -0.30524 0.76692 0.28735
v -0.30524 0.79802 0.25196
v -0.30524 0.72141 0.30434
v -0.34367 0.70732 0.28793
v -0.30524 0.71432 0.28532
v -0.34367 0.71442 0.30695
v -0.34367 0.76343 0.28866
v 0.30524 0.72141 0.30434
v -0.30524 0.71432 0.28532
v -0.30524 0.72141 0.30434
v -0.34367 0.71442 0.30695
v -0.54982 0.71442 0.30695
v -0.34367 0.70732 0.28793
v -0.54982 0.70732 0.28793
v -0.54982 0.71442 0.30695
v -0.34367 0.71442 0.30695
v -0.54982 0.76343 0.28866
v -0.30524 0.76692 0.28735
v 0.00000 0.76692 0.28735
v -0.01521 0.79139 0.25099
v -0.30524 0.79802 0.25196
v -0.34367 0.79802 0.25196
v -0.30524 0.78295 0.23836
v -0.34367 0.78295 0.23836
v -0.54982 0.79802 0.25196
v -0.54982 0.78295 0.23836
v -0.30524 0.79802 0.25196
v -0.01521 0.79139 0.25099
v -0.01521 0.77632 0.23739
v -0.30524 0.61355 0.34196
v -0.34367 0.59956 0.32546
v -0.30524 0.60657 0.32290
v -0.34367 0.60654 0.34453
v -0.30524 0.61355 0.34196
v -0.30524 0.60657 0.32290
v 0.30524 0.61355 0.34196
v -0.34367 0.60654 0.34453
v -0.54982 0.60654 0.34453
v -0.34367 0.59956 0.32546
v -0.54982 0.59956 0.32546
v -0.34367 0.70479 0.30859
v -0.34367 0.60654 0.34453
v -0.30524 0.61355 0.34196
v -0.54982 0.60654 0.34453
v -0.54982 0.70479 0.30859
v -0.30524 0.70479 0.30859
v 0.00000 0.70479 0.30859
v -0.34367 0.70479 0.30859
v -0.30524 0.69781 0.28953
v -0.34367 0.69781 0.28953
v -0.54982 0.70479 0.30859
v -0.54982 0.69781 0.28953
v -0.30524 0.70479 0.30859
vt 0.00000 0.00000
vt 0.00000 0.00000
vt 0.00000 0.00000
vt 0.00000 0.00000
vt 0.00000 0.00000
vt 0.00000 0.00000
vt 0.00000 0.00000
vt 0.00000 0.00000
vt 0.00000 0.00000
vt 0.00000 0.00000
vt 0.00000 0.00000
vt 0.00000 0.00000
vt 0.00000 0.00000
vt 0.00000 0.00000
vt 0.00000 0.00000
vt 0.00000 0.00000
vt 0.00000 0.00000
vt 0.00000 0.00000
vt 0.00000 0.00000
vt 0.00000 0.00000
vt 0.00000 0.00000
vt 0.00000 0.00000
vt 0.00000 0.00000
vt 0.00000 0.00000
vt 0.00000 0.00000
vt 0.00000 0.00000
vt 0.00000 0.00000
vt 0.00000 0.00000
vt 0.00000 0.00000
vt 0.00000 0.00000
vt 0.00000 0.00000
vt 0.00000 0.00000
vt 0.00000 0.00000
vt 0.00000 0.00000
vt 0.00000 0.00000
vt 0.00000 0.00000
vt 0.00000 0.00000
vt 0.00000 0.00000
vt 0.00000 0.00000
vt 0.00000 0.00000
vt 0.00000 0.00000
vt 0.00000 0.00000
vt 0.00000 0.00000
vt 0.00000 0.00000
vt 0.00000 0.00000
vt 0.00000 0.00000
vt 0.00000 0.00000
vt 0.00000 0.00000
vt 0.00000 0.00000
vt 0.00000 0.00000
vt 0.00000 0.00000
vt 0.00000 0.00000
vt 0.00000 0.00000
vt 0.00000 0.00000
vt 0.00000 0.00000
vt 0.00000 0.00000
vt 0.00000 0.00000
vt 0.00000 0.00000
vt 0.00000 0.00000
vt 0.00000 0.00000
vt 0.00000 0.00000
vt 0.00000 0.00000
vt 0.00000 0.00000
vt 0.00000 0.00000
vt 0.00000 0.00000
vt 0.00000 0.00000
vt 0.00000 0.00000
vt 0.00000 0.00000
vt 0.00000 0.00000
vt 0.00000 0.00000
vt 0.00000 0.00000
vt 0.00000 0.00000
vt 0.00000 0.00000
vt 0.00000 0.00000
vt 0.00000 0.00000
vt 0.00000 0.00000
vt 0.00000 0.00000
vt 0.00000 0.00000
vt 0.00000 0.00000
vt 0.00000 0.00000
vt 0.00000 0.00000
vt 0.00000 0.00000
vt 0.00000 0.00000
vt 0.00000 0.00000
vt 0.00000 0.00000
vt 0.00000 0.00000
vt 0.00000 0.00000
vt 0.00000 0.00000
vt 0.00000 0.00000
vt 0.00000 0.00000
vt 0.00000 0.00000
vt 0.00000 0.00000
vt 0.00000 0.00000
vt 0.00000 0.00000
vt 0.00000 0.00000
vt 0.00000 0.00000
vt 0.00000 0.00000
vt 0.00000 0.00000
vt 0.00000 0.00000
vt 0.00000 0.00000
vt 0.00000 0.00000
vt 0.00000 0.00000
vt 0.00000 0.00000
vt 0.00000 0.00000
vt 0.00000 0.00000
vt 0.00000 0.00000
vt 0.00000 0.00000
vt 0.00000 0.00000
vt 0.00000 0.00000
vt 0.00000 0.00000
vt 0.00000 0.00000
vt 0.00000 0.00000
vt 0.00000 0.00000
vt 0.00000 0.00000
vt 0.00000 0.00000
vt 0.00000 0.00000
vt 0.00000 0.00000
vt 0.00000 0.00000
vt 0.00000 0.00000
vt 0.00000 0.00000
vt 0.00000 0.00000
vt 0.00000 0.00000
vt 0.00000 0.00000
vt 0.00000 0.00000
vt 0.00000 0.00000
vt 0.00000 0.00000
vt 0.00000 0.00000
vt 0.00000 0.00000
vt 0.00000 0.00000
vt 0.00000 0.00000
vt 0.00000 0.00000
vt 0.00000 0.00000
vt 0.00000 0.00000
vt 0.00000 0.00000
vt 0.00000 0.00000
vt 0.00000 0.00000
vt 0.00000 0.00000
vt 0.00000 0.00000
vt 0.00000 0.00000
vt 0.00000 0.00000
vt 0.00000 0.00000
vt 0.00000 0.00000
vt 0.00000 0.00000
vt 0.00000 0.00000
vt 0.00000 0.00000
vt 0.00000 0.00000
vt 0.00000 0.00000
vt 0.00000 0.00000
vt 0.00000 0.00000
vt 0.00000 0.00000
vt 0.00000 0.00000
vt 0.00000 0.00000
vt 0.00000 0.00000
vt 0.00000 0.00000
vt 0.00000 0.00000
vt 0.00000 0.00000
vt 0.00000 0.00000
vt 0.00000 0.00000
vt 0.00000 0.00000
vt 0.00000 0.00000
vt 0.00000 0.00000
vt 0.00000 0.00000
vt 0.00000 0.00000
vt 0.00000 0.00000
vt 0.00000 0.00000
vt 0.00000 0.00000
vt 0.00000 0.00000
vt 0.00000 0.00000
vt 0.00000 0.00000
vt 0.00000 0.00000
vt 0.00000 0.00000
vt 0.00000 0.00000
vt 0.00000 0.00000
vt 0.00000 0.00000
vt 0.00000 0.00000
vt 0.00000 0.00000
vt 0.00000 0.00000
vt 0.00000 0.00000
vt 0.00000 0.00000
vt 0.00000 0.00000
vt 0.00000 0.00000
vt 0.00000 0.00000
vt 0.00000 0.00000
vt 0.00000 0.00000
vt 0.00000 0.00000
vt 0.00000 0.00000
vt 0.00000 0.00000
vt 0.00000 0.00000
vt 0.00000 0.00000
vt 0.00000 0.00000
vt 0.00000 0.00000
vt 0.00000 0.00000
vt 0.00000 0.00000
vt 0.00000 0.00000
vt 0.00000 0.00000
vt 0.00000 0.00000
vt 0.00000 0.00000
vt 0.00000 0.00000
vt 0.00000 0.00000
vt 0.00000 0.00000
vt 0.00000 0.00000
vt 0.00000 0.00000
vt 0.00000 0.00000
vt 0.00000 0.00000
vt 0.00000 0.00000
vt 0.00000 0.00000
vt 0.00000 0.00000
vt 0.00000 0.00000
vt 0.00000 0.00000
vt 0.00000 0.00000
vt 0.00000 0.00000
vt 0.00000 0.00000
vt 0.00000 0.00000
vt 0.00000 0.00000
vt 0.00000 0.00000
vt 0.00000 0.00000
vt 0.00000 0.00000
vt 0.00000 0.00000
vt 0.00000 0.00000
vt 0.00000 0.00000
vt 0.00000 0.00000
vt 0.00000 0.00000
vt 0.00000 0.00000
vt 0.00000 0.00000
vt 0.00000 0.00000
vt 0.00000 0.00000
vt 0.00000 0.00000
vt 0.00000 0.00000
vt 0.00000 0.00000
vt 0.00000 0.00000
vt 0.00000 0.00000
vt 0.00000 0.00000
vt 0.00000 0.00000
vt 0.00000 0.00000
vt 0.00000 0.00000
vt 0.00000 0.00000
vt 0.00000 0.00000
vt 0.00000 0.00000
vt 0.00000 0.00000
vt 0.00000 0.00000
vt 0.00000 0.00000
vt 0.00000 0.00000
vt 0.00000 0.00000
vt 0.00000 0.00000
vt 0.00000 0.00000
vt 0.00000 0.00000
vt 0.00000 0.00000
vt 0.00000 0.00000
vt 0.00000 0.00000
vt 0.00000 0.00000
vt 0.00000 0.00000
vt 0.00000 0.00000
vt 0.00000 0.00000
vt 0.00000 0.00000
vt 0.00000 0.00000
vt 0.00000 0.00000
vt 0.00000 0.00000
vt 0.00000 0.00000
vt 0.00000 0.00000
vt 0.00000 0.00000
vt 0.00000 0.00000
vt 0.00000 0.00000
vt 0.00000 0.00000
vt 0.00000 0.00000
vt 0.00000 0.00000
vt 0.00000 0.00000
vt 0.00000 0.00000
vt 0.00000 0.00000
vt 0.00000 0.00000
vt 0.00000 0.00000
vt 0.00000 0.00000
vt 0.00000 0.00000
vt 0.00000 0.00000
vt 0.00000 0.00000
vt 0.00000 0.00000
vt 0.00000 0.00000
vt 0.00000 0.00000
vt 0.00000 0.00000
vt 0.00000 0.00000
vt 0.00000 0.00000
vt 0.00000 0.00000
vt 0.00000 0.00000
vt 0.00000 0.00000
vt 0.00000 0.00000
vt 0.00000 0.00000
vt 0.00000 0.00000
vt 0.00000 0.00000
vt 0.00000 0.00000
vt 0.00000 0.00000
vt 0.00000 0.00000
vt 0.00000 0.00000
vt 0.00000 0.00000
vt 0.00000 0.00000
vt 0.00000 0.00000
vt 0.00000 0.00000
vt 0.00000 0.00000
vt 0.00000 0.00000
vt 0.00000 0.00000
vt 0.00000 0.00000
vt 0.00000 0.00000
vt 0.00000 0.00000
vt 0.00000 0.00000
vt 0.00000 0.00000
vt 0.00000 0.00000
vt 0.00000 0.00000
vt 0.00000 0.00000
vt 0.00000 0.00000
vt 0.00000 0.00000
vt 0.00000 0.00000
vt 0.00000 0.00000
vt 0.00000 0.00000
vt 0.00000 0.00000
vt 0.00000 0.00000
vt 0.00000 0.00000
vt 0.00000 0.00000
vt 0.00000 0.00000
vt 0.00000 0.00000
vt 0.00000 0.00000
vt 0.00000 0.00000
vt 0.00000 0.00000
vt 0.00000 0.00000
vt 0.00000 0.00000
vt 0.00000 0.00000
vt 0.00000 0.00000
vt 0.00000 0.00000
vt 0.00000 0.00000
vt 0.00000 0.00000
vt 0.00000 0.00000
vt 0.00000 0.00000
vt 0.00000 0.00000
vt 0.00000 0.00000
vt 0.00000 0.00000
vt 0.00000 0.00000
vt 0.00000 0.00000
vt 0.00000 0.00000
vt 0.00000 0.00000
vt 0.00000 0.00000
vt 0.00000 0.00000
vt 0.00000 0.00000
vt 0.00000 0.00000
vt 0.00000 0.00000
vt 0.00000 0.00000
vt 0.00000 0.00000
vt 0.00000 0.00000
vt 0.00000 0.00000
vt 0.00000 0.00000
vt 0.00000 0.00000
vt 0.00000 0.00000
vt 0.00000 0.00000
vt 0.00000 0.00000
vt 0.00000 0.00000
vt 0.00000 0.00000
vt 0.00000 0.00000
vt 0.00000 0.00000
vt 0.00000 0.00000
vt 0.00000 0.00000
vt 0.00000 0.00000
vt 0.00000 0.00000
vt 0.00000 0.00000
vt 0.00000 0.00000
vt 0.00000 0.00000
vt 0.00000 0.00000
vt 0.00000 0.00000
vt 0.00000 0.00000
vt 0.00000 0.00000
vt 0.00000 0.00000
vt 0.00000 0.00000
vt 0.00000 0.00000
vt 0.00000 0.00000
vt 0.00000 0.00000
vt 0.00000 0.00000
vt 0.00000 0.00000
vt 0.00000 0.00000
vt 0.00000 0.00000
vt 0.00000 0.00000
vt 0.00000 0.00000
vt 0.00000 0.00000
vt 0.00000 0.00000
vt 0.00000 0.00000
vt 0.00000 0.00000
vt 0.00000 0.00000
vt 0.00000 0.00000
vt 0.00000 0.00000
vt 0.00000 0.00000
vt 0.00000 0.00000
vt 0.00000 0.00000
vt 0.00000 0.00000
vt 0.00000 0.00000
vt 0.00000 0.00000
vt 0.00000 0.00000
vt 0.00000 0.00000
vt 0.00000 0.00000
vt 0.00000 0.00000
vt 0.00000 0.00000
vt 0.00000 0.00000
vt 0.00000 0.00000
vt 0.00000 0.00000
vt 0.00000 0.00000
vt 0.00000 0.00000
vt 0.00000 0.00000
vt 0.00000 0.00000
vt 0.00000 0.00000
vt 0.00000 0.00000
vt 0.00000 0.00000
vt 0.00000 0.00000
vt 0.00000 0.00000
vt 0.00000 0.00000
vt 0.00000 0.00000
vt 0.00000 0.00000
vt 0.00000 0.00000
vt 0.00000 0.00000
vt 0.00000 0.00000
vt 0.00000 0.00000
vt 0.00000 0.00000
vt 0.00000 0.00000
vt 0.00000 0.00000
vt 0.00000 0.00000
vt 0.00000 0.00000
vt 0.00000 0.00000
vt 0.00000 0.00000
vt 0.00000 0.00000
vt 0.00000 0.00000
vt 0.00000 0.00000
vt 0.00000 0.00000
vt 0.00000 0.00000
vt 0.00000 0.00000
vt 0.00000 0.00000
vt 0.00000 0.00000
vt 0.00000 0.00000
vt 0.00000 0.00000
vt 0.00000 0.00000
vt 0.00000 0.00000
vt 0.00000 0.00000
vt 0.00000 0.00000
vt 0.00000 0.00000
vt 0.00000 0.00000
vt 0.00000 0.00000
vt 0.00000 0.00000
vt 0.00000 0.00000
vt 0.00000 0.00000
vt 0.00000 0.00000
vt 0.00000 0.00000
vt 0.00000 0.00000
vt 0.00000 0.00000
vt 0.00000 0.00000
vt 0.00000 0.00000
vt 0.00000 0.00000
vt 0.00000 0.00000
vt 0.00000 0.00000
vt 0.00000 0.00000
vt 0.00000 0.00000
vt 0.00000 0.00000
vt 0.00000 0.00000
vt 0.00000 0.00000
vt 0.00000 0.00000
vt 0.00000 0.00000
vt 0.00000 0.00000
vt 0.00000 0.00000
vt 0.00000 0.00000
vt 0.00000 0.00000
vt 0.00000 0.00000
vt 0.00000 0.00000
vt 0.00000 0.00000
vt 0.00000 0.00000
vt 0.00000 0.00000
vt 0.00000 0.00000
vt 0.00000 0.00000
vt 0.00000 0.00000
vt 0.00000 0.00000
vt 0.00000 0.00000
vt 0.00000 0.00000
vt 0.00000 0.00000
vt 0.00000 0.00000
vt 0.00000 0.00000
vt 0.00000 0.00000
vt 0.00000 0.00000
vt 0.00000 0.00000
vt 0.00000 0.00000
vt 0.00000 0.00000
vt 0.00000 0.00000
vt 0.00000 0.00000
vt 0.00000 0.00000
vt 0.00000 0.00000
vt 0.00000 0.00000
vt 0.00000 0.00000
vt 0.00000 0.00000
vt 0.00000 0.00000
vt 0.00000 0.00000
vt 0.00000 0.00000
vt 0.00000 0.00000
vt 0.00000 0.00000
vt 0.00000 0.00000
vt 0.00000 0.00000
vt 0.00000 0.00000
vt 0.00000 0.00000
vt 0.00000 0.00000
vt 0.00000 0.00000
vt 0.00000 0.00000
vt 0.00000 0.00000
vt 0.00000 0.00000
vt 0.00000 0.00000
vt 0.00000 0.00000
vt 0.00000 0.00000
vt 0.00000 0.00000
vt 0.00000 0.00000
vt 0.00000 0.00000
vt 0.00000 0.00000
vt 0.00000 0.00000
vt 0.00000 0.00000
vt 0.00000 0.00000
vt 0.00000 0.00000
vt 0.00000 0.00000
vt 0.00000 0.00000
vt 0.00000 0.00000
vt 0.00000 0.00000
vt 0.00000 0.00000
vt 0.00000 0.00000
vt 0.00000 0.00000
vt 0.00000 0.00000
vt 0.00000 0.00000
vt 0.00000 0.00000
vt 0.00000 0.00000
vt 0.00000 0.00000
vt 0.00000 0.00000
vt 0.00000 0.00000
vt 0.00000 0.00000
vt 0.00000 0.00000
vt 0.00000 0.00000
vt 0.00000 0.00000
vt 0.00000 0.00000
vt 0.00000 0.00000
vt 0.00000 0.00000
vt 0.00000 0.00000
vt 0.00000 0.00000
vt 0.00000 0.00000
vt 0.00000 0.00000
vt 0.00000 0.00000
vt 0.00000 0.00000
vt 0.00000 0.00000
vt 0.00000 0.00000
vt 0.00000 0.00000
vt 0.00000 0.00000
vt 0.00000 0.00000
vt 0.00000 0.00000
vt 0.00000 0.00000
vt 0.00000 0.00000
vt 0.00000 0.00000
vt 0.00000 0.00000
vt 0.00000 0.00000
vt 0.00000 0.00000
vt 0.00000 0.00000
vt 0.00000 0.00000
vt 0.00000 0.00000
vt 0.00000 0.00000
vt 0.00000 0.00000
vt 0.00000 0.00000
vt 0.00000 0.00000
vt 0.00000 0.00000
vt 0.00000 0.00000
vt 0.00000 0.00000
vt 0.00000 0.00000
vt 0.00000 0.00000
vt 0.00000 0.00000
vt 0.00000 0.00000
vt 0.00000 0.00000
vt 0.00000 0.00000
vt 0.00000 0.00000
vt 0.00000 0.00000
vt 0.00000 0.00000
vt 0.00000 0.00000
vt 0.00000 0.00000
vt 0.00000 0.00000
vt 0.00000 0.00000
vt 0.00000 0.00000
vt 0.00000 0.00000
vt 0.00000 0.00000
vt 0.00000 0.00000
vt 0.00000 0.00000
vt 0.00000 0.00000
vt 0.00000 0.00000
vt 0.00000 0.00000
vt 0.00000 0.00000
vt 0.00000 0.00000
vt 0.00000 0.00000
vt 0.00000 0.00000
vt 0.00000 0.00000
vt 0.00000 0.00000
vt 0.00000 0.00000
vt 0.00000 0.00000
vt 0.00000 0.00000
vt 0.00000 0.00000
vt 0.00000 0.00000
vt 0.00000 0.00000
vt 0.00000 0.00000
vt 0.00000 0.00000
vt 0.00000 0.00000
vt 0.00000 0.00000
vt 0.00000 0.00000
vt 0.00000 0.00000
vt 0.00000 0.00000
vt 0.00000 0.00000
vt 0.00000 0.00000
vt 0.00000 0.00000
vt 0.00000 0.00000
vt 0.00000 0.00000
vt 0.00000 0.00000
vt 0.00000 0.00000
vt 0.00000 0.00000
vt 0.00000 0.00000
vt 0.00000 0.00000
vt 0.00000 0.00000
vt 0.00000 0.00000
vt 0.00000 0.00000
vt 0.00000 0.00000
vt 0.00000 0.00000
vt 0.00000 0.00000
vt 0.00000 0.00000
vt 0.00000 0.00000
vt 0.00000 0.00000
vt 0.00000 0.00000
vt 0.00000 0.00000
vt 0.00000 0.00000
vt 0.00000 0.00000
vt 0.00000 0.00000
vt 0.00000 0.00000
vt 0.00000 0.00000
vt 0.00000 0.00000
vt 0.00000 0.00000
vt 0.00000 0.00000
vt 0.00000 0.00000
vt 0.00000 0.00000
vt 0.00000 0.00000
vt 0.00000 0.00000
vt 0.00000 0.00000
vt 0.00000 0.00000
vt 0.00000 0.00000
vt 0.00000 0.00000
vt 0.00000 0.00000
vt 0.00000 0.00000
vt 0.00000 0.00000
vt 0.00000 0.00000
vt 0.00000 0.00000
vt 0.00000 0.00000
vt 0.00000 0.00000
vt 0.00000 0.00000
vt 0.00000 0.00000
vt 0.00000 0.00000
vt 0.00000 0.00000
vt 0.00000 0.00000
vt 0.00000 0.00000
vt 0.00000 0.00000
vt 0.00000 0.00000
vt 0.00000 0.00000
vt 0.00000 0.00000
vt 0.00000 0.00000
vt 0.00000 0.00000
vt 0.00000 0.00000
vt 0.00000 0.00000
vt 0.00000 0.00000
vt 0.00000 0.00000
vt 0.00000 0.00000
vt 0.00000 0.00000
vt 0.00000 0.00000
vt 0.00000 0.00000
vt 0.00000 0.00000
vt 0.00000 0.00000
vt 0.00000 0.00000
vt 0.00000 0.00000
vt 0.00000 0.00000
vt 0.00000 0.00000
vt 0.00000 0.00000
vt 0.00000 0.00000
vt 0.00000 0.00000
vt 0.00000 0.00000
vt 0.00000 0.00000
vt 0.00000 0.00000
vt 0.00000 0.00000
vt 0.00000 0.00000
vt 0.00000 0.00000
vt 0.00000 0.00000
vt 0.00000 0.00000
vt 0.00000 0.00000
vt 0.00000 0.00000
vt 0.00000 0.00000
vt 0.00000 0.00000
vt 0.00000 0.00000
vt 0.00000 0.00000
vt 0.00000 0.00000
vt 0.00000 0.00000
vt 0.00000 0.00000
vt 0.00000 0.00000
vt 0.00000 0.00000
vt 0.00000 0.00000
vt 0.00000 0.00000
vt 0.00000 0.00000
vt 0.00000 0.00000
vt 0.00000 0.00000
vt 0.00000 0.00000
vt 0.00000 0.00000
vt 0.00000 0.00000
vt 0.00000 0.00000
vt 0.00000 0.00000
vt 0.00000 0.00000
vt 0.00000 0.00000
vt 0.00000 0.00000
vt 0.00000 0.00000
vt 0.00000 0.00000
vt 0.00000 0.00000
vt 0.00000 0.00000
vt 0.00000 0.00000
vt 0.00000 0.00000
vt 0.00000 0.00000
vt 0.00000 0.00000
vt 0.00000 0.00000
vt 0.00000 0.00000
vt 0.00000 0.00000
vt 0.00000 0.00000
vt 0.00000 0.00000
vt 0.00000 0.00000
vt 0.00000 0.00000
vt 0.00000 0.00000
vt 0.00000 0.00000
vt 0.00000 0.00000
vt 0.00000 0.00000
vt 0.00000 0.00000
vt 0.00000 0.00000
vt 0.00000 0.00000
vt 0.00000 0.00000
vt 0.00000 0.00000
vt 0.00000 0.00000
vt 0.00000 0.00000
vt 0.00000 0.00000
vt 0.00000 0.00000
vt 0.00000 0.00000
vt 0.00000 0.00000
vt 0.00000 0.00000
vt 0.00000 0.00000
vt 0.00000 0.00000
vt 0.00000 0.00000
vt 0.00000 0.00000
vt 0.00000 0.00000
vt 0.00000 0.00000
vt 0.00000 0.00000
vt 0.00000 0.00000
vt 0.00000 0.00000
vt 0.00000 0.00000
vt 0.00000 0.00000
vt 0.00000 0.00000
vt 0.00000 0.00000
vt 0.00000 0.00000
vt 0.00000 0.00000
vt 0.00000 0.00000
vt 0.00000 0.00000
vt 0.00000 0.00000
vt 0.00000 0.00000
vt 0.00000 0.00000
vt 0.00000 0.00000
vt 0.00000 0.00000
vt 0.00000 0.00000
vt 0.00000 0.00000
vt 0.00000 0.00000
vt 0.00000 0.00000
vt 0.00000 0.00000
vt 0.00000 0.00000
vt 0.00000 0.00000
vt 0.00000 0.00000
vt 0.00000 0.00000
vt 0.00000 0.00000
vt 0.00000 0.00000
vt 0.00000 0.00000
vt 0.00000 0.00000
vt 0.00000 0.00000
vt 0.00000 0.00000
vt 0.00000 0.00000
vt 0.00000 0.00000
vt 0.00000 0.00000
vt 0.00000 0.00000
vt 0.00000 0.00000
vt 0.00000 0.00000
vt 0.00000 0.00000
vt 0.00000 0.00000
vt 0.00000 0.00000
vt 0.00000 0.00000
vt 0.00000 0.00000
vt 0.00000 0.00000
vt 0.00000 0.00000
vt 0.00000 0.00000
vt 0.00000 0.00000
vt 0.00000 0.00000
vt 0.00000 0.00000
vt 0.00000 0.00000
vt 0.00000 0.00000
vt 0.00000 0.00000
vt 0.00000 0.00000
vt 0.00000 0.00000
vt 0.00000 0.00000
vt 0.00000 0.00000
vt 0.00000 0.00000
vt 0.00000 0.00000
vt 0.00000 0.00000
vt 0.00000 0.00000
vt 0.00000 0.00000
vt 0.00000 0.00000
vt 0.00000 0.00000
vt 0.00000 0.00000
vt 0.00000 0.00000
vt 0.00000 0.00000
vt 0.00000 0.00000
vt 0.00000 0.00000
vt 0.00000 0.00000
vt 0.00000 0.00000
vt 0.00000 0.00000
vt 0.00000 0.00000
vt 0.00000 0.00000
vt 0.00000 0.00000
vt 0.00000 0.00000
vt 0.00000 0.00000
vt 0.00000 0.00000
vt 0.00000 0.00000
vt 0.00000 0.00000
vt 0.00000 0.00000
vt 0.00000 0.00000
vt 0.00000 0.00000
vt 0.00000 0.00000
vt 0.00000 0.00000
vt 0.00000 0.00000
vt 0.00000 0.00000
vt 0.00000 0.00000
vt 0.00000 0.00000
vt 0.00000 0.00000
vt 0.00000 0.00000
vt 0.00000 0.00000
vt 0.00000 0.00000
vt 0.00000 0.00000
vt 0.00000 0.00000
vt 0.00000 0.00000
vt 0.00000 0.00000
vt 0.00000 0.00000
vt 0.00000 0.00000
vt 0.00000 0.00000
vt 0.00000 0.00000
vt 0.00000 0.00000
vt 0.00000 0.00000
vt 0.00000 0.00000
vt 0.00000 0.00000
vt 0.00000 0.00000
vt 0.00000 0.00000
vt 0.00000 0.00000
vt 0.00000 0.00000
vt 0.00000 0.00000
vt 0.00000 0.00000
vt 0.00000 0.00000
vt 0.00000 0.00000
vt 0.00000 0.00000
vt 0.00000 0.00000
vt 0.00000 0.00000
vt 0.00000 0.00000
vt 0.00000 0.00000
vt 0.00000 0.00000
vt 0.00000 0.00000
vt 0.00000 0.00000
vt 0.00000 0.00000
vt 0.00000 0.00000
vt 0.00000 0.00000
vt 0.00000 0.00000
vt 0.00000 0.00000
vt 0.00000 0.00000
vt 0.00000 0.00000
vt 0.00000 0.00000
vt 0.00000 0.00000
vt 0.00000 0.00000
vt 0.00000 0.00000
vt 0.00000 0.00000
vt 0.00000 0.00000
vt 0.00000 0.00000
vt 0.00000 0.00000
vt 0.00000 0.00000
vt 0.00000 0.00000
vt 0.00000 0.00000
vt 0.00000 0.00000
vt 0.00000 0.00000
vt 0.00000 0.00000
vt 0.00000 0.00000
vt 0.00000 0.00000
vt 0.00000 0.00000
vt 0.00000 0.00000
vt 0.00000 0.00000
vt 0.00000 0.00000
vt 0.00000 0.00000
vt 0.00000 0.00000
vt 0.00000 0.00000
vt 0.00000 0.00000
vt 0.00000 0.00000
vt 0.00000 0.00000
vt 0.00000 0.00000
vt 0.00000 0.00000
vt 0.00000 0.00000
vt 0.00000 0.00000
vt 0.00000 0.00000
vt 0.00000 0.00000
vt 0.00000 0.00000
vt 0.00000 0.00000
vt 0.00000 0.00000
vt 0.00000 0.00000
vt 0.00000 0.00000
vt 0.00000 0.00000
vt 0.00000 0.00000
vt 0.00000 0.00000
vt 0.00000 0.00000
vt 0.00000 0.00000
vt 0.00000 0.00000
vt 0.00000 0.00000
vt 0.00000 0.00000
vt 0.00000 0.00000
vt 0.00000 0.00000
vt 0.00000 0.00000
vt 0.00000 0.00000
vt 0.00000 0.00000
vt 0.00000 0.00000
vt 0.00000 0.00000
vt 0.00000 0.00000
vt 0.00000 0.00000
vt 0.00000 0.00000
vt 0.00000 0.00000
vt 0.00000 0.00000
vt 0.00000 0.00000
vt 0.00000 0.00000
vt 0.00000 0.00000
vt 0.00000 0.00000
vt 0.00000 0.00000
vt 0.00000 0.00000
vt 0.00000 0.00000
vt 0.00000 0.00000
vt 0.00000 0.00000
vt 0.00000 0.00000
vt 0.00000 0.00000
vt 0.00000 0.00000
vt 0.00000 0.00000
vt 0.00000 0.00000
vt 0.00000 0.00000
vt 0.00000 0.00000
vt 0.00000 0.00000
vt 0.00000 0.00000
vt 0.00000 0.00000
vt 0.00000 0.00000
vt 0.00000 0.00000
vt 0.00000 0.00000
vt 0.00000 0.00000
vt 0.00000 0.00000
vt 0.00000 0.00000
vt 0.00000 0.00000
vt 0.00000 0.00000
vt 0.00000 0.00000
vt 0.00000 0.00000
vt 0.00000 0.00000
vt 0.00000 0.00000
vt 0.00000 0.00000
vt 0.00000 0.00000
vt 0.00000 0.00000
vt 0.00000 0.00000
vt 0.00000 0.00000
vt 0.00000 0.00000
vt 0.00000 0.00000
vt 0.00000 0.00000
vt 0.00000 0.00000
vt 0.00000 0.00000
vt 0.00000 0.00000
vt 0.00000 0.00000
vt 0.00000 0.00000
vt 0.00000 0.00000
vt 0.00000 0.00000
vt 0.00000 0.00000
vt 0.00000 0.00000
vt 0.00000 0.00000
vt 0.00000 0.00000
vt 0.00000 0.00000
vt 0.00000 0.00000
vt 0.00000 0.00000
vt 0.00000 0.00000
vt 0.00000 0.00000
vt 0.00000 0.00000
vt 0.00000 0.00000
vt 0.00000 0.00000
vt 0.00000 0.00000
vt 0.00000 0.00000
vt 0.00000 0.00000
vt 0.00000 0.00000
vt 0.00000 0.00000
vt 0.00000 0.00000
vt 0.00000 0.00000
vt 0.00000 0.00000
vt 0.00000 0.00000
vt 0.00000 0.00000
vt 0.00000 0.00000
vt 0.00000 0.00000
vt 0.00000 0.00000
vt 0.00000 0.00000
vt 0.00000 0.00000
vt 0.00000 0.00000
vt 0.00000 0.00000
vt 0.00000 0.00000
vt 0.00000 0.00000
vt 0.00000 0.00000
vt 0.00000 0.00000
vt 0.00000 0.00000
vt 0.00000 0.00000
vt 0.00000 0.00000
vt 0.00000 0.00000
vt 0.00000 0.00000
vt 0.00000 0.00000
vt 0.00000 0.00000
vt 0.00000 0.00000
vt 0.00000 0.00000
vt 0.00000 0.00000
vt 0.00000 0.00000
vt 0.00000 0.00000
vt 0.00000 0.00000
vt 0.00000 0.00000
vt 0.00000 0.00000
vt 0.00000 0.00000
vt 0.00000 0.00000
vt 0.00000 0.00000
vt 0.00000 0.00000
vt 0.00000 0.00000
vt 0.00000 0.00000
vt 0.00000 0.00000
vt 0.00000 0.00000
vt 0.00000 0.00000
vt 0.00000 0.00000
vt 0.00000 0.00000
vt 0.00000 0.00000
vt 0.00000 0.00000
vt 0.00000 0.00000
vt 0.00000 0.00000
vt 0.00000 0.00000
vt 0.00000 0.00000
vt 0.00000 0.00000
vt 0.00000 0.00000
vt 0.00000 0.00000
vt 0.00000 0.00000
vt 0.00000 0.00000
vt 0.00000 0.00000
vt 0.00000 0.00000
vt 0.00000 0.00000
vt 0.00000 0.00000
vt 0.00000 0.00000
vt 0.00000 0.00000
vt 0.00000 0.00000
vt 0.00000 0.00000
vt 0.00000 0.00000
vt 0.00000 0.00000
vt 0.00000 0.00000
vt 0.00000 0.00000
vt 0.00000 0.00000
vt 0.00000 0.00000
vt 0.00000 0.00000
vt 0.00000 0.00000
vt 0.00000 0.00000
vt 0.00000 0.00000
vt 0.00000 0.00000
vt 0.00000 0.00000
vt 0.00000 0.00000
vt 0.00000 0.00000
vt 0.00000 0.00000
vt 0.00000 0.00000
vt 0.00000 0.00000
vt 0.00000 0.00000
vt 0.00000 0.00000
vt 0.00000 0.00000
vt 0.00000 0.00000
vt 0.00000 0.00000
vt 0.00000 0.00000
vt 0.00000 0.00000
vt 0.00000 0.00000
vt 0.00000 0.00000
vt 0.00000 0.00000
vt 0.00000 0.00000
vt 0.00000 0.00000
vt 0.00000 0.00000
vt 0.00000 0.00000
vt 0.00000 0.00000
vt 0.00000 0.00000
vt 0.00000 0.00000
vt 0.00000 0.00000
vt 0.00000 0.00000
vt 0.00000 0.00000
vt 0.00000 0.00000
vt 0.00000 0.00000
vt 0.00000 0.00000
vt 0.00000 0.00000
vt 0.00000 0.00000
vt 0.00000 0.00000
vt 0.00000 0.00000
vt 0.00000 0.00000
vt 0.00000 0.00000
vt 0.00000 0.00000
vt 0.00000 0.00000
vt 0.00000 0.00000
vt 0.00000 0.00000
vt 0.00000 0.00000
vt 0.00000 0.00000
vt 0.00000 0.00000
vt 0.00000 0.00000
vt 0.00000 0.00000
vt 0.00000 0.00000
vt 0.00000 0.00000
vt 0.00000 0.00000
vt 0.00000 0.00000
vt 0.00000 0.00000
vt 0.00000 0.00000
vt 0.00000 0.00000
vt 0.00000 0.00000
vt 0.00000 0.00000
vt 0.00000 0.00000
vt 0.00000 0.00000
vt 0.00000 0.00000
vt 0.00000 0.00000
vt 0.00000 0.00000
vt 0.00000 0.00000
vt 0.00000 0.00000
vt 0.00000 0.00000
vt 0.00000 0.00000
vt 0.00000 0.00000
vt 0.00000 0.00000
vt 0.00000 0.00000
vt 0.00000 0.00000
vt 0.00000 0.00000
vt 0.00000 0.00000
vt 0.00000 0.00000
vt 0.00000 0.00000
vt 0.00000 0.00000
vt 0.00000 0.00000
vt 0.00000 0.00000
vt 0.00000 0.00000
vt 0.00000 0.00000
vt 0.00000 0.00000
vt 0.00000 0.00000
vt 0.00000 0.00000
vt 0.00000 0.00000
vt 0.00000 0.00000
vt 0.00000 0.00000
vt 0.00000 0.00000
vt 0.00000 0.00000
vt 0.00000 0.00000
vt 0.00000 0.00000
vt 0.00000 0.00000
vt 0.00000 0.00000
vt 0.00000 0.00000
vt 0.00000 0.00000
vt 0.00000 0.00000
vt 0.00000 0.00000
vt 0.00000 0.00000
vt 0.00000 0.00000
vt 0.00000 0.00000
vt 0.00000 0.00000
vt 0.00000 0.00000
vt 0.00000 0.00000
vt 0.00000 0.00000
vt 0.00000 0.00000
vt 0.00000 0.00000
vt 0.00000 0.00000
vt 0.00000 0.00000
vt 0.00000 0.00000
vt 0.00000 0.00000
vt 0.00000 0.00000
vt 0.00000 0.00000
vt 0.00000 0.00000
vt 0.00000 0.00000
vt 0.00000 0.00000
vt 0.00000 0.00000
vt 0.00000 0.00000
vt 0.00000 0.00000
vt 0.00000 0.00000
vt 0.00000 0.00000
vt 0.00000 0.00000
vt 0.00000 0.00000
vt 0.00000 0.00000
vt 0.00000 0.00000
vt 0.00000 0.00000
vt 0.00000 0.00000
vt 0.00000 0.00000
vt 0.00000 0.00000
vt 0.00000 0.00000
vt 0.00000 0.00000
vt 0.00000 0.00000
vt 0.00000 0.00000
vt 0.00000 0.00000
vt 0.00000 0.00000
vt 0.00000 0.00000
vt 0.00000 0.00000
vt 0.00000 0.00000
vt 0.00000 0.00000
vt 0.00000 0.00000
vt 0.00000 0.00000
vt 0.00000 0.00000
vt 0.00000 0.00000
vt 0.00000 0.00000
vt 0.00000 0.00000
vt 0.00000 0.00000
vt 0.00000 0.00000
vt 0.00000 0.00000
vt 0.00000 0.00000
vt 0.00000 0.00000
vt 0.00000 0.00000
vt 0.00000 0.00000
vt 0.00000 0.00000
vt 0.00000 0.00000
vt 0.00000 0.00000
vt 0.00000 0.00000
vt 0.00000 0.00000
vt 0.00000 0.00000
vt 0.00000 0.00000
vt 0.00000 0.00000
vt 0.00000 0.00000
vt 0.00000 0.00000
vt 0.00000 0.00000
vt 0.00000 0.00000
vt 0.00000 0.00000
vt 0.00000 0.00000
vt 0.00000 0.00000
vt 0.00000 0.00000
vt 0.00000 0.00000
vt 0.00000 0.00000
vt 0.00000 0.00000
vt 0.00000 0.00000
vt 0.00000 0.00000
vt 0.00000 0.00000
vt 0.00000 0.00000
vt 0.00000 0.00000
vt 0.00000 0.00000
vt 0.00000 0.00000
vt 0.00000 0.00000
vt 0.00000 0.00000
vt 0.00000 0.00000
vt 0.00000 0.00000
vt 0.00000 0.00000
vt 0.00000 0.00000
vt 0.00000 0.00000
vt 0.00000 0.00000
vt 0.00000 0.00000
vt 0.00000 0.00000
vt 0.00000 0.00000
vt 0.00000 0.00000
vt 0.00000 0.00000
vt 0.00000 0.00000
vt 0.00000 0.00000
vt 0.00000 0.00000
vt 0.00000 0.00000
vt 0.00000 0.00000
vt 0.00000 0.00000
vt 0.00000 0.00000
vt 0.00000 0.00000
vt 0.00000 0.00000
vt 0.00000 0.00000
vt 0.00000 0.00000
vt 0.00000 0.00000
vt 0.00000 0.00000
vt 0.00000 0.00000
vt 0.00000 0.00000
vt 0.00000 0.00000
vt 0.00000 0.00000
vt 0.00000 0.00000
vt 0.00000 0.00000
vt 0.00000 0.00000
vt 0.00000 0.00000
vt 0.00000 0.00000
vt 0.00000 0.00000
vt 0.00000 0.00000
vt 0.00000 0.00000
vt 0.00000 0.00000
vt 0.00000 0.00000
vt 0.00000 0.00000
vt 0.00000 0.00000
vt 0.00000 0.00000
vt 0.00000 0.00000
vt 0.00000 0.00000
vt 0.00000 0.00000
vt 0.00000 0.00000
vt 0.00000 0.00000
vt 0.00000 0.00000
vt 0.00000 0.00000
vt 0.00000 0.00000
vt 0.00000 0.00000
vt 0.00000 0.00000
vt 0.00000 0.00000
vt 0.00000 0.00000
vt 0.00000 0.00000
vt 0.00000 0.00000
vt 0.00000 0.00000
vt 0.00000 0.00000
vt 0.00000 0.00000
vt 0.00000 0.00000
vt 0.00000 0.00000
vt 0.00000 0.00000
vt 0.00000 0.00000
vt 0.00000 0.00000
vt 0.00000 0.00000
vt 0.00000 0.00000
vt 0.00000 0.00000
vt 0.00000 0.00000
vt 0.00000 0.00000
vt 0.00000 0.00000
vt 0.00000 0.00000
vt 0.00000 0.00000
vt 0.00000 0.00000
vt 0.00000 0.00000
vt 0.00000 0.00000
vt 0.00000 0.00000
vt 0.00000 0.00000
vt 0.00000 0.00000
vt 0.00000 0.00000
vt 0.00000 0.00000
vt 0.00000 0.00000
vt 0.00000 0.00000
vt 0.00000 0.00000
vt 0.00000 0.00000
vt 0.00000 0.00000
vt 0.00000 0.00000
vt 0.00000 0.00000
vt 0.00000 0.00000
vt 0.00000 0.00000
vt 0.00000 0.00000
vt 0.00000 0.00000
vt 0.00000 0.00000
vt 0.00000 0.00000
vt 0.00000 0.00000
vt 0.00000 0.00000
vt 0.00000 0.00000
vt 0.00000 0.00000
vt 0.00000 0.00000
vt 0.00000 0.00000
vt 0.00000 0.00000
vt 0.00000 0.00000
vt 0.00000 0.00000
vt 0.00000 0.00000
vt 0.00000 0.00000
vt 0.00000 0.00000
vt 0.00000 0.00000
vt 0.00000 0.00000
vt 0.00000 0.00000
vt 0.00000 0.00000
vt 0.00000 0.00000
vt 0.00000 0.00000
vt 0.00000 0.00000
vt 0.00000 0.00000
vt 0.00000 0.00000
vt 0.00000 0.00000
vt 0.00000 0.00000
vt 0.00000 0.00000
vt 0.00000 0.00000
vt 0.00000 0.00000
vt 0.00000 0.00000
vt 0.00000 0.00000
vt 0.00000 0.00000
vt 0.00000 0.00000
vt 0.00000 0.00000
vt 0.00000 0.00000
vt 0.00000 0.00000
vt 0.00000 0.00000
vt 0.00000 0.00000
vt 0.00000 0.00000
vt 0.00000 0.00000
vt 0.00000 0.00000
vt 0.00000 0.00000
vt 0.00000 0.00000
vt 0.00000 0.00000
vt 0.00000 0.00000
vt 0.00000 0.00000
vt 0.00000 0.00000
vt 0.00000 0.00000
vt 0.00000 0.00000
vt 0.00000 0.00000
vt 0.00000 0.00000
vt 0.00000 0.00000
vt 0.00000 0.00000
vt 0.00000 0.00000
vt 0.00000 0.00000
vt 0.00000 0.00000
vt 0.00000 0.00000
vt 0.00000 0.00000
vt 0.00000 0.00000
vt 0.00000 0.00000
vt 0.00000 0.00000
vt 0.00000 0.00000
vt 0.00000 0.00000
vt 0.00000 0.00000
vt 0.00000 0.00000
vt 0.00000 0.00000
vt 0.00000 0.00000
vt 0.00000 0.00000
vt 0.00000 0.00000
vt 0.00000 0.00000
vt 0.00000 0.00000
vt 0.00000 0.00000
vt 0.00000 0.00000
vt 0.00000 0.00000
vt 0.00000 0.00000
vt 0.00000 0.00000
vt 0.00000 0.00000
vt 0.00000 0.00000
vt 0.00000 0.00000
vt 0.00000 0.00000
vt 0.00000 0.00000
vt 0.00000 0.00000
vt 0.00000 0.00000
vt 0.00000 0.00000
vt 0.00000 0.00000
vt 0.00000 0.00000
vt 0.00000 0.00000
vt 0.00000 0.00000
vt 0.00000 0.00000
vt 0.00000 0.00000
vt 0.00000 0.00000
vt 0.00000 0.00000
vt 0.00000 0.00000
vt 0.00000 0.00000
vt 0.00000 0.00000
vt 0.00000 0.00000
vt 0.00000 0.00000
vt 0.00000 0.00000
vt 0.00000 0.00000
vt 0.00000 0.00000
vt 0.00000 0.00000
vt 0.00000 0.00000
vt 0.00000 0.00000
vt 0.00000 0.00000
vt 0.00000 0.00000
vt 0.00000 0.00000
vt 0.00000 0.00000
vt 0.00000 0.00000
vt 0.00000 0.00000
vt 0.00000 0.00000
vt 0.00000 0.00000
vt 0.00000 0.00000
vt 0.00000 0.00000
vt 0.00000 0.00000
vt 0.00000 0.00000
vt 0.00000 0.00000
vt 0.00000 0.00000
vt 0.00000 0.00000
vt 0.00000 0.00000
vt 0.00000 0.00000
vt 0.00000 0.00000
vt 0.00000 0.00000
vt 0.00000 0.00000
vt 0.00000 0.00000
vt 0.00000 0.00000
vt 0.00000 0.00000
vt 0.00000 0.00000
vt 0.00000 0.00000
vt 0.00000 0.00000
vt 0.00000 0.00000
vt 0.00000 0.00000
vt 0.00000 0.00000
vt 0.00000 0.00000
vt 0.00000 0.00000
vt 0.00000 0.00000
vt 0.00000 0.00000
vt 0.00000 0.00000
vt 0.00000 0.00000
vt 0.00000 0.00000
vt 0.00000 0.00000
vt 0.00000 0.00000
vt 0.00000 0.00000
vt 0.00000 0.00000
vt 0.00000 0.00000
vt 0.00000 0.00000
vt 0.00000 0.00000
vt 0.00000 0.00000
vt 0.00000 0.00000
vt 0.00000 0.00000
vt 0.00000 0.00000
vt 0.00000 0.00000
vt 0.00000 0.00000
vt 0.00000 0.00000
vt 0.00000 0.00000
vt 0.00000 0.00000
vt 0.00000 0.00000
vt 0.00000 0.00000
vt 0.00000 0.00000
vt 0.00000 0.00000
vt 0.00000 0.00000
vt 0.00000 0.00000
vt 0.00000 0.00000
vt 0.00000 0.00000
vt 0.00000 0.00000
vt 0.00000 0.00000
vt 0.00000 0.00000
vt 0.00000 0.00000
vt 0.00000 0.00000
vt 0.00000 0.00000
vt 0.00000 0.00000
vt 0.00000 0.00000
vt 0.00000 0.00000
vt 0.00000 0.00000
vt 0.00000 0.00000
vt 0.00000 0.00000
vt 0.00000 0.00000
vt 0.00000 0.00000
vt 0.00000 0.00000
vt 0.00000 0.00000
vt 0.00000 0.00000
vt 0.00000 0.00000
vt 0.00000 0.00000
vt 0.00000 0.00000
vt 0.00000 0.00000
vt 0.00000 0.00000
vt 0.00000 0.00000
vt 0.00000 0.00000
vt 0.00000 0.00000
vt 0.00000 0.00000
vt 0.00000 0.00000
vt 0.00000 0.00000
vt 0.00000 0.00000
vt 0.00000 0.00000
vt 0.00000 0.00000
vt 0.00000 0.00000
vt 0.00000 0.00000
vt 0.00000 0.00000
vt 0.00000 0.00000
vt 0.00000 0.00000
vt 0.00000 0.00000
vt 0.00000 0.00000
vt 0.00000 0.00000
vt 0.00000 0.00000
vt 0.00000 0.00000
vt 0.00000 0.00000
vt 0.00000 0.00000
vt 0.00000 0.00000
vt 0.00000 0.00000
vt 0.00000 0.00000
vt 0.00000 0.00000
vt 0.00000 0.00000
vt 0.00000 0.00000
vt 0.00000 0.00000
vt 0.00000 0.00000
vt 0.00000 0.00000
vt 0.00000 0.00000
vt 0.00000 0.00000
vt 0.00000 0.00000
vt 0.00000 0.00000
vt 0.00000 0.00000
vt 0.00000 0.00000
vt 0.00000 0.00000
vt 0.00000 0.00000
vt 0.00000 0.00000
vt 0.00000 0.00000
vt 0.00000 0.00000
vt 0.00000 0.00000
vt 0.00000 0.00000
vt 0.00000 0.00000
vt 0.00000 0.00000
vt 0.00000 0.00000
vt 0.00000 0.00000
vt 0.00000 0.00000
vt 0.00000 0.00000
vt 0.00000 0.00000
vt 0.00000 0.00000
vt 0.00000 0.00000
vt 0.00000 0.00000
vt 0.00000 0.00000
vt 0.00000 0.00000
vt 0.00000 0.00000
vt 0.00000 0.00000
vt 0.00000 0.00000
vt 0.00000 0.00000
vt 0.00000 0.00000
vt 0.00000 0.00000
vt 0.00000 0.00000
vt 0.00000 0.00000
vt 0.00000 0.00000
vt 0.00000 0.00000
vt 0.00000 0.00000
vt 0.00000 0.00000
vt 0.00000 0.00000
vt 0.00000 0.00000
vt 0.00000 0.00000
vt 0.00000 0.00000
vt 0.00000 0.00000
vt 0.00000 0.00000
vt 0.00000 0.00000
vt 0.00000 0.00000
vt 0.00000 0.00000
vt 0.00000 0.00000
vt 0.00000 0.00000
vt 0.00000 0.00000
vt 0.00000 0.00000
vt 0.00000 0.00000
vt 0.00000 0.00000
vt 0.00000 0.00000
vt 0.00000 0.00000
vt 0.00000 0.00000
vt 0.00000 0.00000
vt 0.00000 0.00000
vt 0.00000 0.00000
vt 0.00000 0.00000
vt 0.00000 0.00000
vt 0.00000 0.00000
vt 0.00000 0.00000
vt 0.00000 0.00000
vt 0.00000 0.00000
vt 0.00000 0.00000
vt 0.00000 0.00000
vt 0.00000 0.00000
vt 0.00000 0.00000
vt 0.00000 0.00000
vt 0.00000 0.00000
vt 0.00000 0.00000
vt 0.00000 0.00000
vt 0.00000 0.00000
vt 0.00000 0.00000
vt 0.00000 0.00000
vt 0.00000 0.00000
vt 0.00000 0.00000
vt 0.00000 0.00000
vt 0.00000 0.00000
vt 0.00000 0.00000
vt 0.00000 0.00000
vt 0.00000 0.00000
vt 0.00000 0.00000
vt 0.00000 0.00000
vt 0.00000 0.00000
vt 0.00000 0.00000
vt 0.00000 0.00000
vt 0.00000 0.00000
vt 0.00000 0.00000
vt 0.00000 0.00000
vt 0.00000 0.00000
vt 0.00000 0.00000
vt 0.00000 0.00000
vt 0.00000 0.00000
vt 0.00000 0.00000
vt 0.00000 0.00000
vt 0.00000 0.00000
vt 0.00000 0.00000
vt 0.00000 0.00000
vt 0.00000 0.00000
vt 0.00000 0.00000
vt 0.00000 0.00000
vt 0.00000 0.00000
vt 0.00000 0.00000
vt 0.00000 0.00000
vt 0.00000 0.00000
vt 0.00000 0.00000
vt 0.00000 0.00000
vt 0.00000 0.00000
vt 0.00000 0.00000
vt 0.00000 0.00000
vt 0.00000 0.00000
vt 0.00000 0.00000
vt 0.00000 0.00000
vt 0.00000 0.00000
vt 0.00000 0.00000
vt 0.00000 0.00000
vt 0.00000 0.00000
vt 0.00000 0.00000
vt 0.00000 0.00000
vt 0.00000 0.00000
vt 0.00000 0.00000
vt 0.00000 0.00000
vt 0.00000 0.00000
vt 0.00000 0.00000
vt 0.00000 0.00000
vt 0.00000 0.00000
vt 0.00000 0.00000
vt 0.00000 0.00000
vt 0.00000 0.00000
vt 0.00000 0.00000
vt 0.00000 0.00000
vt 0.00000 0.00000
vt 0.00000 0.00000
vt 0.00000 0.00000
vt 0.00000 0.00000
vt 0.00000 0.00000
vt 0.00000 0.00000
vt 0.00000 0.00000
vt 0.00000 0.00000
vt 0.00000 0.00000
vt 0.00000 0.00000
vt 0.00000 0.00000
vt 0.00000 0.00000
vt 0.00000 0.00000
vt 0.00000 0.00000
vt 0.00000 0.00000
vt 0.00000 0.00000
vt 0.00000 0.00000
vt 0.00000 0.00000
vt 0.00000 0.00000
vt 0.00000 0.00000
vt 0.00000 0.00000
vt 0.00000 0.00000
vt 0.00000 0.00000
vt 0.00000 0.00000
vt 0.00000 0.00000
vt 0.00000 0.00000
vt 0.00000 0.00000
vt 0.00000 0.00000
vt 0.00000 0.00000
vt 0.00000 0.00000
vt 0.00000 0.00000
vt 0.00000 0.00000
vt 0.00000 0.00000
vt 0.00000 0.00000
vt 0.00000 0.00000
vt 0.00000 0.00000
vt 0.00000 0.00000
vt 0.00000 0.00000
vt 0.00000 0.00000
vt 0.00000 0.00000
vt 0.00000 0.00000
vt 0.00000 0.00000
vt 0.00000 0.00000
vt 0.00000 0.00000
vt 0.00000 0.00000
vt 0.00000 0.00000
vt 0.00000 0.00000
vt 0.00000 0.00000
vt 0.00000 0.00000
vt 0.00000 0.00000
vt 0.00000 0.00000
vt 0.00000 0.00000
vt 0.00000 0.00000
vt 0.00000 0.00000
vt 0.00000 0.00000
vt 0.00000 0.00000
vt 0.00000 0.00000
vt 0.00000 0.00000
vt 0.00000 0.00000
vt 0.00000 0.00000
vt 0.00000 0.00000
vt 0.00000 0.00000
vt 0.00000 0.00000
vt 0.00000 0.00000
vt 0.00000 0.00000
vt 0.00000 0.00000
vt 0.00000 0.00000
vt 0.00000 0.00000
vt 0.00000 0.00000
vt 0.00000 0.00000
vt 0.00000 0.00000
vt 0.00000 0.00000
vt 0.00000 0.00000
vt 0.00000 0.00000
vt 0.00000 0.00000
vt 0.00000 0.00000
vt 0.00000 0.00000
vt 0.00000 0.00000
vt 0.00000 0.00000
vt 0.00000 0.00000
vt 0.00000 0.00000
vt 0.00000 0.00000
vt 0.00000 0.00000
vt 0.00000 0.00000
vt 0.00000 0.00000
vt 0.00000 0.00000
vt 0.00000 0.00000
vt 0.00000 0.00000
vt 0.00000 0.00000
vt 0.00000 0.00000
vt 0.00000 0.00000
vt 0.00000 0.00000
vt 0.00000 0.00000
vt 0.00000 0.00000
vt 0.00000 0.00000
vt 0.00000 0.00000
vt 0.00000 0.00000
vt 0.00000 0.00000
vt 0.00000 0.00000
vt 0.00000 0.00000
vt 0.00000 0.00000
vt 0.00000 0.00000
vt 0.00000 0.00000
vt 0.00000 0.00000
vt 0.00000 0.00000
vt 0.00000 0.00000
vt 0.00000 0.00000
vt 0.00000 0.00000
vt 0.00000 0.00000
vt 0.00000 0.00000
vt 0.00000 0.00000
vt 0.00000 0.00000
vt 0.00000 0.00000
vt 0.00000 0.00000
vt 0.00000 0.00000
vt 0.00000 0.00000
vt 0.00000 0.00000
vt 0.00000 0.00000
vt 0.00000 0.00000
vt 0.00000 0.00000
vt 0.00000 0.00000
vt 0.00000 0.00000
vt 0.00000 0.00000
vt 0.00000 0.00000
vt 0.00000 0.00000
vt 0.00000 0.00000
vt 0.00000 0.00000
vt 0.00000 0.00000
vt 0.00000 0.00000
vt 0.00000 0.00000
vt 0.00000 0.00000
vt 0.00000 0.00000
vt 0.00000 0.00000
vt 0.00000 0.00000
vt 0.00000 0.00000
vt 0.00000 0.00000
vt 0.00000 0.00000
vt 0.00000 0.00000
vt 0.00000 0.00000
vt 0.00000 0.00000
vt 0.00000 0.00000
vt 0.00000 0.00000
vt 0.00000 0.00000
vt 0.00000 0.00000
vt 0.00000 0.00000
vt 0.00000 0.00000
vt 0.00000 0.00000
vt 0.00000 0.00000
vt 0.00000 0.00000
vt 0.00000 0.00000
vt 0.00000 0.00000
vt 0.00000 0.00000
vt 0.00000 0.00000
vt 0.00000 0.00000
vt 0.00000 0.00000
vt 0.00000 0.00000
vt 0.00000 0.00000
vt 0.00000 0.00000
vt 0.00000 0.00000
vt 0.00000 0.00000
vt 0.00000 0.00000
vt 0.00000 0.00000
vt 0.00000 0.00000
vt 0.00000 0.00000
vt 0.00000 0.00000
vt 0.00000 0.00000
vt 0.00000 0.00000
vt 0.00000 0.00000
vt 0.00000 0.00000
vt 0.00000 0.00000
vt 0.00000 0.00000
vt 0.00000 0.00000
vt 0.00000 0.00000
vt 0.00000 0.00000
vt 0.00000 0.00000
vt 0.00000 0.00000
vt 0.00000 0.00000
vt 0.00000 0.00000
vt 0.00000 0.00000
vt 0.00000 0.00000
vt 0.00000 0.00000
vt 0.00000 0.00000
vt 0.00000 0.00000
vt 0.00000 0.00000
vt 0.00000 0.00000
vt 0.00000 0.00000
vt 0.00000 0.00000
vt 0.00000 0.00000
vt 0.00000 0.00000
vt 0.00000 0.00000
vt 0.00000 0.00000
vt 0.00000 0.00000
vt 0.00000 0.00000
vt 0.00000 0.00000
vt 0.00000 0.00000
vt 0.00000 0.00000
vt 0.00000 0.00000
vt 0.00000 0.00000
vt 0.00000 0.00000
vt 0.00000 0.00000
vt 0.00000 0.00000
vt 0.00000 0.00000
vt 0.00000 0.00000
vt 0.00000 0.00000
vt 0.00000 0.00000
vt 0.00000 0.00000
vt 0.00000 0.00000
vt 0.00000 0.00000
vt 0.00000 0.00000
vt 0.00000 0.00000
vt 0.00000 0.00000
vt 0.00000 0.00000
vt 0.00000 0.00000
vt 0.00000 0.00000
vt 0.00000 0.00000
vt 0.00000 0.00000
vt 0.00000 0.00000
vt 0.00000 0.00000
vt 0.00000 0.00000
vt 0.00000 0.00000
vt 0.00000 0.00000
vt 0.00000 0.00000
vt 0.00000 0.00000
vt 0.00000 0.00000
vt 0.00000 0.00000
vt 0.00000 0.00000
vt 0.00000 0.00000
vt 0.00000 0.00000
vt 0.00000 0.00000
vt 0.00000 0.00000
vt 0.00000 0.00000
vt 0.00000 0.00000
vt 0.00000 0.00000
vt 0.00000 0.00000
vt 0.00000 0.00000
vt 0.00000 0.00000
vt 0.00000 0.00000
vt 0.00000 0.00000
vt 0.00000 0.00000
vt 0.00000 0.00000
vt 0.00000 0.00000
vt 0.00000 0.00000
vt 0.00000 0.00000
vt 0.00000 0.00000
vt 0.00000 0.00000
vt 0.00000 0.00000
vt 0.00000 0.00000
vt 0.00000 0.00000
vt 0.00000 0.00000
vt 0.00000 0.00000
vt 0.00000 0.00000
vt 0.00000 0.00000
vt 0.00000 0.00000
vt 0.00000 0.00000
vt 0.00000 0.00000
vt 0.00000 0.00000
vt 0.00000 0.00000
vt 0.00000 0.00000
vt 0.00000 0.00000
vt 0.00000 0.00000
vt 0.00000 0.00000
vt 0.00000 0.00000
vt 0.00000 0.00000
vt 0.00000 0.00000
vt 0.00000 0.00000
vt 0.00000 0.00000
vt 0.00000 0.00000
vt 0.00000 0.00000
vt 0.00000 0.00000
vt 0.00000 0.00000
vt 0.00000 0.00000
vt 0.00000 0.00000
vt 0.00000 0.00000
vt 0.00000 0.00000
vt 0.00000 0.00000
vt 0.00000 0.00000
vt 0.00000 0.00000
vt 0.00000 0.00000
vt 0.00000 0.00000
vt 0.00000 0.00000
vt 0.00000 0.00000
vt 0.00000 0.00000
vt 0.00000 0.00000
vt 0.00000 0.00000
vt 0.00000 0.00000
vt 0.00000 0.00000
vt 0.00000 0.00000
vt 0.00000 0.00000
vt 0.00000 0.00000
vt 0.00000 0.00000
vt 0.00000 0.00000
vt 0.00000 0.00000
vt 0.00000 0.00000
vt 0.00000 0.00000
vt 0.00000 0.00000
vt 0.00000 0.00000
vt 0.00000 0.00000
vt 0.00000 0.00000
vt 0.00000 0.00000
vt 0.00000 0.00000
vt 0.00000 0.00000
vt 0.00000 0.00000
vt 0.00000 0.00000
vt 0.00000 0.00000
vt 0.00000 0.00000
vt 0.00000 0.00000
vt 0.00000 0.00000
vt 0.00000 0.00000
vt 0.00000 0.00000
vt 0.00000 0.00000
vt 0.00000 0.00000
vt 0.00000 0.00000
vt 0.00000 0.00000
vt 0.00000 0.00000
vt 0.00000 0.00000
vt 0.00000 0.00000
vt 0.00000 0.00000
vt 0.00000 0.00000
vt 0.00000 0.00000
vt 0.00000 0.00000
vt 0.00000 0.00000
vt 0.00000 0.00000
vt 0.00000 0.00000
vt 0.00000 0.00000
vt 0.00000 0.00000
vt 0.00000 0.00000
vt 0.00000 0.00000
vt 0.00000 0.00000
vt 0.00000 0.00000
vt 0.00000 0.00000
vt 0.00000 0.00000
vt 0.00000 0.00000
vt 0.00000 0.00000
vt 0.00000 0.00000
vt 0.00000 0.00000
vt 0.00000 0.00000
vt 0.00000 0.00000
vt 0.00000 0.00000
vt 0.00000 0.00000
vt 0.00000 0.00000
vt 0.00000 0.00000
vt 0.00000 0.00000
vt 0.00000 0.00000
vt 0.00000 0.00000
vt 0.00000 0.00000
vt 0.00000 0.00000
vt 0.00000 0.00000
vt 0.00000 0.00000
vt 0.00000 0.00000
vt 0.00000 0.00000
vt 0.00000 0.00000
vt 0.00000 0.00000
vt 0.00000 0.00000
vt 0.00000 0.00000
vt 0.00000 0.00000
vt 0.00000 0.00000
vt 0.00000 0.00000
vt 0.00000 0.00000
vt 0.00000 0.00000
vt 0.00000 0.00000
vt 0.00000 0.00000
vt 0.00000 0.00000
vt 0.00000 0.00000
vt 0.00000 0.00000
vt 0.00000 0.00000
vt 0.00000 0.00000
vt 0.00000 0.00000
vt 0.00000 0.00000
vt 0.00000 0.00000
vt 0.00000 0.00000
vt 0.00000 0.00000
vt 0.00000 0.00000
vt 0.00000 0.00000
vt 0.00000 0.00000
vt 0.00000 0.00000
vt 0.00000 0.00000
vt 0.00000 0.00000
vt 0.00000 0.00000
vt 0.00000 0.00000
vt 0.00000 0.00000
vt 0.00000 0.00000
vt 0.00000 0.00000
vt 0.00000 0.00000
vt 0.00000 0.00000
vt 0.00000 0.00000
vt 0.00000 0.00000
vt 0.00000 0.00000
vt 0.00000 0.00000
vt 0.00000 0.00000
vt 0.00000 0.00000
vt 0.00000 0.00000
vt 0.00000 0.00000
vt 0.00000 0.00000
vt 0.00000 0.00000
vt 0.00000 0.00000
vt 0.00000 0.00000
vt 0.00000 0.00000
vt 0.00000 0.00000
vt 0.00000 0.00000
vt 0.00000 0.00000
vt 0.00000 0.00000
vt 0.00000 0.00000
vt 0.00000 0.00000
vt 0.00000 0.00000
vt 0.00000 0.00000
vt 0.00000 0.00000
vt 0.00000 0.00000
vt 0.00000 0.00000
vt 0.00000 0.00000
vt 0.00000 0.00000
vt 0.00000 0.00000
vt 0.00000 0.00000
vt 0.00000 0.00000
vt 0.00000 0.00000
vt 0.00000 0.00000
vt 0.00000 0.00000
vt 0.00000 0.00000
vt 0.00000 0.00000
vt 0.00000 0.00000
vt 0.00000 0.00000
vt 0.00000 0.00000
vt 0.00000 0.00000
vt 0.00000 0.00000
vt 0.00000 0.00000
vt 0.00000 0.00000
vt 0.00000 0.00000
vt 0.00000 0.00000
vt 0.00000 0.00000
vt 0.00000 0.00000
vt 0.00000 0.00000
vt 0.00000 0.00000
vt 0.00000 0.00000
vt 0.00000 0.00000
vt 0.00000 0.00000
vt 0.00000 0.00000
vt 0.00000 0.00000
vt 0.00000 0.00000
vt 0.00000 0.00000
vt 0.00000 0.00000
vt 0.00000 0.00000
vt 0.00000 0.00000
vt 0.00000 0.00000
vt 0.00000 0.00000
vt 0.00000 0.00000
vt 0.00000 0.00000
vt 0.00000 0.00000
vt 0.00000 0.00000
vt 0.00000 0.00000
vt 0.00000 0.00000
vt 0.00000 0.00000
vt 0.00000 0.00000
vt 0.00000 0.00000
vt 0.00000 0.00000
vt 0.00000 0.00000
vt 0.00000 0.00000
vt 0.00000 0.00000
vt 0.00000 0.00000
vt 0.00000 0.00000
vt 0.00000 0.00000
vt 0.00000 0.00000
vt 0.00000 0.00000
vt 0.00000 0.00000
vt 0.00000 0.00000
vt 0.00000 0.00000
vt 0.00000 0.00000
vt 0.00000 0.00000
vt 0.00000 0.00000
vt 0.00000 0.00000
vt 0.00000 0.00000
vt 0.00000 0.00000
vt 0.00000 0.00000
vt 0.00000 0.00000
vt 0.00000 0.00000
vt 0.00000 0.00000
vt 0.00000 0.00000
vt 0.00000 0.00000
vt 0.00000 0.00000
vt 0.00000 0.00000
vt 0.00000 0.00000
vt 0.00000 0.00000
vt 0.00000 0.00000
vt 0.00000 0.00000
vt 0.00000 0.00000
vt 0.00000 0.00000
vt 0.00000 0.00000
vt 0.00000 0.00000
vt 0.00000 0.00000
vt 0.00000 0.00000
vt 0.00000 0.00000
vt 0.00000 0.00000
vt 0.00000 0.00000
vt 0.00000 0.00000
vt 0.00000 0.00000
vt 0.00000 0.00000
vt 0.00000 0.00000
vt 0.00000 0.00000
vt 0.00000 0.00000
vt 0.00000 0.00000
vt 0.00000 0.00000
vt 0.00000 0.00000
vt 0.00000 0.00000
vt 0.00000 0.00000
vt 0.00000 0.00000
vt 0.00000 0.00000
vt 0.00000 0.00000
vt 0.00000 0.00000
vt 0.00000 0.00000
vt 0.00000 0.00000
vt 0.00000 0.00000
vt 0.00000 0.00000
vt 0.00000 0.00000
vt 0.00000 0.00000
vt 0.00000 0.00000
vt 0.00000 0.00000
vt 0.00000 0.00000
vt 0.00000 0.00000
vt 0.00000 0.00000
vt 0.00000 0.00000
vt 0.00000 0.00000
vt 0.00000 0.00000
vt 0.00000 0.00000
vt 0.00000 0.00000
vt 0.00000 0.00000
vt 0.00000 0.00000
vt 0.00000 0.00000
vt 0.00000 0.00000
vt 0.00000 0.00000
vt 0.00000 0.00000
vt 0.00000 0.00000
vt 0.00000 0.00000
vt 0.00000 0.00000
vt 0.00000 0.00000
vt 0.00000 0.00000
vt 0.00000 0.00000
vt 0.00000 0.00000
vt 0.00000 0.00000
vt 0.00000 0.00000
vt 0.00000 0.00000
vt 0.00000 0.00000
vt 0.00000 0.00000
vt 0.00000 0.00000
vt 0.00000 0.00000
vt 0.00000 0.00000
vt 0.00000 0.00000
vt 0.00000 0.00000
vt 0.00000 0.00000
vt 0.00000 0.00000
vt 0.00000 0.00000
vt 0.00000 0.00000
vt 0.00000 0.00000
vt 0.00000 0.00000
vt 0.00000 0.00000
vt 0.00000 0.00000
vt 0.00000 0.00000
vt 0.00000 0.00000
vt 0.00000 0.00000
vt 0.00000 0.00000
vt 0.00000 0.00000
vt 0.00000 0.00000
vt 0.00000 0.00000
vt 0.00000 0.00000
vt 0.00000 0.00000
vt 0.00000 0.00000
vt 0.00000 0.00000
vt 0.00000 0.00000
vt 0.00000 0.00000
vt 0.00000 0.00000
vt 0.00000 0.00000
vt 0.00000 0.00000
vt 0.00000 0.00000
vt 0.00000 0.00000
vt 0.00000 0.00000
vt 0.00000 0.00000
vt 0.00000 0.00000
vt 0.00000 0.00000
vt 0.00000 0.00000
vt 0.00000 0.00000
vt 0.00000 0.00000
vt 0.00000 0.00000
vt 0.00000 0.00000
vt 0.00000 0.00000
vt 0.00000 0.00000
vt 0.00000 0.00000
vt 0.00000 0.00000
vt 0.00000 0.00000
vt 0.00000 0.00000
vt 0.00000 0.00000
vt 0.00000 0.00000
vt 0.00000 0.00000
vt 0.00000 0.00000
vt 0.00000 0.00000
vt 0.00000 0.00000
vt 0.00000 0.00000
vt 0.00000 0.00000
vt 0.00000 0.00000
vt 0.00000 0.00000
vt 0.00000 0.00000
vt 0.00000 0.00000
vt 0.00000 0.00000
vt 0.00000 0.00000
vt 0.00000 0.00000
vt 0.00000 0.00000
vt 0.00000 0.00000
vt 0.00000 0.00000
vt 0.00000 0.00000
vt 0.00000 0.00000
vt 0.00000 0.00000
vt 0.00000 0.00000
vt 0.00000 0.00000
vt 0.00000 0.00000
vt 0.00000 0.00000
vt 0.00000 0.00000
vt 0.00000 0.00000
vt 0.00000 0.00000
vt 0.00000 0.00000
vt 0.00000 0.00000
vt 0.00000 0.00000
vt 0.00000 0.00000
vt 0.00000 0.00000
vt 0.00000 0.00000
vt 0.00000 0.00000
vt 0.00000 0.00000
vt 0.00000 0.00000
vt 0.00000 0.00000
vt 0.00000 0.00000
vt 0.00000 0.00000
vt 0.00000 0.00000
vt 0.00000 0.00000
vt 0.00000 0.00000
vt 0.00000 0.00000
vt 0.00000 0.00000
vt 0.00000 0.00000
vt 0.00000 0.00000
vt 0.00000 0.00000
vt 0.00000 0.00000
vt 0.00000 0.00000
vt 0.00000 0.00000
vt 0.00000 0.00000
vt 0.00000 0.00000
vt 0.00000 0.00000
vt 0.00000 0.00000
vt 0.00000 0.00000
vt 0.00000 0.00000
vt 0.00000 0.00000
vt 0.00000 0.00000
vt 0.00000 0.00000
vt 0.00000 0.00000
vt 0.00000 0.00000
vt 0.00000 0.00000
vt 0.00000 0.00000
vt 0.00000 0.00000
vt 0.00000 0.00000
vt 0.00000 0.00000
vt 0.00000 0.00000
vt 0.00000 0.00000
vt 0.00000 0.00000
vt 0.00000 0.00000
vt 0.00000 0.00000
vt 0.00000 0.00000
vt 0.00000 0.00000
vt 0.00000 0.00000
vt 0.00000 0.00000
vt 0.00000 0.00000
vt 0.00000 0.00000
vt 0.00000 0.00000
vt 0.00000 0.00000
vt 0.00000 0.00000
vt 0.00000 0.00000
vt 0.00000 0.00000
vt 0.00000 0.00000
vt 0.00000 0.00000
vt 0.00000 0.00000
vt 0.00000 0.00000
vt 0.00000 0.00000
vt 0.00000 0.00000
vt 0.00000 0.00000
vt 0.00000 0.00000
vt 0.00000 0.00000
vt 0.00000 0.00000
vt 0.00000 0.00000
vt 0.00000 0.00000
vt 0.00000 0.00000
vt 0.00000 0.00000
vt 0.00000 0.00000
vt 0.00000 0.00000
vt 0.00000 0.00000
vt 0.00000 0.00000
vt 0.00000 0.00000
vt 0.00000 0.00000
vt 0.00000 0.00000
vt 0.00000 0.00000
vt 0.00000 0.00000
vt 0.00000 0.00000
vt 0.00000 0.00000
vt 0.00000 0.00000
vt 0.00000 0.00000
vt 0.00000 0.00000
vt 0.00000 0.00000
vt 0.00000 0.00000
vt 0.00000 0.00000
vt 0.00000 0.00000
vt 0.00000 0.00000
vt 0.00000 0.00000
vt 0.00000 0.00000
vt 0.00000 0.00000
vt 0.00000 0.00000
vt 0.00000 0.00000
vt 0.00000 0.00000
vt 0.00000 0.00000
vt 0.00000 0.00000
vt 0.00000 0.00000
vt 0.00000 0.00000
vt 0.00000 0.00000
vt 0.00000 0.00000
vt 0.00000 0.00000
vt 0.00000 0.00000
vt 0.00000 0.00000
vt 0.00000 0.00000
vt 0.00000 0.00000
vt 0.00000 0.00000
vt 0.00000 0.00000
vt 0.00000 0.00000
vt 0.00000 0.00000
vt 0.00000 0.00000
vt 0.00000 0.00000
vt 0.00000 0.00000
vt 0.00000 0.00000
vt 0.00000 0.00000
vt 0.00000 0.00000
vt 0.00000 0.00000
vt 0.00000 0.00000
vt 0.00000 0.00000
vt 0.00000 0.00000
vt 0.00000 0.00000
vt 0.00000 0.00000
vt 0.00000 0.00000
vt 0.00000 0.00000
vt 0.00000 0.00000
vt 0.00000 0.00000
vt 0.00000 0.00000
vt 0.00000 0.00000
vt 0.00000 0.00000
vt 0.00000 0.00000
vt 0.00000 0.00000
vt 0.00000 0.00000
vt 0.00000 0.00000
vt 0.00000 0.00000
vt 0.00000 0.00000
vt 0.00000 0.00000
vt 0.00000 0.00000
vt 0.00000 0.00000
vt 0.00000 0.00000
vt 0.00000 0.00000
vt 0.00000 0.00000
vt 0.00000 0.00000
vt 0.00000 0.00000
vt 0.00000 0.00000
vt 0.00000 0.00000
vt 0.00000 0.00000
vt 0.00000 0.00000
vt 0.00000 0.00000
vt 0.00000 0.00000
vt 0.00000 0.00000
vt 0.00000 0.00000
vt 0.00000 0.00000
vt 0.00000 0.00000
vt 0.00000 0.00000
vt 0.00000 0.00000
vt 0.00000 0.00000
vt 0.00000 0.00000
vt 0.00000 0.00000
vt 0.00000 0.00000
vt 0.00000 0.00000
vt 0.00000 0.00000
vt 0.00000 0.00000
vt 0.00000 0.00000
vt 0.00000 0.00000
vt 0.00000 0.00000
vt 0.00000 0.00000
vt 0.00000 0.00000
vt 0.00000 0.00000
vt 0.00000 0.00000
vt 0.00000 0.00000
vt 0.00000 0.00000
vt 0.00000 0.00000
vt 0.00000 0.00000
vt 0.00000 0.00000
vt 0.00000 0.00000
vt 0.00000 0.00000
vt 0.00000 0.00000
vt 0.00000 0.00000
vt 0.00000 0.00000
vt 0.00000 0.00000
vt 0.00000 0.00000
vt 0.00000 0.00000
vt 0.00000 0.00000
vt 0.00000 0.00000
vt 0.00000 0.00000
vt 0.00000 0.00000
vt 0.00000 0.00000
vt 0.00000 0.00000
vt 0.00000 0.00000
vt 0.00000 0.00000
vt 0.00000 0.00000
vt 0.00000 0.00000
vt 0.00000 0.00000
vt 0.00000 0.00000
vt 0.00000 0.00000
vt 0.00000 0.00000
vt 0.00000 0.00000
vt 0.00000 0.00000
vt 0.00000 0.00000
vt 0.00000 0.00000
vt 0.00000 0.00000
vt 0.00000 0.00000
vt 0.00000 0.00000
vt 0.00000 0.00000
vt 0.00000 0.00000
vt 0.00000 0.00000
vt 0.00000 0.00000
vt 0.00000 0.00000
vt 0.00000 0.00000
vt 0.00000 0.00000
vt 0.00000 0.00000
vt 0.00000 0.00000
vt 0.00000 0.00000
vt 0.00000 0.00000
vt 0.00000 0.00000
vt 0.00000 0.00000
vt 0.00000 0.00000
vt 0.00000 0.00000
vt 0.00000 0.00000
vt 0.00000 0.00000
vt 0.00000 0.00000
vt 0.00000 0.00000
vt 0.00000 0.00000
vt 0.00000 0.00000
vt 0.00000 0.00000
vt 0.00000 0.00000
vt 0.00000 0.00000
vt 0.00000 0.00000
vt 0.00000 0.00000
vt 0.00000 0.00000
vt 0.00000 0.00000
vt 0.00000 0.00000
vt 0.00000 0.00000
vt 0.00000 0.00000
vt 0.00000 0.00000
vt 0.00000 0.00000
vt 0.00000 0.00000
vt 0.00000 0.00000
vt 0.00000 0.00000
vt 0.00000 0.00000
vt 0.00000 0.00000
vt 0.00000 0.00000
vt 0.00000 0.00000
vt 0.00000 0.00000
vt 0.00000 0.00000
vt 0.00000 0.00000
vt 0.00000 0.00000
vt 0.00000 0.00000
vt 0.00000 0.00000
vt 0.00000 0.00000
vt 0.00000 0.00000
vt 0.00000 0.00000
vt 0.00000 0.00000
vt 0.00000 0.00000
vt 0.00000 0.00000
vt 0.00000 0.00000
vt 0.00000 0.00000
vt 0.00000 0.00000
vt 0.00000 0.00000
vt 0.00000 0.00000
vt 0.00000 0.00000
vt 0.00000 0.00000
vt 0.00000 0.00000
vt 0.00000 0.00000
vt 0.00000 0.00000
vt 0.00000 0.00000
vt 0.00000 0.00000
vt 0.00000 0.00000
vt 0.00000 0.00000
vt 0.00000 0.00000
vt 0.00000 0.00000
vt 0.00000 0.00000
vt 0.00000 0.00000
vt 0.00000 0.00000
vt 0.00000 0.00000
vt 0.00000 0.00000
vt 0.00000 0.00000
vt 0.00000 0.00000
vt 0.00000 0.00000
vt 0.00000 0.00000
vt 0.00000 0.00000
vt 0.00000 0.00000
vt 0.00000 0.00000
vt 0.00000 0.00000
vt 0.00000 0.00000
vt 0.00000 0.00000
vt 0.00000 0.00000
vt 0.00000 0.00000
vt 0.00000 0.00000
vt 0.00000 0.00000
vt 0.00000 0.00000
vt 0.00000 0.00000
vt 0.00000 0.00000
vt 0.00000 0.00000
vt 0.00000 0.00000
vt 0.00000 0.00000
vt 0.00000 0.00000
vt 0.00000 0.00000
vt 0.00000 0.00000
vt 0.00000 0.00000
vt 0.00000 0.00000
vt 0.00000 0.00000
vt 0.00000 0.00000
vt 0.00000 0.00000
vt 0.00000 0.00000
vt 0.00000 0.00000
vt 0.00000 0.00000
vt 0.00000 0.00000
vt 0.00000 0.00000
vt 0.00000 0.00000
vt 0.00000 0.00000
vt 0.00000 0.00000
vt 0.00000 0.00000
vt 0.00000 0.00000
vt 0.00000 0.00000
vt 0.00000 0.00000
vt 0.00000 0.00000
vt 0.00000 0.00000
vt 0.00000 0.00000
vt 0.00000 0.00000
vt 0.00000 0.00000
vn -0.99230 -0.12387 0.00000
vn -0.99230 -0.12387 0.00000
vn -0.99230 -0.12387 0.00000
vn -0.99230 -0.12387 0.00000
vn 0.93647 0.35074 -0.00000
vn 0.93647 0.35074 -0.00000
vn 0.93647 0.35074 -0.00000
vn 0.93647 0.35074 -0.00000
vn 0.99230 -0.12387 0.00000
vn 0.99230 -0.12387 0.00000
vn 0.99230 -0.12387 0.00000
vn 0.99230 -0.12387 0.00000
vn -0.81996 -0.57243 0.00000
vn -0.81996 -0.57243 0.00000
vn -0.81996 -0.57243 0.00000
vn -0.81996 -0.57243 0.00000
vn 0.33237 -0.94315 0.00000
vn 0.33237 -0.94315 0.00000
vn 0.33237 -0.94315 0.00000
vn 0.33237 -0.94315 0.00000
vn 0.00000 1.00000 -0.00000
vn 0.00000 1.00000 -0.00000
vn 0.00000 1.00000 -0.00000
vn 0.00000 1.00000 -0.00000
vn 0.00000 -1.00000 0.00000
vn 0.00000 -1.00000 0.00000
vn 0.00000 -1.00000 0.00000
vn 0.00000 -1.00000 0.00000
vn 0.96613 -0.25804 0.00000
vn 0.96613 -0.25804 0.00000
vn 0.96613 -0.25804 0.00000
vn 0.96613 -0.25804 0.00000
vn -0.33237 -0.94315 0.00000
vn -0.33237 -0.94315 0.00000
vn -0.33237 -0.94315 0.00000
vn -0.33237 -0.94315 0.00000
vn 0.81996 -0.57243 0.00000
vn 0.81996 -0.57243 0.00000
vn 0.81996 -0.57243 0.00000
vn 0.81996 -0.57243 0.00000
vn 0.00000 -0.00000 1.00000
vn 0.00000 -0.00000 1.00000
vn 0.00000 -0.00000 1.00000
vn 0.00000 -0.00000 1.00000
vn 0.00000 -0.00000 1.00000
vn 0.00000 -0.00000 1.00000
vn 0.00000 -0.00000 1.00000
vn 0.00000 -0.00000 1.00000
vn 0.00000 -0.00000 1.00000
vn 0.00000 -0.00000 1.00000
vn 0.00000 -0.00000 1.00000
vn 0.00000 -0.00000 1.00000
vn 0.00000 0.00000 1.00000
vn 0.00000 0.00000 1.00000
vn 0.00000 0.00000 1.00000
vn 0.00000 -0.00000 1.00000
vn 0.00000 -0.00000 1.00000
vn 0.00000 0.00000 1.00000
vn 0.00000 0.00000 1.00000
vn 0.00000 0.00000 1.00000
vn 0.00000 0.00000 1.00000
vn 0.00000 0.00000 1.00000
vn 0.00000 0.00000 1.00000
vn 0.00000 0.00000 1.00000
vn 0.00000 0.00000 1.00000
vn 0.00000 0.00000 1.00000
vn 0.00000 -0.00000 1.00000
vn 0.00000 0.00000 1.00000
vn 0.00000 -0.00000 1.00000
vn 0.00000 -0.00000 1.00000
vn 0.00000 0.00000 1.00000
vn 0.00000 0.00000 1.00000
vn -0.93647 0.35074 -0.00000
vn -0.93647 0.35074 -0.00000
vn -0.93647 0.35074 -0.00000
vn -0.93647 0.35074 -0.00000
vn 0.00000 -0.00000 1.00000
vn 0.00000 -0.00000 1.00000
vn 0.00000 0.00000 1.00000
vn 0.99230 0.12387 -0.00000
vn 0.99230 0.12387 -0.00000
vn 0.99230 0.12387 -0.00000
vn 0.99230 0.12387 -0.00000
vn 0.81995 0.57243 -0.00000
vn 0.81995 0.57243 -0.00000
vn 0.81995 0.57243 -0.00000
vn 0.81995 0.57243 -0.00000
vn 0.33236 0.94315 -0.00000
vn 0.33236 0.94315 -0.00000
vn 0.33236 0.94315 -0.00000
vn 0.33236 0.94315 -0.00000
vn -0.99230 0.12387 -0.00000
vn -0.99230 0.12387 -0.00000
vn -0.99230 0.12387 -0.00000
vn -0.99230 0.12387 -0.00000
vn -0.81995 0.57243 -0.00000
vn -0.81995 0.57243 -0.00000
vn -0.81995 0.57243 -0.00000
vn -0.81995 0.57243 -0.00000
vn -0.33236 0.94315 -0.00000
vn -0.33236 0.94315 -0.00000
vn -0.33236 0.94315 -0.00000
vn -0.33236 0.94315 -0.00000
vn -0.96710 0.25442 -0.00000
vn -0.96710 0.25442 -0.00000
vn -0.96710 0.25442 -0.00000
vn -0.96710 0.25442 -0.00000
vn 0.00000 -0.00000 -1.00000
vn 0.00000 -0.00000 -1.00000
vn 0.00000 -0.00000 -1.00000
vn 0.00000 -0.00000 -1.00000
vn 0.96710 0.25442 -0.00000
vn 0.96710 0.25442 -0.00000
vn 0.96710 0.25442 -0.00000
vn 0.96710 0.25442 -0.00000
vn 0.00000 0.00000 1.00000
vn 0.00000 0.12798 -0.99178
vn 0.00000 0.12798 -0.99178
vn 0.00000 0.12798 -0.99178
vn 0.00000 0.12798 -0.99178
vn 0.00000 0.12798 -0.99178
vn 0.00000 0.12798 -0.99178
vn 0.00000 0.12798 -0.99178
vn 0.00000 0.12798 -0.99178
vn 0.00000 0.12798 -0.99178
vn 0.00000 0.12798 -0.99178
vn 0.00000 -1.00000 0.00000
vn 0.00000 -1.00000 0.00000
vn 0.00000 -1.00000 0.00000
vn 0.00000 -1.00000 0.00000
vn -0.98311 -0.18303 0.00000
vn -0.98311 -0.18303 0.00000
vn -0.98311 -0.18303 0.00000
vn -0.98311 -0.18303 0.00000
vn -0.96613 -0.25804 0.00000
vn -0.96613 -0.25804 0.00000
vn -0.96613 -0.25804 0.00000
vn -0.96613 -0.25804 0.00000
vn 0.98311 -0.18303 0.00000
vn 0.98311 -0.18303 0.00000
vn 0.98311 -0.18303 0.00000
vn 0.98311 -0.18303 0.00000
vn 0.00000 1.00000 -0.00000
vn 0.00000 1.00000 -0.00000
vn 0.00000 1.00000 -0.00000
vn 0.00000 1.00000 -0.00000
vn -0.01382 -0.15496 0.98782
vn -0.01382 -0.15496 0.98782
vn -0.01382 -0.15496 0.98782
vn -0.01382 -0.15496 0.98782
vn 0.00468 0.20852 -0.97801
vn 0.00468 0.20852 -0.97801
vn 0.00468 0.20852 -0.97801
vn 0.00468 0.20852 -0.97801
vn 0.95201 0.30585 0.01130
vn 0.95201 0.30585 0.01130
vn 0.95201 0.30585 0.01130
vn 0.95201 0.30585 0.01130
vn 0.00297 0.20706 -0.97832
vn 0.00297 0.20706 -0.97832
vn 0.00297 0.20706 -0.97832
vn 0.00297 0.20706 -0.97832
vn 0.08501 0.20518 -0.97502
vn 0.08501 0.20518 -0.97502
vn 0.08501 0.20518 -0.97502
vn 0.08501 0.20518 -0.97502
vn -0.95165 0.30717 -0.00000
vn -0.95165 0.30717 -0.00000
vn -0.95165 0.30717 -0.00000
vn -0.95165 0.30717 -0.00000
vn 0.06926 0.99757 -0.00792
vn 0.06926 0.99757 -0.00792
vn 0.06926 0.99757 -0.00792
vn 0.06926 0.99757 -0.00792
vn -0.09208 0.99466 0.04655
vn -0.09208 0.99466 0.04655
vn -0.09208 0.99466 0.04655
vn -0.09208 0.99466 0.04655
vn -0.00205 1.00000 0.00181
vn -0.00205 1.00000 0.00181
vn -0.00205 1.00000 0.00181
vn -0.00205 1.00000 0.00181
vn -0.00225 0.99994 0.01059
vn -0.00225 0.99994 0.01059
vn -0.00225 0.99994 0.01059
vn -0.00225 0.99994 0.01059
vn -0.00292 0.99999 0.00314
vn 0.00000 0.99998 0.00621
vn 0.00000 0.99998 0.00621
vn -0.00305 0.99999 0.00301
vn -0.00569 0.99998 -0.00022
vn -0.00570 0.99998 -0.00021
vn -0.00549 0.99998 -0.00044
vn -0.00549 0.99998 -0.00044
vn -0.00350 0.99998 0.00529
vn -0.00242 0.99996 0.00824
vn -0.00241 0.99996 0.00828
vn 0.00000 0.99998 0.00621
vn 0.00000 0.18766 0.98223
vn 0.00000 0.18766 0.98223
vn 0.00000 0.18766 0.98223
vn 0.00000 0.18766 0.98223
vn 0.00000 0.18766 0.98223
vn 0.00000 0.18766 0.98223
vn 0.00000 0.18766 0.98223
vn 0.00000 0.18766 0.98223
vn -0.04294 0.21333 -0.97604
vn -0.04294 0.21333 -0.97604
vn -0.04294 0.21333 -0.97604
vn -0.04294 0.21333 -0.97604
vn 0.00000 0.18766 0.98223
vn 0.00000 0.18766 0.98223
vn 0.00000 -0.13724 -0.99054
vn 0.00000 -0.13724 -0.99054
vn 0.00000 -0.13724 -0.99054
vn 0.00000 -0.13724 -0.99054
vn 0.00000 -0.13724 -0.99054
vn 0.00047 -0.13796 -0.99044
vn 0.00049 -0.13799 -0.99043
vn -0.08618 -0.16062 0.98325
vn -0.08618 -0.16062 0.98325
vn -0.08618 -0.16062 0.98325
vn -0.08618 -0.16062 0.98325
vn 0.00992 -0.13689 0.99054
vn 0.00992 -0.13689 0.99054
vn 0.00992 -0.13689 0.99054
vn 0.00992 -0.13689 0.99054
vn -0.00480 -0.12076 0.99267
vn -0.00480 -0.12076 0.99267
vn -0.00480 -0.12076 0.99267
vn -0.00480 -0.12076 0.99267
vn -0.15011 -0.98850 0.01823
vn -0.15011 -0.98850 0.01823
vn -0.15011 -0.98850 0.01823
vn -0.15011 -0.98850 0.01823
vn 0.14274 -0.98961 0.01733
vn 0.14274 -0.98961 0.01733
vn 0.14274 -0.98961 0.01733
vn 0.14274 -0.98961 0.01733
vn 0.00000 -1.00000 0.00000
vn 0.00000 -1.00000 0.00000
vn 0.00000 -1.00000 0.00000
vn 0.00000 -1.00000 0.00000
vn -0.17998 0.98161 0.06369
vn -0.17998 0.98161 0.06369
vn -0.17998 0.98161 0.06369
vn -0.17998 0.98161 0.06369
vn -0.00350 0.99998 0.00529
vn -0.00068 0.99996 0.00872
vn -0.00067 0.99996 0.00870
vn 0.00000 0.99998 0.00621
vn 0.00000 0.99998 0.00621
vn 0.00000 0.99998 0.00621
vn -0.06576 -0.27360 0.95959
vn -0.06576 -0.27360 0.95959
vn -0.06576 -0.27360 0.95959
vn -0.06576 -0.27360 0.95959
vn 0.06140 -0.26890 0.96121
vn 0.06140 -0.26890 0.96121
vn 0.06140 -0.26890 0.96121
vn 0.06140 -0.26890 0.96121
vn 0.00000 -0.20194 0.97940
vn 0.00000 -0.20194 0.97940
vn 0.00000 -0.20194 0.97940
vn 0.00000 -0.20194 0.97940
vn 0.00000 -0.94228 0.33482
vn 0.00000 -0.94228 0.33482
vn 0.00000 -0.94228 0.33482
vn 0.00000 -0.94228 0.33482
vn 0.00000 -0.94228 0.33482
vn 0.00000 -0.94228 0.33482
vn 0.00000 -0.18376 -0.98297
vn 0.00000 -0.18376 -0.98297
vn 0.00000 -0.18376 -0.98297
vn 0.00000 -0.18376 -0.98297
vn 0.00000 -0.18376 -0.98297
vn 0.00000 -0.18376 -0.98297
vn 0.00000 -0.18376 -0.98297
vn 0.00000 -0.18376 -0.98297
vn 0.00141 -0.16496 0.98630
vn 0.00143 -0.16518 0.98626
vn -0.00633 -0.15958 0.98716
vn 0.00021 -0.16568 0.98618
vn 0.00101 -0.16589 0.98614
vn 0.00021 -0.16568 0.98618
vn 0.00000 0.99521 0.09778
vn 0.00000 0.99521 0.09778
vn 0.00000 0.99521 0.09778
vn 0.00000 0.99521 0.09778
vn 0.00000 0.99521 0.09778
vn 0.00000 0.99521 0.09778
vn -0.13567 -0.93602 0.32474
vn -0.13567 -0.93602 0.32474
vn -0.13567 -0.93602 0.32474
vn -0.13567 -0.93602 0.32474
vn 0.01310 -0.89602 -0.44381
vn 0.01310 -0.89602 -0.44381
vn 0.01310 -0.89602 -0.44381
vn 0.01310 -0.89602 -0.44381
vn 0.00269 -0.93368 -0.35809
vn 0.00269 -0.93368 -0.35809
vn 0.00269 -0.93368 -0.35809
vn 0.00269 -0.93368 -0.35809
vn 0.00000 -0.16055 -0.98703
vn 0.00000 -0.16055 -0.98703
vn 0.00000 -0.16055 -0.98703
vn 0.00000 -0.16055 -0.98703
vn 0.00000 -0.16055 -0.98703
vn 0.00000 -0.16055 -0.98703
vn 0.00000 -0.16055 -0.98703
vn 0.00000 0.99486 -0.10122
vn 0.00000 0.99486 -0.10122
vn 0.00000 0.99486 -0.10122
vn -0.00000 0.99486 -0.10122
vn -0.00000 0.99486 -0.10122
vn -0.00000 0.99486 -0.10122
vn -0.00000 0.99486 -0.10122
vn 0.00000 -0.16055 -0.98703
vn 0.00000 -0.16055 -0.98703
vn 0.00000 -0.16055 -0.98703
vn 0.00000 -0.16055 -0.98703
vn 0.00000 -0.16055 -0.98703
vn 0.00000 -0.16055 -0.98703
vn 0.00000 -0.16055 -0.98703
vn 0.00000 -0.16055 -0.98703
vn 0.00000 -0.16055 -0.98703
vn 0.00000 -0.16055 0.98703
vn -0.00000 -0.16055 0.98703
vn 0.00000 -0.16055 0.98703
vn 0.00000 -0.16055 0.98703
vn 0.00000 -0.16055 0.98703
vn 0.00045 -0.15611 0.98774
vn 0.00055 -0.16217 0.98676
vn 0.00019 -0.14998 0.98869
vn 0.00001 -0.15975 0.98716
vn -0.00000 -0.16055 0.98703
vn 0.00075 -0.15762 0.98750
vn -0.00000 -0.16055 0.98703
vn 0.00182 -0.16284 0.98665
vn 0.00048 -0.15908 0.98727
vn 0.00000 -0.16055 0.98703
vn 0.00000 -0.16055 -0.98703
vn 0.00000 -0.16055 -0.98703
vn 0.00000 -0.16055 -0.98703
vn -0.02716 0.16368 -0.98614
vn -0.03005 0.16334 -0.98611
vn -0.02727 0.16366 -0.98614
vn 0.94817 -0.07986 0.30758
vn 0.94817 -0.07986 0.30758
vn 0.94817 -0.07986 0.30758
vn 0.94817 -0.07986 0.30758
vn -0.05860 -0.07215 -0.99567
vn -0.05860 -0.07215 -0.99567
vn -0.05860 -0.07215 -0.99567
vn -0.05860 -0.07215 -0.99567
vn 0.99394 -0.10989 0.00142
vn 0.99395 -0.10983 0.00183
vn 0.99395 -0.10984 0.00175
vn -0.99376 -0.11121 0.00808
vn -0.99376 -0.11121 0.00808
vn -0.99376 -0.11121 0.00808
vn -0.99376 -0.11121 0.00808
vn -0.98554 -0.15771 -0.06198
vn -0.98554 -0.15771 -0.06198
vn -0.98554 -0.15771 -0.06198
vn -0.98554 -0.15771 -0.06198
vn 0.04002 -0.20665 0.97760
vn 0.04002 -0.20665 0.97760
vn 0.04002 -0.20665 0.97760
vn 0.04002 -0.20665 0.97760
vn 0.02237 -0.11907 0.99263
vn 0.02237 -0.11907 0.99263
vn 0.02237 -0.11907 0.99263
vn 0.02237 -0.11907 0.99263
vn -0.93207 -0.11542 0.34339
vn -0.93207 -0.11542 0.34339
vn -0.93207 -0.11542 0.34339
vn -0.93207 -0.11542 0.34339
vn 0.99395 -0.10983 -0.00183
vn 0.99397 -0.10963 -0.00311
vn 0.99396 -0.10975 -0.00232
vn 0.99394 -0.10989 -0.00142
vn 0.99394 -0.10989 -0.00142
vn 0.99395 -0.10984 -0.00175
vn 0.99363 -0.11271 -0.00013
vn 0.99393 -0.10997 -0.00298
vn -0.91616 0.31530 -0.24746
vn -0.91616 0.31530 -0.24746
vn -0.91616 0.31530 -0.24746
vn -0.91616 0.31530 -0.24746
vn -0.89111 0.16475 0.42283
vn -0.89111 0.16475 0.42283
vn -0.89111 0.16475 0.42283
vn -0.89111 0.16475 0.42283
vn 0.00432 -0.13878 0.99031
vn 0.00629 -0.13901 0.99027
vn 0.00432 -0.13878 0.99031
vn 0.02790 -0.17284 0.98455
vn 0.02790 -0.17284 0.98455
vn 0.02790 -0.17284 0.98455
vn 0.02790 -0.17284 0.98455
vn 0.04160 -0.05767 0.99747
vn 0.04160 -0.05767 0.99747
vn 0.04160 -0.05767 0.99747
vn 0.04160 -0.05767 0.99747
vn -0.00349 -0.09830 0.99515
vn -0.00349 -0.09830 0.99515
vn -0.00349 -0.09830 0.99515
vn -0.00349 -0.09830 0.99515
vn -0.99493 -0.08038 -0.06039
vn -0.99493 -0.08038 -0.06039
vn -0.99493 -0.08038 -0.06039
vn -0.99493 -0.08038 -0.06039
vn -0.99380 -0.11096 -0.00635
vn -0.99380 -0.11096 -0.00635
vn -0.99380 -0.11096 -0.00635
vn -0.99380 -0.11096 -0.00635
vn -0.99670 -0.07150 -0.03848
vn -0.99670 -0.07150 -0.03848
vn -0.99670 -0.07150 -0.03848
vn -0.99670 -0.07150 -0.03848
vn 0.02555 0.16387 -0.98615
vn 0.02774 0.16361 -0.98614
vn 0.03359 0.16291 -0.98607
vn 0.02545 0.16388 -0.98615
vn 0.02001 0.16452 -0.98617
vn 0.01996 0.16452 -0.98617
vn 0.01659 0.16492 -0.98617
vn 0.01659 0.16492 -0.98617
vn 0.99394 -0.10989 0.00142
vn 0.99397 -0.10963 0.00311
vn 0.99209 -0.12456 -0.01532
vn 0.99209 -0.12456 -0.01532
vn 0.99209 -0.12456 -0.01532
vn 0.99209 -0.12456 -0.01532
vn -0.06186 -0.21819 -0.97394
vn -0.06186 -0.21819 -0.97394
vn -0.06186 -0.21819 -0.97394
vn -0.06186 -0.21819 -0.97394
vn -0.00308 -0.15415 -0.98804
vn -0.00308 -0.15415 -0.98804
vn -0.00308 -0.15415 -0.98804
vn -0.00308 -0.15415 -0.98804
vn -0.00564 -0.13813 -0.99040
vn -0.00547 -0.13815 -0.99040
vn -0.00667 -0.13800 -0.99041
vn -0.00139 -0.13863 -0.99034
vn -0.00401 -0.13832 -0.99038
vn -0.00667 -0.13800 -0.99041
vn -0.00047 -0.13796 -0.99044
vn -0.00049 -0.13799 -0.99043
vn -0.00000 -0.16055 0.98703
vn 0.00023 -0.15974 0.98716
vn 0.00043 -0.15918 0.98725
vn -0.00000 -0.16055 0.98703
vn 0.90967 0.22580 0.34859
vn 0.90967 0.22580 0.34859
vn 0.90967 0.22580 0.34859
vn 0.90967 0.22580 0.34859
vn 0.98494 0.13082 0.11306
vn 0.98494 0.13082 0.11306
vn 0.98494 0.13082 0.11306
vn 0.98494 0.13082 0.11306
vn -0.99241 -0.12300 -0.00000
vn -0.99241 -0.12300 -0.00000
vn -0.99241 -0.12300 -0.00000
vn -0.99241 -0.12300 0.00000
vn -0.99241 -0.12300 -0.00000
vn -0.99241 -0.12300 -0.00000
vn -0.99241 -0.12300 -0.00000
vn -0.02512 0.16392 0.98615
vn -0.03005 0.16334 0.98611
vn -0.02503 0.16393 0.98615
vn -0.02727 0.16367 0.98614
vn -0.01967 0.16456 0.98617
vn -0.01963 0.16456 0.98617
vn -0.01632 0.16495 0.98617
vn -0.01632 0.16495 0.98617
vn -0.13428 0.21313 -0.96775
vn -0.13428 0.21313 -0.96775
vn -0.13428 0.21313 -0.96775
vn -0.13428 0.21313 -0.96775
vn -0.02716 0.16368 -0.98614
vn -0.03313 0.16297 -0.98607
vn -0.03313 0.16297 -0.98607
vn 0.00000 -0.16055 -0.98703
vn 0.00000 -0.16055 -0.98703
vn 0.00000 -0.16055 -0.98703
vn 0.00000 -0.16055 -0.98703
vn 0.99141 0.12744 -0.02943
vn 0.99146 0.12874 -0.02095
vn 0.99146 0.12875 -0.02087
vn 0.99143 0.12781 -0.02706
vn 0.99129 0.12614 -0.03784
vn 0.99141 0.12738 -0.02980
vn 0.99146 0.12927 -0.01744
vn 0.99146 0.12927 -0.01744
vn -0.99141 0.12744 -0.02943
vn -0.99146 0.12874 -0.02095
vn -0.99143 0.12781 -0.02706
vn -0.99146 0.12875 -0.02087
vn -0.99129 0.12614 -0.03784
vn -0.99141 0.12738 -0.02980
vn -0.99129 0.12610 -0.03810
vn -0.99129 0.12610 -0.03810
vn 0.99241 -0.12300 0.00000
vn 0.99241 -0.12300 0.00000
vn 0.99241 -0.12300 0.00000
vn 0.99241 -0.12300 0.00000
vn 0.99241 -0.12300 0.00000
vn 0.99241 -0.12300 0.00000
vn 0.99241 -0.12300 0.00000
vn 0.02555 0.16387 0.98615
vn 0.03359 0.16291 0.98607
vn 0.02779 0.16360 0.98614
vn 0.02545 0.16388 0.98615
vn 0.02001 0.16452 0.98617
vn 0.01996 0.16452 0.98617
vn 0.03369 0.16290 0.98607
vn 0.03369 0.16290 0.98607
vn 0.01659 0.16492 0.98617
vn 0.01659 0.16492 0.98617
vn -0.07129 -0.99746 0.00000
vn -0.07129 -0.99746 0.00000
vn -0.07129 -0.99746 0.00000
vn -0.07129 -0.99746 0.00000
vn 0.22511 0.97433 -0.00000
vn 0.22511 0.97433 -0.00000
vn 0.22511 0.97433 -0.00000
vn 0.22511 0.97433 -0.00000
vn 0.99241 -0.12300 0.00000
vn 0.99241 -0.12300 0.00000
vn 0.99241 -0.12300 0.00000
vn 0.00000 0.99486 -0.10122
vn 0.00000 0.99486 -0.10122
vn 0.00000 0.99486 -0.10122
vn -0.99146 0.12927 -0.01744
vn -0.99146 0.12927 -0.01744
vn 0.99129 0.12610 -0.03810
vn 0.99129 0.12610 -0.03810
vn 0.00000 -0.16055 -0.98703
vn 0.00000 -0.16055 -0.98703
vn -0.12582 0.11737 -0.98509
vn -0.12582 0.11737 -0.98509
vn -0.12582 0.11737 -0.98509
vn -0.12582 0.11737 -0.98509
vn -0.03313 0.16297 0.98607
vn -0.03313 0.16297 0.98607
vn -0.22147 0.97517 -0.00000
vn -0.22147 0.97517 -0.00000
vn -0.22147 0.97517 -0.00000
vn -0.22147 0.97517 -0.00000
vn -0.99241 -0.12300 0.00000
vn -0.99241 -0.12300 0.00000
vn -0.99241 -0.12300 0.00000
vn 0.02548 -0.98405 -0.17604
vn 0.02548 -0.98405 -0.17604
vn 0.02548 -0.98405 -0.17604
vn 0.02548 -0.98405 -0.17604
vn 0.99145 0.12937 0.01687
vn 0.99145 0.12937 0.01687
vn 0.99145 0.12937 0.01687
vn 0.99145 0.12937 0.01687
vn -0.00000 0.99521 0.09778
vn -0.00000 0.99521 0.09778
vn -0.00000 0.99521 0.09778
vn -0.00000 0.99521 0.09778
vn 0.00030 -0.16145 0.98688
vn 0.00000 -0.18376 -0.98297
vn 0.00000 -0.18376 -0.98297
vn 0.00308 -0.15415 -0.98804
vn 0.00308 -0.15415 -0.98804
vn 0.00308 -0.15415 -0.98804
vn 0.00308 -0.15415 -0.98804
vn 0.00094 -0.13868 -0.99034
vn 0.00094 -0.13868 -0.99034
vn 0.00000 -0.94228 0.33482
vn 0.00000 -0.94228 0.33482
vn 0.00000 -0.94228 0.33482
vn 0.00000 -0.94228 0.33482
vn 0.99396 -0.10975 0.00232
vn 0.99393 -0.10997 0.00298
vn 0.99363 -0.11271 0.00013
vn 0.98672 -0.16241 0.00000
vn 0.98672 -0.16241 0.00000
vn 0.98672 -0.16241 0.00000
vn 0.98672 -0.16241 0.00000
vn 0.03369 0.16290 -0.98607
vn 0.03369 0.16290 -0.98607
vn -0.98837 -0.14258 -0.05296
vn -0.98837 -0.14258 -0.05296
vn -0.98837 -0.14258 -0.05296
vn -0.98837 -0.14258 -0.05296
vn -0.99172 -0.12602 -0.02487
vn -0.99172 -0.12602 -0.02487
vn -0.99172 -0.12602 -0.02487
vn -0.99172 -0.12602 -0.02487
vn -0.98495 -0.17283 0.00000
vn -0.98495 -0.17283 0.00000
vn -0.98495 -0.17283 0.00000
vn -0.98495 -0.17283 0.00000
vn 0.07008 -0.99754 0.00000
vn 0.07008 -0.99754 0.00000
vn 0.07008 -0.99754 0.00000
vn 0.07008 -0.99754 0.00000
vn 0.00000 -0.20194 0.97940
vn 0.00000 -0.20194 0.97940
vn 0.00000 -0.20194 0.97940
vn 0.00000 -0.20194 0.97940
vn -0.99172 -0.12602 0.02487
vn -0.99172 -0.12602 0.02487
vn -0.99172 -0.12602 0.02487
vn -0.99172 -0.12602 0.02487
vn 0.00454 -0.13880 0.99031
vn 0.00657 -0.13904 0.99026
vn 0.00657 -0.13904 0.99026
vn -0.94456 0.09583 -0.31405
vn -0.94456 0.09583 -0.31405
vn -0.94456 0.09583 -0.31405
vn -0.94456 0.09583 -0.31405
vn 0.13792 0.99044 -0.00388
vn 0.13792 0.99044 -0.00388
vn 0.13792 0.99044 -0.00388
vn 0.13792 0.99044 -0.00388
vn 0.00000 -1.00000 0.00000
vn 0.00000 -1.00000 0.00000
vn 0.00000 -1.00000 0.00000
vn 0.00000 -1.00000 0.00000
vn 0.00248 -0.11732 0.99309
vn 0.00248 -0.11732 0.99309
vn 0.00248 -0.11732 0.99309
vn 0.00248 -0.11732 0.99309
vn 0.99209 -0.12456 0.01532
vn 0.99209 -0.12456 0.01532
vn 0.99209 -0.12456 0.01532
vn 0.99209 -0.12456 0.01532
vn 0.00000 -0.13724 -0.99054
vn -0.98986 -0.14195 -0.00498
vn -0.98986 -0.14195 -0.00498
vn -0.98986 -0.14195 -0.00498
vn -0.98986 -0.14195 -0.00498
vn 0.23251 0.95861 0.16433
vn 0.23251 0.95861 0.16433
vn 0.23251 0.95861 0.16433
vn 0.23251 0.95861 0.16433
vn 0.27748 -0.27548 0.92039
vn 0.27748 -0.27548 0.92039
vn 0.27748 -0.27548 0.92039
vn 0.27748 -0.27548 0.92039
vn -0.00000 0.98639 0.16440
vn -0.00000 0.98639 0.16440
vn -0.00000 0.98639 0.16440
vn -0.00000 0.98639 0.16440
vn 0.00061 0.98463 0.17466
vn 0.00061 0.98463 0.17466
vn 0.00061 0.98463 0.17466
vn 0.00061 0.98463 0.17466
vn -0.02754 -0.15865 0.98695
vn -0.02754 -0.15865 0.98695
vn -0.02754 -0.15865 0.98695
vn -0.02754 -0.15865 0.98695
vn 0.00000 -0.16440 0.98639
vn 0.00000 -0.16440 0.98639
vn 0.00000 -0.16440 0.98639
vn -0.00000 0.98639 0.16440
vn -0.00000 0.98639 0.16440
vn -0.00000 0.98639 0.16440
vn 0.00000 -0.16440 0.98639
vn 0.00000 -0.16440 0.98639
vn 0.00000 -0.16440 0.98639
vn 0.03897 -0.98564 -0.16428
vn 0.03897 -0.98564 -0.16428
vn 0.03897 -0.98564 -0.16428
vn 0.03897 -0.98564 -0.16428
vn 0.00669 -0.98458 -0.17483
vn 0.00687 -0.98457 -0.17484
vn 0.00030 -0.98632 -0.16485
vn -0.00069 -0.98463 -0.17466
vn -0.00069 -0.98463 -0.17466
vn 0.23531 -0.95870 -0.15978
vn 0.23531 -0.95870 -0.15978
vn 0.23531 -0.95870 -0.15978
vn 0.23531 -0.95870 -0.15978
vn 0.00000 -0.98639 -0.16440
vn 0.00000 -0.98639 -0.16440
vn 0.00000 -0.98639 -0.16440
vn 0.00000 -0.98639 -0.16440
vn 0.00000 -0.98639 -0.16440
vn 0.00000 -0.98639 -0.16440
vn 0.00000 -0.98639 -0.16440
vn 0.00000 -0.98639 -0.16440
vn 0.00000 -0.16440 0.98639
vn 0.00000 -0.16440 0.98639
vn 0.00000 -0.16440 0.98639
vn 0.00000 -0.16440 0.98639
vn 0.00000 -0.16440 0.98639
vn 0.00000 -0.16440 0.98639
vn 0.00000 -0.16440 0.98639
vn 0.00000 -0.16440 0.98639
vn 0.00000 -0.98639 -0.16440
vn 0.00000 -0.98639 -0.16440
vn 0.00000 -0.98639 -0.16440
vn -0.02691 0.98604 0.16434
vn -0.02691 0.98604 0.16434
vn -0.02691 0.98604 0.16434
vn -0.02691 0.98604 0.16434
vn 0.00000 -0.98639 -0.16440
vn 0.00507 -0.98638 -0.16440
vn 0.10916 0.98050 0.16342
vn 0.10916 0.98050 0.16342
vn 0.10916 0.98050 0.16342
vn 0.10916 0.98050 0.16342
vn 0.00000 -0.16440 0.98639
vn 0.00000 -0.16440 0.98639
vn 0.00000 -0.16440 0.98639
vn -0.00000 0.98639 0.16440
vn -0.00000 0.98639 0.16440
vn -0.00000 0.98639 0.16440
vn -0.00000 0.98639 0.16440
vn -0.00000 0.98639 0.16440
vn 0.00000 0.98639 0.16440
vn -0.00000 0.98639 0.16440
vn -0.00000 0.98639 0.16440
vn -0.00000 0.98639 0.16440
vn -0.23531 0.95870 0.15978
vn -0.23531 0.95870 0.15978
vn -0.23531 0.95870 0.15978
vn -0.23531 0.95870 0.15978
vn 0.00000 -0.16440 0.98639
vn 0.00000 -0.16440 0.98639
vn 0.00000 -0.16440 0.98639
vn 0.00000 0.98639 0.16440
vn 0.00000 0.98639 0.16440
vn 0.00000 0.98639 0.16440
vn 0.00000 0.98639 0.16440
vn 0.00000 -0.16440 0.98639
vn 0.00000 -0.16440 0.98639
vn 0.00000 0.98639 0.16440
vn 0.00000 0.98639 0.16440
vn -0.00000 0.98639 0.16440
vn -0.01799 -0.98623 -0.16438
vn -0.01799 -0.98623 -0.16438
vn -0.01799 -0.98623 -0.16438
vn -0.01799 -0.98623 -0.16438
vn 0.00000 -0.16440 0.98639
vn 0.00000 -0.16440 0.98639
vn 0.00000 -0.16440 0.98639
vn 0.00000 -0.98639 -0.16440
vn 0.00000 -0.98639 -0.16440
vn 0.00000 -0.98639 -0.16440
vn 0.00349 -0.98550 -0.16962
vn 0.00000 -0.98639 -0.16440
vn 0.00000 -0.98639 -0.16440
vn 0.00000 -0.98639 -0.16440
vn -0.23531 -0.95869 -0.15979
vn -0.23531 -0.95869 -0.15979
vn -0.23531 -0.95869 -0.15979
vn -0.23531 -0.95869 -0.15979
vn 0.00000 -0.16440 0.98639
vn 0.00000 -0.98639 -0.16440
vn 0.00000 -0.98639 -0.16440
vn 0.00000 -0.98639 -0.16440
vn 0.00000 -0.98639 -0.16440
vn 0.00000 -0.16440 0.98639
vn 0.00000 -0.16440 0.98639
vn 0.00000 -0.16440 0.98639
vn 0.00000 -0.16440 0.98639
vn 0.00000 -0.16440 0.98639
vn 0.00000 -0.16440 0.98639
vn 0.00000 -0.16440 0.98639
vn 0.00000 -0.98639 -0.16440
vn 0.00000 -0.98639 -0.16440
vn 0.00000 -0.98639 -0.16440
vn 0.00000 -0.98639 -0.16440
vn 0.01012 -0.98634 -0.16439
vn 0.01012 -0.98634 -0.16439
vn 0.00505 -0.98638 -0.16440
vn -0.08500 -0.98282 -0.16381
vn -0.08500 -0.98282 -0.16381
vn -0.08500 -0.98282 -0.16381
vn -0.08500 -0.98282 -0.16381
vn 0.02395 -0.15733 0.98726
vn 0.02395 -0.15733 0.98726
vn 0.02395 -0.15733 0.98726
vn 0.02395 -0.15733 0.98726
vn -0.00299 -0.15725 0.98755
vn -0.00146 -0.16092 0.98697
vn -0.00299 -0.15725 0.98755
vn 0.00000 -0.16440 0.98639
vn -0.00149 -0.16084 0.98698
vn -0.00000 0.98639 0.16440
vn -0.00000 0.98639 0.16440
vn -0.00000 0.98639 0.16440
vn -0.00000 0.98639 0.16440
vn 0.00000 0.98639 0.16440
vn -0.00000 0.98639 0.16440
vn -0.00000 0.98639 0.16440
vn -0.00000 0.98639 0.16440
vn -0.00000 0.98639 0.16440
vn -0.00000 0.98639 0.16440
vn -0.00000 0.98639 0.16440
vn -0.00000 0.98639 0.16440
vn -0.00000 0.98639 0.16440
vn -0.98714 -0.15981 0.00448
vn -0.98685 -0.16165 -0.00110
vn -0.98714 -0.15981 0.00448
vn 0.15335 -0.98786 -0.02503
vn 0.15335 -0.98786 -0.02503
vn 0.15335 -0.98786 -0.02503
vn 0.15335 -0.98786 -0.02503
vn -0.15340 0.98816 -0.00000
vn -0.15340 0.98816 -0.00000
vn -0.15340 0.98816 -0.00000
vn -0.15340 0.98816 -0.00000
vn 0.15280 -0.98431 0.08820
vn 0.15280 -0.98431 0.08820
vn 0.15280 -0.98431 0.08820
vn 0.15280 -0.98431 0.08820
vn -0.98817 -0.15339 0.00000
vn -0.98817 -0.15339 0.00000
vn -0.98817 -0.15339 0.00000
vn -0.98710 -0.16006 0.00373
vn -0.98680 -0.16192 -0.00192
vn -0.98680 -0.16192 -0.00192
vn -0.15308 0.98615 0.06388
vn -0.15308 0.98615 0.06388
vn -0.15308 0.98615 0.06388
vn -0.15308 0.98615 0.06388
vn -0.14909 0.96042 0.23531
vn -0.14909 0.96042 0.23531
vn -0.14909 0.96042 0.23531
vn -0.14909 0.96042 0.23531
vn -0.15340 0.98816 -0.00000
vn -0.15340 0.98816 -0.00000
vn -0.15340 0.98816 -0.00000
vn -0.15340 0.98816 -0.00000
vn -0.15340 0.98816 -0.00000
vn -0.15340 0.98816 -0.00000
vn -0.15340 0.98816 -0.00000
vn -0.15340 0.98816 -0.00000
vn -0.98816 -0.15339 -0.00000
vn -0.98816 -0.15339 -0.00000
vn -0.98816 -0.15340 -0.00000
vn -0.98816 -0.15339 0.00000
vn -0.98816 -0.15339 0.00000
vn -0.98816 -0.15340 0.00000
vn -0.98816 -0.15340 0.00000
vn -0.98816 -0.15340 0.00000
vn -0.15340 0.98816 -0.00000
vn -0.15340 0.98816 -0.00000
vn -0.15340 0.98816 -0.00000
vn 0.15334 -0.98781 -0.02691
vn 0.15334 -0.98781 -0.02691
vn 0.15334 -0.98781 -0.02691
vn 0.15334 -0.98781 -0.02691
vn -0.15340 0.98816 -0.00000
vn -0.15339 0.98815 0.00507
vn -0.15339 0.98815 0.00505
vn 0.15248 -0.98226 0.10916
vn 0.15248 -0.98226 0.10916
vn 0.15248 -0.98226 0.10916
vn 0.15248 -0.98226 0.10916
vn -0.98816 -0.15340 -0.00000
vn -0.98816 -0.15340 0.00000
vn 0.15339 -0.98817 0.00000
vn 0.15339 -0.98817 0.00000
vn 0.15339 -0.98817 0.00000
vn 0.15339 -0.98817 0.00000
vn 0.15340 -0.98816 0.00000
vn 0.15339 -0.98817 0.00000
vn 0.15339 -0.98817 0.00000
vn 0.15340 -0.98816 0.00000
vn 0.15340 -0.98816 0.00000
vn 0.15340 -0.98816 0.00000
vn 0.15340 -0.98816 0.00000
vn 0.15340 -0.98816 0.00000
vn 0.15340 -0.98816 0.00000
vn 0.15340 -0.98816 0.00000
vn -0.15333 0.98773 -0.02973
vn -0.15333 0.98773 -0.02973
vn -0.15333 0.98773 -0.02973
vn -0.15333 0.98773 -0.02973
vn -0.98817 -0.15339 0.00000
vn -0.98817 -0.15339 0.00000
vn -0.98817 -0.15339 0.00000
vn -0.15340 0.98816 -0.00000
vn -0.15340 0.98816 -0.00000
vn -0.14909 0.96042 -0.23531
vn -0.14909 0.96042 -0.23531
vn -0.14909 0.96042 -0.23531
vn -0.14909 0.96042 -0.23531
vn -0.98816 -0.15340 0.00000
vn -0.98816 -0.15340 0.00000
vn -0.98816 -0.15340 0.00000
vn -0.15340 0.98816 -0.00000
vn -0.15340 0.98816 -0.00000
vn -0.15340 0.98816 -0.00000
vn -0.15340 0.98816 -0.00000
vn -0.98816 -0.15340 0.00000
vn -0.98816 -0.15340 0.00000
vn 0.15340 -0.98816 -0.00000
vn 0.15340 -0.98816 0.00000
vn 0.15340 -0.98816 -0.00000
vn -0.98816 -0.15340 0.00000
vn -0.98816 -0.15340 0.00000
vn -0.98816 -0.15340 0.00000
vn -0.98816 -0.15340 0.00000
vn -0.15339 0.98817 -0.00000
vn -0.15339 0.98817 -0.00000
vn -0.15339 0.98817 -0.00000
vn -0.15339 0.98817 -0.00000
vn -0.15339 0.98811 0.01012
vn -0.15339 0.98811 0.01012
vn -0.15284 0.98459 -0.08500
vn -0.15284 0.98459 -0.08500
vn -0.15284 0.98459 -0.08500
vn -0.15284 0.98459 -0.08500
vn -0.98676 -0.16038 0.02395
vn -0.98676 -0.16038 0.02395
vn -0.98676 -0.16038 0.02395
vn -0.98676 -0.16038 0.02395
vn -0.98702 -0.16055 -0.00299
vn -0.98760 -0.15696 -0.00149
vn -0.98762 -0.15688 -0.00146
vn -0.98702 -0.16055 -0.00299
vn -0.98816 -0.15340 0.00000
vn 0.15340 -0.98816 0.00000
vn 0.15339 -0.98817 0.00000
vn 0.15339 -0.98817 0.00000
vn 0.15339 -0.98817 0.00000
vn 0.15340 -0.98816 0.00000
vn 0.15340 -0.98816 0.00000
vn 0.15340 -0.98816 0.00000
vn 0.15340 -0.98816 0.00000
vn 0.15339 -0.98817 0.00000
vn 0.15339 -0.98816 0.00000
vn 0.15339 -0.98816 0.00000
vn -0.00261 -0.15567 -0.98781
vn -0.00005 -0.15552 -0.98783
vn -0.00007 -0.15552 -0.98783
vn 0.02194 0.98616 -0.16436
vn 0.02194 0.98616 -0.16436
vn 0.02194 0.98616 -0.16436
vn 0.02194 0.98616 -0.16436
vn -0.00000 -0.16440 -0.98639
vn -0.00000 -0.16440 -0.98639
vn -0.00000 -0.16440 -0.98639
vn 0.00000 0.98639 -0.16440
vn 0.00000 0.98639 -0.16440
vn 0.00000 0.98639 -0.16440
vn -0.04296 0.98548 -0.16425
vn -0.04296 0.98548 -0.16425
vn -0.04296 0.98548 -0.16425
vn -0.04296 0.98548 -0.16425
vn -0.03897 -0.98564 0.16428
vn -0.03897 -0.98564 0.16428
vn -0.03897 -0.98564 0.16428
vn -0.03897 -0.98564 0.16428
vn 0.00000 -0.98639 0.16440
vn -0.00000 -0.98639 0.16440
vn -0.00000 -0.98639 0.16440
vn 0.00000 -0.98639 0.16440
vn 0.00000 -0.98639 0.16440
vn 0.00000 -0.98639 0.16440
vn -0.01456 -0.98629 0.16438
vn -0.01456 -0.98629 0.16438
vn -0.01456 -0.98629 0.16438
vn -0.01456 -0.98629 0.16438
vn -0.00000 -0.16440 -0.98639
vn -0.00000 -0.16440 -0.98639
vn -0.00000 -0.16440 -0.98639
vn -0.29922 -0.94120 0.15687
vn -0.29922 -0.94120 0.15687
vn -0.29922 -0.94120 0.15687
vn -0.29922 -0.94120 0.15687
vn 0.00000 -0.98639 0.16440
vn 0.00000 -0.98639 0.16440
vn 0.00000 -0.98639 0.16440
vn 0.00000 -0.98639 0.16440
vn -0.00000 -0.16440 -0.98639
vn 0.00000 -0.16440 -0.98639
vn 0.00000 -0.16440 -0.98639
vn -0.00000 -0.16440 -0.98639
vn -0.00000 -0.16440 -0.98639
vn -0.00000 -0.16440 -0.98639
vn 0.00000 -0.98639 0.16440
vn -0.00000 -0.98639 0.16440
vn -0.00000 -0.98639 0.16440
vn 0.06422 0.98436 -0.16406
vn 0.06422 0.98436 -0.16406
vn 0.06422 0.98436 -0.16406
vn 0.06422 0.98436 -0.16406
vn -0.00000 -0.98639 0.16440
vn -0.00000 -0.98639 0.16440
vn 0.00000 -0.98639 0.16440
vn -0.03254 0.98587 -0.16432
vn -0.03254 0.98587 -0.16432
vn -0.03254 0.98587 -0.16432
vn -0.03254 0.98587 -0.16432
vn -0.02748 -0.17287 -0.98456
vn -0.02748 -0.17287 -0.98456
vn -0.02748 -0.17287 -0.98456
vn -0.02748 -0.17287 -0.98456
vn 0.00000 0.98639 -0.16440
vn 0.00000 0.98639 -0.16440
vn 0.00000 0.98639 -0.16440
vn 0.00000 0.98639 -0.16440
vn -0.00000 0.98639 -0.16440
vn -0.00000 0.98639 -0.16440
vn -0.00000 0.98639 -0.16440
vn -0.00000 0.98639 -0.16440
vn -0.00000 0.98639 -0.16440
vn 0.23532 0.95869 -0.15979
vn 0.23532 0.95869 -0.15979
vn 0.23532 0.95869 -0.15979
vn 0.23532 0.95869 -0.15979
vn -0.00000 -0.98639 0.16440
vn -0.00000 -0.98639 0.16440
vn -0.00000 0.98639 -0.16440
vn -0.00000 0.98639 -0.16440
vn -0.00000 0.98639 -0.16440
vn -0.00000 0.98639 -0.16440
vn 0.00000 -0.16440 -0.98639
vn 0.00244 -0.15561 -0.98782
vn 0.00125 -0.15988 -0.98713
vn 0.00000 -0.16440 -0.98639
vn 0.00000 -0.16440 -0.98639
vn 0.00000 -0.16440 -0.98639
vn -0.00000 0.98639 -0.16440
vn -0.00000 0.98639 -0.16440
vn 0.00000 0.98639 -0.16440
vn 0.01618 -0.98626 0.16438
vn 0.01618 -0.98626 0.16438
vn 0.01618 -0.98626 0.16438
vn 0.01618 -0.98626 0.16438
vn 0.00000 -0.16440 -0.98639
vn 0.00000 -0.16440 -0.98639
vn -0.00000 -0.16440 -0.98639
vn -0.00261 -0.15567 -0.98781
vn 0.00000 -0.98639 0.16440
vn 0.00000 -0.98639 0.16440
vn 0.48413 -0.86309 0.14385
vn 0.48413 -0.86309 0.14385
vn 0.48413 -0.86309 0.14385
vn 0.48413 -0.86309 0.14385
vn 0.02822 -0.17254 -0.98460
vn 0.02822 -0.17254 -0.98460
vn 0.02822 -0.17254 -0.98460
vn 0.02822 -0.17254 -0.98460
vn 0.00000 -0.98639 0.16440
vn 0.00000 -0.98639 0.16440
vn 0.00000 -0.98639 0.16440
vn 0.00000 -0.98639 0.16440
vn 0.00000 -0.16440 -0.98639
vn 0.00000 -0.16440 -0.98639
vn 0.00000 -0.16440 -0.98639
vn 0.00000 -0.16440 -0.98639
vn 0.00000 0.98639 -0.16440
vn 0.00000 0.98639 -0.16440
vn 0.00000 0.98639 -0.16440
vn -0.00000 -0.16440 -0.98639
vn -0.00000 -0.16440 -0.98639
vn -0.00000 -0.16440 -0.98639
vn -0.00000 -0.16440 -0.98639
vn 0.00000 -0.98639 0.16440
vn 0.00000 -0.98639 0.16440
vn 0.00000 -0.98639 0.16440
vn 0.00000 -0.98639 0.16440
vn -0.02406 -0.98611 0.16435
vn -0.02406 -0.98611 0.16435
vn -0.02406 -0.98611 0.16435
vn -0.02406 -0.98611 0.16435
vn 0.08500 -0.98282 0.16381
vn 0.08500 -0.98282 0.16381
vn 0.08500 -0.98282 0.16381
vn 0.08500 -0.98282 0.16381
vn -0.02395 -0.15733 -0.98726
vn -0.02395 -0.15733 -0.98726
vn -0.02395 -0.15733 -0.98726
vn -0.02395 -0.15733 -0.98726
vn 0.00712 -0.15727 -0.98753
vn 0.00360 -0.16080 -0.98698
vn 0.00712 -0.15727 -0.98753
vn -0.00000 -0.16440 -0.98639
vn 0.00353 -0.16086 -0.98697
vn -0.00000 0.98639 -0.16440
vn 0.00000 0.98639 -0.16440
vn 0.00000 0.98639 -0.16440
vn -0.00000 0.98639 -0.16440
vn -0.00000 0.98639 -0.16440
vn 0.00000 0.98639 -0.16440
vn 0.00000 0.98639 -0.16440
vn 0.00000 0.98639 -0.16440
vn 0.00000 0.98639 -0.16440
vn 0.00000 0.98639 -0.16440
vn -0.10825 -0.89545 0.43180
vn -0.10825 -0.89545 0.43180
vn -0.10825 -0.89545 0.43180
vn -0.10825 -0.89545 0.43180
vn 0.99196 -0.12646 -0.00448
vn 0.99173 -0.12831 0.00110
vn 0.99196 -0.12646 -0.00448
vn -0.11997 -0.99246 0.02503
vn -0.11997 -0.99246 0.02503
vn -0.11997 -0.99246 0.02503
vn -0.11997 -0.99246 0.02503
vn -0.11954 -0.98890 -0.08820
vn -0.11954 -0.98890 -0.08820
vn -0.11954 -0.98890 -0.08820
vn -0.11954 -0.98890 -0.08820
vn 0.99382 -0.11088 -0.00535
vn 0.99381 -0.11110 -0.00145
vn 0.99382 -0.11088 -0.00535
vn -0.12001 -0.99277 -0.00000
vn -0.12001 -0.99277 -0.00000
vn -0.12001 -0.99277 -0.00000
vn 0.99193 -0.12669 -0.00378
vn 0.99170 -0.12858 0.00192
vn 0.99170 -0.12858 0.00192
vn 0.11998 0.99254 0.02149
vn 0.11998 0.99254 0.02149
vn 0.11998 0.99254 0.02149
vn 0.11998 0.99254 0.02149
vn 0.11664 0.96489 -0.23531
vn 0.11664 0.96489 -0.23531
vn 0.11664 0.96489 -0.23531
vn 0.11664 0.96489 -0.23531
vn 0.99196 -0.12540 -0.01716
vn 0.99196 -0.12540 -0.01716
vn 0.99196 -0.12540 -0.01716
vn 0.99196 -0.12540 -0.01716
vn -0.11550 -0.95546 -0.27158
vn -0.11550 -0.95546 -0.27158
vn -0.11550 -0.95546 -0.27158
vn -0.11550 -0.95546 -0.27158
vn 0.12001 0.99277 0.00000
vn 0.12001 0.99277 0.00000
vn 0.12001 0.99277 0.00000
vn 0.12001 0.99277 0.00000
vn 0.99277 -0.12001 -0.00000
vn 0.99277 -0.12001 -0.00000
vn 0.99277 -0.12001 -0.00000
vn 0.99277 -0.12001 -0.00000
vn 0.99277 -0.12001 -0.00000
vn 0.99277 -0.12001 0.00000
vn 0.99277 -0.12001 0.00000
vn 0.12001 0.99277 0.00000
vn 0.12001 0.99277 -0.00000
vn 0.12001 0.99277 -0.00000
vn -0.11981 -0.99107 -0.05855
vn -0.11981 -0.99107 -0.05855
vn -0.11981 -0.99107 -0.05855
vn -0.11981 -0.99107 -0.05855
vn 0.12001 0.99276 -0.00505
vn 0.12001 0.99277 0.00000
vn -0.11930 -0.98684 -0.10916
vn -0.11930 -0.98684 -0.10916
vn -0.11930 -0.98684 -0.10916
vn -0.11930 -0.98684 -0.10916
vn -0.12001 -0.99277 -0.00000
vn -0.12001 -0.99277 -0.00000
vn -0.12001 -0.99277 -0.00000
vn -0.12001 -0.99277 -0.00000
vn -0.12001 -0.99277 -0.00000
vn -0.12001 -0.99277 -0.00000
vn -0.12001 -0.99277 -0.00000
vn -0.12001 -0.99277 -0.00000
vn -0.12001 -0.99277 -0.00000
vn -0.12001 -0.99277 -0.00000
vn -0.12001 -0.99277 -0.00000
vn 0.12001 0.99272 -0.01010
vn 0.12001 0.99272 -0.01010
vn 0.12001 0.99272 -0.01010
vn 0.12001 0.99272 -0.01010
vn 0.99378 -0.11132 0.00237
vn 0.99381 -0.11110 -0.00152
vn 0.99378 -0.11132 0.00237
vn 0.12001 0.99277 0.00000
vn 0.12001 0.99277 0.00000
vn 0.12001 0.99277 0.00000
vn 0.12001 0.99277 0.00000
vn 0.12001 0.99277 0.00000
vn 0.12001 0.99277 0.00000
vn 0.11101 0.91832 0.37996
vn 0.11101 0.91832 0.37996
vn 0.11101 0.91832 0.37996
vn 0.11101 0.91832 0.37996
vn 0.12001 0.99277 0.00000
vn 0.12001 0.99277 0.00000
vn 0.12001 0.99277 0.00000
vn 0.12001 0.99277 0.00000
vn 0.99277 -0.12001 -0.00000
vn 0.99277 -0.12001 -0.00000
vn 0.99277 -0.12001 -0.00000
vn 0.99277 -0.12001 -0.00000
vn -0.11567 -0.95688 0.26646
vn -0.11567 -0.95688 0.26646
vn -0.11567 -0.95688 0.26646
vn -0.11567 -0.95688 0.26646
vn 0.99277 -0.12001 0.00000
vn 0.99277 -0.12001 0.00000
vn 0.99277 -0.12001 0.00000
vn 0.99277 -0.12001 0.00000
vn 0.12001 0.99277 0.00000
vn 0.12001 0.99277 0.00000
vn 0.12001 0.99277 0.00000
vn 0.12001 0.99277 0.00000
vn 0.12001 0.99276 -0.00507
vn 0.12001 0.99272 -0.01012
vn 0.12001 0.99272 -0.01012
vn 0.11958 0.98918 0.08500
vn 0.11958 0.98918 0.08500
vn 0.11958 0.98918 0.08500
vn 0.11958 0.98918 0.08500
vn 0.99042 -0.13758 0.01190
vn 0.99042 -0.13758 0.01190
vn 0.99042 -0.13758 0.01190
vn 0.99042 -0.13758 0.01190
vn 0.98995 -0.14139 -0.00237
vn 0.98995 -0.14139 -0.00237
vn 0.98995 -0.14139 -0.00237
vn 0.98995 -0.14139 -0.00237
vn 0.99277 -0.12001 -0.00000
vn 0.99277 -0.12001 0.00000
vn 0.99277 -0.12001 0.00000
vn 0.99168 -0.12537 0.02911
vn 0.99168 -0.12537 0.02911
vn 0.99168 -0.12537 0.02911
vn 0.99168 -0.12537 0.02911
vn -0.12001 -0.99277 -0.00000
vn -0.12001 -0.99277 -0.00000
vn -0.12001 -0.99277 -0.00000
vn -0.12001 -0.99277 -0.00000
vn -0.12001 -0.99277 -0.00000
vn -0.12001 -0.99277 -0.00000
vn -0.12001 -0.99277 -0.00000
vn -0.12001 -0.99277 -0.00000
vn 0.83658 -0.54784 -0.00000
vn 0.83658 -0.54784 -0.00000
vn 0.83658 -0.54784 -0.00000
vn 0.83658 -0.54784 -0.00000
vn 0.00000 -0.87649 0.48142
vn 0.00000 -0.87649 0.48142
vn 0.00000 -0.87649 0.48142
vn 0.00000 -0.87649 0.48142
vn 0.00000 -0.87649 0.48142
vn 0.00000 -0.87649 0.48142
vn 0.00000 -0.87649 -0.48142
vn 0.00000 -0.87649 -0.48142
vn 0.00000 -0.87649 -0.48142
vn -0.83658 -0.54785 0.00000
vn -0.83658 -0.54785 0.00000
vn -0.83658 -0.54785 0.00000
vn -0.83658 -0.54785 0.00000
vn 0.00000 -1.00000 0.00000
vn 0.00000 -1.00000 0.00000
vn 0.00000 -1.00000 0.00000
vn 0.00000 -1.00000 0.00000
vn 0.00000 -1.00000 0.00000
vn 0.00000 -1.00000 0.00000
vn 0.00000 -0.72226 -0.69162
vn 0.00000 -0.72226 -0.69162
vn 0.00000 -0.72226 -0.69162
vn -0.93152 -0.36370 0.00000
vn -0.93152 -0.36370 0.00000
vn -0.93152 -0.36370 0.00000
vn -0.93152 -0.36370 0.00000
vn 0.00000 -0.72226 -0.69162
vn 0.00000 -0.72226 -0.69162
vn 0.00000 -0.72226 -0.69162
vn 0.93152 -0.36370 -0.00000
vn 0.93152 -0.36370 -0.00000
vn 0.93152 -0.36370 -0.00000
vn 0.93152 -0.36370 -0.00000
vn 0.00000 -0.72226 0.69162
vn 0.00000 -0.72226 0.69162
vn 0.00000 -0.72226 0.69162
vn 0.00000 -0.87649 -0.48142
vn 0.00000 -0.87649 -0.48142
vn 0.00000 -0.87649 -0.48142
vn 0.00000 -1.00000 0.00000
vn 0.00000 -1.00000 0.00000
vn 0.00000 -1.00000 0.00000
vn 0.00000 -1.00000 0.00000
vn 0.00000 -1.00000 0.00000
vn 0.00000 -1.00000 0.00000
vn 0.00000 -1.00000 0.00000
vn 0.00000 -1.00000 0.00000
vn 0.00000 -1.00000 0.00000
vn 0.00000 -1.00000 0.00000
vn 0.00000 -1.00000 0.00000
vn 0.00000 -1.00000 0.00000
vn 0.00000 -0.72226 0.69162
vn 0.00000 -0.72226 0.69162
vn 0.00000 -0.72226 0.69162
vn 0.00000 1.00000 -0.00000
vn 0.00000 1.00000 -0.00000
vn 0.00000 1.00000 -0.00000
vn 0.00000 1.00000 -0.00000
vn -0.99887 -0.04743 0.00000
vn -0.99887 -0.04743 0.00000
vn -0.99887 -0.04743 0.00000
vn 0.99820 -0.04738 0.03680
vn 0.99820 -0.04738 0.03680
vn 0.99820 -0.04738 0.03680
vn 0.99820 -0.04738 0.03680
vn 0.99887 -0.04743 0.00000
vn 0.99887 -0.04743 -0.00000
vn 0.99887 -0.04743 0.00000
vn -0.99820 -0.04738 0.03680
vn -0.99820 -0.04738 0.03680
vn -0.99820 -0.04738 0.03680
vn -0.99820 -0.04738 0.03680
vn -0.99863 -0.01222 0.05087
vn -0.99846 -0.02188 0.05099
vn -0.99863 -0.01222 0.05087
vn -0.99846 -0.02199 0.05099
vn -0.99856 -0.01705 0.05093
vn -0.99846 -0.02199 0.05099
vn 0.99846 -0.02199 0.05099
vn 0.99846 -0.02188 0.05099
vn 0.99846 -0.02199 0.05099
vn 0.99856 -0.01705 0.05093
vn 0.99863 -0.01222 0.05087
vn 0.99863 -0.01222 0.05087
vn 0.00000 -0.99808 0.06196
vn 0.00000 -0.99808 0.06196
vn 0.00000 -0.99808 0.06196
vn 0.00000 -0.99808 0.06196
vn 0.00000 -0.36323 0.93170
vn 0.00000 -0.36323 0.93170
vn 0.00000 -0.36323 0.93170
vn 0.00000 -0.36323 0.93170
vn 0.00000 -0.21219 0.97723
vn 0.00000 -0.21219 0.97723
vn 0.00000 -0.21219 0.97723
vn 0.00000 -0.21219 0.97723
vn 0.00000 -1.00000 0.00000
vn 0.00000 -1.00000 0.00000
vn 0.00000 -1.00000 0.00000
vn 0.00000 -0.75849 0.65169
vn 0.00000 -0.75849 0.65169
vn 0.00000 -0.75849 0.65169
vn 0.00000 -0.75849 0.65169
vn -0.00000 0.41868 -0.90813
vn -0.00000 0.41868 -0.90813
vn -0.00000 0.41868 -0.90813
vn -0.00000 0.41868 -0.90813
vn -0.00000 0.24871 -0.96858
vn -0.00000 0.24871 -0.96858
vn -0.00000 0.24871 -0.96858
vn -0.00000 0.24871 -0.96858
vn -0.00000 1.00000 -0.00000
vn -0.00000 1.00000 -0.00000
vn -0.00000 1.00000 -0.00000
vn -0.00000 0.80902 -0.58779
vn -0.00000 0.80902 -0.58779
vn -0.00000 0.80902 -0.58779
vn -0.00000 0.80902 -0.58779
vn -1.00000 -0.00000 0.00000
vn -1.00000 -0.00000 0.00000
vn -1.00000 -0.00000 0.00000
vn -0.00000 0.80902 -0.58779
vn -0.00000 0.80902 -0.58779
vn -0.00000 0.80902 -0.58779
vn 0.00106 0.30918 -0.95100
vn 0.00071 0.30933 -0.95095
vn 0.00071 0.30933 -0.95095
vn 0.00120 0.30914 -0.95101
vn -0.00000 0.64561 0.76367
vn -0.00000 0.64561 0.76367
vn -0.00000 0.64561 0.76367
vn -1.00000 -0.00000 0.00000
vn -1.00000 -0.00000 0.00000
vn 0.00000 -0.80902 0.58779
vn 0.00000 -0.80902 0.58779
vn 0.00000 -0.80902 0.58779
vn 0.00000 -0.80902 0.58779
vn 0.00000 -0.33422 0.94250
vn 0.00000 -0.33422 0.94250
vn 0.00000 -0.33422 0.94250
vn 0.00000 -0.33422 0.94250
vn -0.00000 0.30728 -0.95162
vn -0.00000 0.30728 -0.95162
vn 0.00009 0.30739 -0.95159
vn 1.00000 0.00000 -0.00000
vn 1.00000 0.00000 -0.00000
vn 1.00000 0.00000 -0.00000
vn 1.00000 0.00000 -0.00000
vn 1.00000 0.00000 -0.00000
vn -0.00000 0.80902 -0.58779
vn -0.00000 0.80902 -0.58779
vn -0.00000 0.80902 -0.58779
vn -0.00000 0.80902 -0.58779
vn -0.99887 -0.04743 0.00000
vn -0.99887 -0.04743 0.00000
vn -0.99887 -0.04743 0.00000
vn 0.99820 -0.04738 -0.03680
vn 0.99820 -0.04738 -0.03680
vn 0.99820 -0.04738 -0.03680
vn 0.99820 -0.04738 -0.03680
vn 0.99887 -0.04743 -0.00000
vn 0.99887 -0.04743 -0.00000
vn 0.99887 -0.04743 -0.00000
vn -0.99820 -0.04738 -0.03680
vn -0.99820 -0.04738 -0.03680
vn -0.99820 -0.04738 -0.03680
vn -0.99820 -0.04738 -0.03680
vn -0.99863 -0.01222 -0.05087
vn -0.99846 -0.02188 -0.05099
vn -0.99856 -0.01705 -0.05093
vn -0.99846 -0.02199 -0.05099
vn -0.99863 -0.01222 -0.05087
vn -0.99846 -0.02199 -0.05099
vn 0.99846 -0.02199 -0.05099
vn 0.99846 -0.02188 -0.05099
vn 0.99856 -0.01705 -0.05093
vn 0.99846 -0.02199 -0.05099
vn 0.99863 -0.01222 -0.05088
vn 0.99863 -0.01222 -0.05088
vn 0.00000 -0.99808 -0.06196
vn 0.00000 -0.99808 -0.06196
vn 0.00000 -0.99808 -0.06196
vn 0.00000 -0.99808 -0.06196
vn 0.00000 -0.36323 -0.93170
vn 0.00000 -0.36323 -0.93170
vn 0.00000 -0.36323 -0.93170
vn 0.00000 -0.36323 -0.93170
vn 0.00000 -0.21219 -0.97723
vn 0.00000 -0.21219 -0.97723
vn 0.00000 -0.21219 -0.97723
vn 0.00000 -0.21219 -0.97723
vn 0.00000 -1.00000 0.00000
vn 0.00000 -1.00000 0.00000
vn 0.00000 -1.00000 0.00000
vn 0.00000 -0.75849 -0.65168
vn 0.00000 -0.75849 -0.65168
vn 0.00000 -0.75849 -0.65168
vn 0.00000 -0.75849 -0.65168
vn -0.00000 0.41868 0.90813
vn -0.00000 0.41868 0.90813
vn -0.00000 0.41868 0.90813
vn -0.00000 0.41868 0.90813
vn -0.00000 0.24871 0.96858
vn -0.00000 0.24871 0.96858
vn -0.00000 0.24871 0.96858
vn -0.00000 0.24871 0.96858
vn -0.00000 1.00000 -0.00000
vn -0.00000 1.00000 -0.00000
vn -0.00000 1.00000 -0.00000
vn -0.00000 0.80902 0.58779
vn -0.00000 0.80902 0.58779
vn -0.00000 0.80902 0.58779
vn -0.00000 0.80902 0.58779
vn -1.00000 -0.00000 -0.00000
vn -1.00000 -0.00000 -0.00000
vn -1.00000 -0.00000 -0.00000
vn 0.00000 0.30965 0.95085
vn 0.00000 0.30965 0.95085
vn 0.00000 0.30965 0.95085
vn -0.00000 0.80902 0.58778
vn -0.00000 0.80902 0.58779
vn -0.00000 0.80902 0.58778
vn 0.00107 0.30918 0.95100
vn 0.00071 0.30933 0.95095
vn 0.00117 0.30911 0.95103
vn 0.00071 0.30933 0.95095
vn -0.00000 0.64561 -0.76367
vn -0.00000 0.64561 -0.76367
vn -0.00000 0.64561 -0.76367
vn -0.00000 1.00000 -0.00000
vn -0.00000 1.00000 -0.00000
vn -0.00000 1.00000 -0.00000
vn -1.00000 -0.00000 0.00000
vn -1.00000 -0.00000 0.00000
vn -1.00000 -0.00000 -0.00000
vn 0.00000 -0.80902 -0.58778
vn 0.00000 -0.80902 -0.58778
vn 0.00000 -0.80902 -0.58778
vn 0.00000 -0.80902 -0.58778
vn -1.00000 -0.00000 0.00000
vn 0.00000 -0.33422 -0.94250
vn 0.00000 -0.33422 -0.94250
vn 0.00000 -0.33422 -0.94250
vn 0.00000 -0.33422 -0.94250
vn 0.00000 -1.00000 0.00000
vn 0.00000 -1.00000 0.00000
vn 0.00000 -1.00000 0.00000
vn 0.00000 -1.00000 0.00000
vn 0.00000 0.30728 0.95162
vn 0.00009 0.30739 0.95158
vn 1.00000 0.00000 -0.00000
vn 1.00000 0.00000 -0.00000
vn 1.00000 0.00000 -0.00000
vn 1.00000 0.00000 -0.00000
vn 1.00000 0.00000 0.00000
vn 1.00000 0.00000 -0.00000
vn 1.00000 0.00000 0.00000
vn 1.00000 0.00000 0.00000
vn 1.00000 0.00000 -0.00000
vn -0.00000 0.80902 0.58779
vn -0.00000 0.80902 0.58779
vn -0.00000 0.80902 0.58779
vn -0.00000 0.80902 0.58779
vn 1.00000 0.00000 -0.00000
vn 1.00000 0.00000 -0.00000
vn 1.00000 0.00000 -0.00000
vn 1.00000 0.00000 -0.00000
vn 1.00000 0.00000 -0.00000
vn 1.00000 0.00000 -0.00000
vn -0.00000 1.00000 -0.00000
vn -0.00000 1.00000 -0.00000
vn -0.00000 1.00000 -0.00000
vn -0.00000 1.00000 -0.00000
vn 0.99887 -0.04743 -0.00000
vn 0.99887 -0.04743 -0.00000
vn 0.99887 -0.04743 -0.00000
vn -0.99820 -0.04738 0.03680
vn -0.99820 -0.04738 0.03680
vn -0.99820 -0.04738 0.03680
vn -0.99820 -0.04738 0.03680
vn -0.99887 -0.04743 0.00000
vn -0.99887 -0.04743 0.00000
vn -0.99887 -0.04743 0.00000
vn 0.99820 -0.04738 0.03679
vn 0.99820 -0.04738 0.03679
vn 0.99820 -0.04738 0.03679
vn 0.99820 -0.04738 0.03679
vn 0.99863 -0.01222 0.05087
vn 0.99846 -0.02188 0.05099
vn 0.99856 -0.01705 0.05093
vn 0.99846 -0.02199 0.05099
vn 0.99846 -0.02199 0.05099
vn 0.99863 -0.01222 0.05087
vn -0.99846 -0.02199 0.05099
vn -0.99846 -0.02188 0.05099
vn -0.99856 -0.01705 0.05093
vn -0.99863 -0.01222 0.05087
vn -0.99863 -0.01222 0.05087
vn -0.99846 -0.02199 0.05099
vn 0.00000 -0.99808 0.06196
vn 0.00000 -0.99808 0.06196
vn 0.00000 -0.99808 0.06196
vn 0.00000 -0.99808 0.06196
vn 0.00000 -0.36323 0.93170
vn 0.00000 -0.36323 0.93170
vn 0.00000 -0.36323 0.93170
vn 0.00000 -0.36323 0.93170
vn 0.00000 -0.21219 0.97723
vn 0.00000 -0.21219 0.97723
vn 0.00000 -0.21219 0.97723
vn 0.00000 -0.21219 0.97723
vn 0.00000 -1.00000 0.00000
vn 0.00000 -1.00000 0.00000
vn 0.00000 -1.00000 0.00000
vn 0.00000 -0.75849 0.65169
vn 0.00000 -0.75849 0.65169
vn 0.00000 -0.75849 0.65169
vn 0.00000 -0.75849 0.65169
vn -0.00000 0.41868 -0.90813
vn -0.00000 0.41868 -0.90813
vn -0.00000 0.41868 -0.90813
vn -0.00000 0.41868 -0.90813
vn -0.00000 0.24871 -0.96858
vn -0.00000 0.24871 -0.96858
vn -0.00000 0.24871 -0.96858
vn -0.00000 0.24871 -0.96858
vn 0.00000 1.00000 -0.00000
vn 0.00000 1.00000 -0.00000
vn 0.00000 1.00000 -0.00000
vn 0.00000 0.80902 -0.58779
vn 0.00000 0.80902 -0.58779
vn 0.00000 0.80902 -0.58779
vn 0.00000 0.80902 -0.58779
vn 1.00000 0.00000 -0.00000
vn 1.00000 0.00000 -0.00000
vn 1.00000 0.00000 -0.00000
vn -0.00000 0.30965 -0.95085
vn -0.00000 0.30965 -0.95085
vn -0.00000 0.30965 -0.95085
vn -0.00000 0.30965 -0.95085
vn -0.00000 0.30965 -0.95085
vn -0.00000 0.30965 -0.95085
vn -0.00000 0.80902 -0.58779
vn -0.00000 0.80902 -0.58779
vn -0.00000 0.80902 -0.58779
vn -0.00107 0.30918 -0.95100
vn -0.00071 0.30933 -0.95095
vn -0.00114 0.30907 -0.95104
vn -0.00071 0.30933 -0.95095
vn -0.00000 0.64561 0.76367
vn -0.00000 0.64561 0.76367
vn -0.00000 0.64561 0.76367
vn 1.00000 0.00000 -0.00000
vn 1.00000 0.00000 -0.00000
vn 1.00000 0.00000 -0.00000
vn 0.00000 -0.80902 0.58779
vn 0.00000 -0.80902 0.58779
vn 0.00000 -0.80902 0.58779
vn 0.00000 -0.80902 0.58779
vn 0.00000 -0.33422 0.94250
vn 0.00000 -0.33422 0.94250
vn 0.00000 -0.33422 0.94250
vn 0.00000 -0.33422 0.94250
vn -0.00009 0.30739 -0.95158
vn -1.00000 -0.00000 0.00000
vn -1.00000 -0.00000 0.00000
vn -1.00000 -0.00000 0.00000
vn -1.00000 -0.00000 0.00000
vn 0.00000 0.80902 -0.58779
vn 0.00000 0.80902 -0.58779
vn 0.00000 0.80902 -0.58779
vn 0.00000 0.80902 -0.58779
vn 0.99887 -0.04743 -0.00000
vn 0.99887 -0.04743 -0.00000
vn 0.99887 -0.04743 -0.00000
vn -0.99820 -0.04738 -0.03680
vn -0.99820 -0.04738 -0.03680
vn -0.99820 -0.04738 -0.03680
vn -0.99820 -0.04738 -0.03680
vn -0.99887 -0.04743 0.00000
vn -0.99887 -0.04743 0.00000
vn -0.99887 -0.04743 0.00000
vn 0.99820 -0.04738 -0.03679
vn 0.99820 -0.04738 -0.03679
vn 0.99820 -0.04738 -0.03679
vn 0.99820 -0.04738 -0.03679
vn 0.99863 -0.01222 -0.05087
vn 0.99846 -0.02188 -0.05099
vn 0.99863 -0.01222 -0.05087
vn 0.99846 -0.02199 -0.05099
vn 0.99856 -0.01705 -0.05093
vn 0.99846 -0.02199 -0.05099
vn -0.99846 -0.02199 -0.05099
vn -0.99846 -0.02188 -0.05099
vn -0.99846 -0.02199 -0.05099
vn -0.99863 -0.01222 -0.05087
vn -0.99863 -0.01222 -0.05087
vn -0.99856 -0.01705 -0.05093
vn 0.00000 -0.99808 -0.06196
vn 0.00000 -0.99808 -0.06196
vn 0.00000 -0.99808 -0.06196
vn 0.00000 -0.99808 -0.06196
vn 0.00000 -0.36323 -0.93170
vn 0.00000 -0.36323 -0.93170
vn 0.00000 -0.36323 -0.93170
vn 0.00000 -0.36323 -0.93170
vn 0.00000 -0.21219 -0.97723
vn 0.00000 -0.21219 -0.97723
vn 0.00000 -0.21219 -0.97723
vn 0.00000 -0.21219 -0.97723
vn 0.00000 -1.00000 0.00000
vn 0.00000 -1.00000 0.00000
vn 0.00000 -1.00000 0.00000
vn 0.00000 -0.75849 -0.65169
vn 0.00000 -0.75849 -0.65169
vn 0.00000 -0.75849 -0.65169
vn 0.00000 -0.75849 -0.65169
vn 0.00000 0.41868 0.90813
vn 0.00000 0.41868 0.90813
vn 0.00000 0.41868 0.90813
vn 0.00000 0.41868 0.90813
vn 0.00000 0.24871 0.96858
vn 0.00000 0.24871 0.96858
vn 0.00000 0.24871 0.96858
vn 0.00000 0.24871 0.96858
vn 0.00000 1.00000 -0.00000
vn 0.00000 1.00000 -0.00000
vn 0.00000 1.00000 -0.00000
vn 0.00000 0.80902 0.58779
vn 0.00000 0.80902 0.58779
vn 0.00000 0.80902 0.58779
vn 0.00000 0.80902 0.58779
vn 1.00000 0.00000 0.00000
vn 1.00000 0.00000 -0.00000
vn 1.00000 0.00000 -0.00000
vn 0.00000 0.30965 0.95085
vn 0.00000 0.30965 0.95085
vn 0.00000 0.30965 0.95085
vn -0.00000 0.80902 0.58779
vn -0.00000 0.80902 0.58779
vn -0.00000 0.80902 0.58779
vn -0.00000 1.00000 -0.00000
vn -0.00000 1.00000 -0.00000
vn -0.00000 1.00000 -0.00000
vn -0.00000 1.00000 -0.00000
vn -0.00107 0.30918 0.95100
vn -0.00071 0.30934 0.95095
vn -0.00071 0.30934 0.95095
vn -0.00117 0.30911 0.95103
vn -0.00000 0.64561 -0.76367
vn -0.00000 0.64561 -0.76367
vn -0.00000 0.64561 -0.76367
vn -0.00000 1.00000 -0.00000
vn -0.00000 1.00000 -0.00000
vn -0.00000 1.00000 -0.00000
vn 1.00000 0.00000 -0.00000
vn 1.00000 0.00000 0.00000
vn -0.00000 -0.80902 -0.58778
vn -0.00000 -0.80902 -0.58778
vn -0.00000 -0.80902 -0.58778
vn -0.00000 -0.80902 -0.58778
vn 1.00000 0.00000 -0.00000
vn 0.00000 -0.33422 -0.94250
vn 0.00000 -0.33422 -0.94250
vn 0.00000 -0.33422 -0.94250
vn 0.00000 -0.33422 -0.94250
vn -0.00000 -1.00000 0.00000
vn -0.00000 -1.00000 0.00000
vn -0.00000 -1.00000 0.00000
vn -0.00000 -1.00000 0.00000
vn 0.00000 0.30728 0.95162
vn -0.00023 0.30757 0.95153
vn -1.00000 -0.00000 -0.00000
vn -1.00000 -0.00000 -0.00000
vn -1.00000 -0.00000 0.00000
vn -1.00000 -0.00000 0.00000
vn -1.00000 -0.00000 0.00000
vn -1.00000 -0.00000 0.00000
vn -1.00000 -0.00000 0.00000
vn -1.00000 -0.00000 0.00000
vn -1.00000 -0.00000 0.00000
vn -1.00000 -0.00000 0.00000
vn 0.00000 0.80902 0.58778
vn 0.00000 0.80902 0.58778
vn 0.00000 0.80902 0.58778
vn 0.00000 0.80902 0.58778
vn -1.00000 -0.00000 0.00000
vn -1.00000 -0.00000 0.00000
vn -1.00000 -0.00000 0.00000
vn -1.00000 -0.00000 0.00000
vn -1.00000 -0.00000 0.00000
vn -1.00000 -0.00000 0.00000
vn -0.00000 1.00000 -0.00000
vn -0.00000 1.00000 -0.00000
vn -0.00000 1.00000 -0.00000
vn -0.00000 1.00000 -0.00000
vn 0.00396 -0.99999 0.00000
vn 0.00396 -0.99999 0.00000
vn 0.00396 -0.99999 0.00000
vn 0.00396 -0.99999 0.00000
vn 0.99995 -0.00997 0.00268
vn 0.99997 -0.00766 0.00165
vn 0.99995 -0.00997 0.00268
vn 0.00349 0.88177 -0.47166
vn 0.00349 0.88177 -0.47166
vn 0.00349 0.88177 -0.47166
vn 0.00349 0.88177 -0.47166
vn -0.00394 -0.99452 0.10445
vn -0.00394 -0.99452 0.10445
vn -0.00394 -0.99452 0.10445
vn -0.00394 -0.99452 0.10445
vn -0.00396 -0.99898 -0.04492
vn -0.00396 -0.99898 -0.04492
vn -0.00396 -0.99898 -0.04492
vn -0.00396 -0.99898 -0.04492
vn 0.00386 0.97444 -0.22462
vn 0.00386 0.97444 -0.22462
vn 0.00386 0.97444 -0.22462
vn 0.00386 0.97444 -0.22462
vn 0.99995 -0.00943 0.00244
vn 0.99999 -0.00471 0.00028
vn 0.99999 -0.00468 0.00027
vn 0.00396 0.99999 0.00000
vn 0.00396 0.99999 0.00000
vn 0.00396 0.99999 0.00000
vn 0.00396 0.99999 0.00000
vn -0.00358 -0.99390 0.11023
vn -0.00358 -0.99390 0.11023
vn -0.00358 -0.99390 0.11023
vn -0.00358 -0.99390 0.11023
vn 0.99999 0.00419 0.00000
vn 0.99999 0.00420 -0.00001
vn 0.99999 0.00419 -0.00001
vn 0.00358 0.99390 0.11024
vn 0.00358 0.99390 0.11024
vn 0.00358 0.99390 0.11024
vn 0.00358 0.99390 0.11024
vn -0.00396 -0.99999 -0.00000
vn -0.00396 -0.99999 -0.00000
vn -0.00396 -0.99999 -0.00000
vn -0.00396 -0.99999 -0.00000
vn -0.00385 0.97191 -0.23531
vn -0.00385 0.97191 -0.23531
vn -0.00385 0.97191 -0.23531
vn -0.00385 0.97191 -0.23531
vn 0.99999 0.00419 0.00000
vn 0.99999 0.00420 -0.00002
vn -0.00396 0.99999 0.00000
vn -0.00396 0.99999 0.00000
vn -0.00396 0.99999 0.00000
vn -0.00396 0.99999 0.00000
vn 0.99999 0.00420 -0.00001
vn 0.99999 0.00420 0.00002
vn -0.00385 0.97191 0.23531
vn -0.00385 0.97191 0.23531
vn -0.00385 0.97191 0.23531
vn -0.00385 0.97191 0.23531
vn 0.99999 0.00420 0.00001
vn 0.99999 0.00420 0.00001
vn 0.99999 0.00419 0.00001
vn -0.00396 0.99999 0.00000
vn -0.00396 0.99999 0.00000
vn -0.00396 0.99999 0.00000
vn -0.00396 0.99999 0.00000
vn 0.99999 0.00419 -0.00000
vn 0.99999 0.00419 -0.00000
vn 0.00396 -0.99999 0.00000
vn 0.00396 -0.99999 0.00000
vn 0.00396 -0.99999 0.00000
vn 0.00396 -0.99999 0.00000
vn 0.00396 -0.99999 -0.00000
vn 0.00396 -0.99999 0.00000
vn 0.00396 -0.99999 0.00000
vn 0.00396 -0.99999 -0.00000
vn 0.00396 -0.99999 -0.00000
vn 0.00396 -0.99999 -0.00000
vn -0.00000 0.87198 -0.48954
vn -0.00000 0.87198 -0.48954
vn -0.00000 0.87198 -0.48954
vn -0.00000 0.99960 0.02835
vn 0.00129 0.99958 0.02905
vn -0.00000 0.99960 0.02835
vn 0.00133 0.99953 0.03046
vn 0.00129 0.99953 0.03049
vn 0.00125 0.99958 0.02903
vn -0.19067 -0.71517 -0.67244
vn -0.19067 -0.71517 -0.67244
vn -0.19067 -0.71517 -0.67244
vn -0.19067 -0.71517 -0.67244
vn 0.00218 0.85646 -0.51621
vn 0.00218 0.85646 -0.51621
vn 0.00218 0.85646 -0.51621
vn 0.00218 0.85646 -0.51621
vn 0.00000 -0.72854 -0.68501
vn 0.00000 -0.72854 -0.68501
vn 0.00000 -0.72854 -0.68501
vn 0.00000 -0.72854 -0.68501
vn 0.00000 -0.72854 -0.68500
vn 0.00000 -0.72854 -0.68500
vn 0.00000 -0.72854 -0.68500
vn 0.00000 -0.72854 -0.68500
vn -0.00000 0.84112 -0.54085
vn -0.00000 0.84112 -0.54085
vn -0.00000 0.84112 -0.54085
vn -0.00000 0.84112 -0.54085
vn -0.00000 0.99951 0.03122
vn -0.00000 0.99951 0.03122
vn 0.00000 0.02351 0.99972
vn 0.00000 0.02350 0.99972
vn 0.00000 0.02351 0.99972
vn 0.00000 0.02351 0.99972
vn 0.00000 0.02351 0.99972
vn 0.00000 0.02351 0.99972
vn 0.00000 0.02351 0.99972
vn 0.00000 0.02350 0.99972
vn -0.19067 -0.59196 -0.78309
vn -0.19067 -0.59196 -0.78309
vn -0.19067 -0.59196 -0.78309
vn -0.19067 -0.59196 -0.78309
vn 0.00000 0.79772 -0.60302
vn 0.00000 0.79772 -0.60302
vn 0.00000 0.79772 -0.60302
vn -0.02386 -0.27646 -0.96073
vn -0.02386 -0.27646 -0.96073
vn -0.02386 -0.27646 -0.96073
vn -0.02386 -0.27646 -0.96073
vn -0.00000 -0.60303 -0.79772
vn -0.00000 -0.60303 -0.79772
vn -0.00000 -0.60303 -0.79772
vn -0.00000 -0.60303 -0.79772
vn 0.00000 0.79772 -0.60302
vn -0.00000 0.79772 -0.60302
vn -0.00000 0.79772 -0.60302
vn 0.00903 0.81449 -0.58011
vn 0.00903 0.81449 -0.58011
vn 0.00903 0.81449 -0.58011
vn 0.00903 0.81449 -0.58011
vn 0.00000 0.60302 0.79772
vn -0.00000 0.60302 0.79772
vn 0.00000 0.60302 0.79772
vn 0.00000 0.60302 0.79772
vn 0.00000 0.60302 0.79772
vn -0.00000 0.60302 0.79772
vn -0.00000 0.60302 0.79772
vn -0.00000 0.72767 -0.68592
vn -0.00000 0.72767 -0.68592
vn -0.00000 0.72767 -0.68592
vn -0.00000 0.72767 -0.68592
vn 0.02218 0.73899 -0.67335
vn 0.02218 0.73899 -0.67335
vn 0.02218 0.73899 -0.67335
vn 0.02218 0.73899 -0.67335
vn -0.19067 -0.91968 -0.34328
vn -0.19067 -0.91968 -0.34328
vn -0.19067 -0.91968 -0.34328
vn -0.19067 -0.91968 -0.34328
vn -0.00000 0.34969 -0.93686
vn -0.00000 0.34969 -0.93686
vn -0.00000 0.34969 -0.93686
vn -0.00000 0.34969 -0.93686
vn -0.00000 0.34969 -0.93686
vn 0.00000 -0.93686 -0.34969
vn 0.00000 -0.93686 -0.34969
vn 0.00000 -0.93686 -0.34969
vn 0.00000 -0.93686 -0.34969
vn 0.00000 -0.93687 -0.34969
vn 0.00000 -0.93687 -0.34969
vn 0.00000 -0.93687 -0.34969
vn 0.00000 -0.93687 -0.34969
vn -0.00000 0.34969 -0.93686
vn -0.00000 0.34969 -0.93686
vn -0.00000 0.34969 -0.93686
vn -0.00000 0.75124 -0.66003
vn -0.00000 0.75124 -0.66003
vn -0.00000 0.75124 -0.66003
vn -0.00000 0.66988 0.74247
vn 0.00000 0.66988 0.74247
vn -0.00000 0.66988 0.74247
vn -0.00000 0.66988 0.74247
vn -0.00000 0.66988 0.74247
vn -0.00000 0.66988 0.74247
vn -0.00000 0.66988 0.74247
vn 0.00000 0.66988 0.74247
vn -0.19067 -0.92191 -0.33723
vn -0.19067 -0.92191 -0.33723
vn -0.19067 -0.92191 -0.33723
vn -0.19067 -0.92191 -0.33723
vn 0.00000 -0.93914 -0.34353
vn 0.00000 -0.93914 -0.34353
vn 0.00000 -0.93914 -0.34353
vn 0.00000 -0.93914 -0.34353
vn 0.00000 -0.93914 -0.34353
vn 0.00000 -0.93914 -0.34353
vn 0.00000 -0.93914 -0.34353
vn 0.00000 -0.93914 -0.34353
vn -0.00000 0.34353 -0.93914
vn -0.00000 0.34353 -0.93914
vn -0.00000 0.34353 -0.93914
vn -0.00000 0.34353 -0.93914
vn -0.00000 0.34353 -0.93914
vn -0.00000 0.34353 -0.93914
vn -0.00000 0.34353 -0.93914
vn -0.00000 0.34353 -0.93914
vn -0.00000 0.93914 0.34353
vn -0.00000 0.93914 0.34354
vn -0.00000 0.93914 0.34354
vn -0.00000 0.93914 0.34353
vn -0.00000 0.93914 0.34353
vn -0.00000 0.93914 0.34354
vn -0.00000 0.93914 0.34353
vn -0.00000 0.93914 0.34354
vn 0.99995 -0.00997 -0.00268
vn 0.99997 -0.00772 -0.00220
vn 0.99995 -0.00932 -0.00254
vn -0.00396 -0.99999 0.00000
vn -0.00396 -0.99999 0.00000
vn -0.00396 -0.99999 0.00000
vn -0.00396 -0.99999 0.00000
vn 0.00349 0.88177 0.47166
vn 0.00349 0.88177 0.47166
vn 0.00349 0.88177 0.47166
vn 0.00349 0.88177 0.47166
vn -0.00394 -0.99452 -0.10445
vn -0.00394 -0.99452 -0.10445
vn -0.00394 -0.99452 -0.10445
vn -0.00394 -0.99452 -0.10445
vn 0.99995 -0.00997 -0.00268
vn 0.99999 -0.00472 -0.00077
vn 0.99999 -0.00521 -0.00153
vn -0.00385 -0.97191 0.23531
vn -0.00385 -0.97191 0.23531
vn -0.00385 -0.97191 0.23531
vn -0.00385 -0.97191 0.23531
vn 0.99999 -0.00419 0.00001
vn 0.00396 0.99999 -0.00000
vn 0.00396 0.99999 -0.00000
vn 0.00396 0.99999 -0.00000
vn -0.00396 -0.99999 0.00000
vn -0.00396 -0.99999 0.00000
vn -0.00396 -0.99999 0.00000
vn -0.00396 -0.99999 0.00000
vn 0.00396 0.99999 -0.00000
vn 0.00396 0.99999 -0.00000
vn 0.00396 0.99999 -0.00000
vn 0.00334 0.84372 0.53677
vn 0.00334 0.84372 0.53677
vn 0.00334 0.84372 0.53677
vn 0.00334 0.84372 0.53677
vn 0.99999 -0.00419 0.00001
vn -0.00385 -0.97191 -0.23531
vn -0.00385 -0.97191 -0.23531
vn -0.00385 -0.97191 -0.23531
vn -0.00385 -0.97191 -0.23531
vn -0.00396 -0.99999 0.00000
vn -0.00396 -0.99999 0.00000
vn -0.00396 -0.99999 0.00000
vn -0.00396 -0.99999 0.00000
vn 0.00396 0.99999 -0.00000
vn 0.00396 0.99999 -0.00000
vn 0.00396 0.99999 -0.00000
vn 0.00396 0.99999 -0.00000
vn -0.00397 -0.99999 0.00000
vn -0.00397 -0.99999 0.00000
vn -0.00397 -0.99999 0.00000
vn -0.00397 -0.99999 0.00000
vn 0.99999 -0.00419 -0.00000
vn 0.99999 -0.00419 -0.00000
vn 0.99999 -0.00419 -0.00001
vn 0.99999 -0.00419 -0.00001
vn 0.99999 -0.00420 -0.00001
vn 0.99999 -0.00420 -0.00001
vn -0.00385 -0.97191 0.23531
vn -0.00385 -0.97191 0.23531
vn -0.00385 -0.97191 0.23531
vn -0.00385 -0.97191 0.23531
vn 0.99999 -0.00420 0.00001
vn 0.99999 -0.00420 0.00001
vn 0.99999 -0.00439 0.00001
vn 0.00396 0.99999 -0.00000
vn 0.00396 0.99999 -0.00000
vn 0.00396 0.99999 -0.00000
vn -0.00358 -0.99390 -0.11023
vn -0.00358 -0.99390 -0.11023
vn -0.00358 -0.99390 -0.11023
vn -0.00358 -0.99390 -0.11023
vn 0.00358 0.99390 -0.11024
vn 0.00358 0.99390 -0.11024
vn 0.00358 0.99390 -0.11024
vn 0.00358 0.99390 -0.11024
vn 0.00396 0.99999 -0.00000
vn 0.00396 0.99999 -0.00000
vn 0.00396 0.99999 -0.00000
vn 0.99999 -0.00461 -0.00000
vn 0.99999 -0.00439 0.00000
vn 0.99999 -0.00461 -0.00000
vn 0.99999 -0.00441 0.00001
vn 0.00396 -0.99999 0.00000
vn 0.00396 -0.99999 0.00000
vn -0.00396 0.99999 -0.00000
vn -0.00396 0.99999 -0.00000
vn -0.00396 0.99999 -0.00000
vn -0.00396 0.99999 -0.00000
vn 0.99999 -0.00439 0.00000
vn 0.99999 -0.00419 0.00000
vn 0.99999 -0.00419 0.00000
vn 0.00416 0.87525 0.48365
vn -0.00066 0.87521 0.48374
vn 0.00416 0.87525 0.48365
vn -0.00000 0.99960 -0.02835
vn 0.00129 0.99958 -0.02905
vn 0.00125 0.99958 -0.02903
vn 0.00133 0.99953 -0.03046
vn -0.00000 0.99960 -0.02835
vn -0.19067 -0.71517 0.67244
vn -0.19067 -0.71517 0.67244
vn -0.19067 -0.71517 0.67244
vn -0.19067 -0.71517 0.67244
vn 0.00218 0.85646 0.51621
vn 0.00218 0.85646 0.51621
vn 0.00218 0.85646 0.51621
vn 0.00218 0.85646 0.51621
vn -0.15568 -0.71965 0.67666
vn -0.15568 -0.71965 0.67666
vn -0.15568 -0.71965 0.67666
vn -0.15568 -0.71965 0.67666
vn 0.00000 -0.72854 0.68500
vn 0.00000 -0.72854 0.68500
vn 0.00000 -0.72854 0.68500
vn 0.00000 -0.72854 0.68500
vn -0.00000 0.84112 0.54085
vn -0.00000 0.84112 0.54085
vn -0.00000 0.84112 0.54085
vn -0.00000 0.84112 0.54085
vn 0.00129 0.99953 -0.03049
vn -0.00000 0.99951 -0.03122
vn -0.00000 0.02351 -0.99972
vn -0.00000 0.02350 -0.99972
vn -0.00000 0.02350 -0.99972
vn -0.00000 0.02351 -0.99972
vn 0.00000 0.02351 -0.99972
vn 0.00000 0.02351 -0.99972
vn -0.19067 -0.59196 0.78309
vn -0.19067 -0.59196 0.78309
vn -0.19067 -0.59196 0.78309
vn -0.19067 -0.59196 0.78309
vn 0.00000 0.79772 0.60302
vn 0.00000 0.79772 0.60302
vn 0.00000 0.79772 0.60302
vn -0.01167 -0.34678 0.93788
vn -0.01167 -0.34678 0.93788
vn -0.01167 -0.34678 0.93788
vn -0.01167 -0.34678 0.93788
vn -0.00000 -0.60303 0.79772
vn -0.00000 -0.60303 0.79772
vn -0.00000 -0.60303 0.79772
vn -0.00000 -0.60303 0.79772
vn -0.00000 0.79772 0.60302
vn 0.00000 0.79772 0.60302
vn -0.00000 0.79772 0.60302
vn 0.00544 0.81436 0.58034
vn 0.00544 0.81436 0.58034
vn 0.00544 0.81436 0.58034
vn 0.00544 0.81436 0.58034
vn -0.00000 0.60302 -0.79772
vn -0.00000 0.60302 -0.79773
vn -0.00000 0.60302 -0.79773
vn -0.00000 0.60302 -0.79772
vn 0.00000 0.60302 -0.79772
vn 0.00000 0.60302 -0.79772
vn -0.00000 0.60302 -0.79772
vn -0.00000 0.60302 -0.79772
vn -0.00000 0.72767 0.68592
vn -0.00000 0.72767 0.68592
vn -0.00000 0.72767 0.68592
vn -0.00000 0.72767 0.68592
vn 0.02218 0.73899 0.67335
vn 0.02218 0.73899 0.67335
vn 0.02218 0.73899 0.67335
vn 0.02218 0.73899 0.67335
vn -0.19067 -0.91968 0.34328
vn -0.19067 -0.91968 0.34328
vn -0.19067 -0.91968 0.34328
vn -0.19067 -0.91968 0.34328
vn 0.00000 0.34970 0.93686
vn 0.00000 0.34970 0.93686
vn 0.00000 0.34970 0.93686
vn -0.00000 0.34970 0.93686
vn 0.00000 -0.93686 0.34969
vn 0.00000 -0.93686 0.34969
vn 0.00000 -0.93686 0.34969
vn 0.00000 -0.93686 0.34969
vn 0.00000 -0.93686 0.34969
vn 0.00000 -0.93686 0.34969
vn 0.00000 -0.93686 0.34969
vn -0.00000 0.34970 0.93686
vn -0.00000 0.34970 0.93686
vn -0.00000 0.34970 0.93686
vn -0.00932 0.78968 0.61344
vn -0.00932 0.78968 0.61344
vn -0.00932 0.78968 0.61344
vn -0.00932 0.78968 0.61344
vn -0.00000 0.66988 -0.74247
vn -0.00584 0.66987 -0.74246
vn -0.00577 0.66987 -0.74246
vn -0.00000 0.66988 -0.74247
vn -0.00000 0.66988 -0.74247
vn -0.00000 0.66988 -0.74247
vn -0.01161 0.66983 -0.74242
vn -0.01161 0.66983 -0.74242
vn -0.19067 -0.92191 0.33723
vn -0.19067 -0.92191 0.33723
vn -0.19067 -0.92191 0.33723
vn -0.19067 -0.92191 0.33723
vn 0.00000 -0.93914 0.34353
vn 0.00000 -0.93914 0.34353
vn 0.00000 -0.93914 0.34353
vn 0.00000 -0.93914 0.34353
vn 0.00000 -0.93914 0.34353
vn 0.00000 -0.93914 0.34353
vn 0.00000 -0.93914 0.34353
vn -0.00000 0.34353 0.93914
vn -0.00000 0.34353 0.93914
vn -0.00000 0.34353 0.93914
vn 0.00000 0.34353 0.93914
vn -0.00000 0.34353 0.93914
vn 0.00000 0.34353 0.93914
vn 0.00000 0.34353 0.93914
vn -0.00000 0.93914 -0.34354
vn -0.00000 0.93914 -0.34354
vn -0.00000 0.93914 -0.34354
vn -0.00000 0.93914 -0.34353
vn -0.00000 0.93914 -0.34354
vn -0.00000 0.93914 -0.34353
vn -0.00000 0.93914 -0.34354
vn -0.00000 0.93914 -0.34354
vn -0.99995 -0.00998 0.00268
vn -0.99997 -0.00772 0.00220
vn -0.99995 -0.00928 0.00253
vn 0.00396 -0.99999 -0.00000
vn 0.00396 -0.99999 -0.00000
vn 0.00396 -0.99999 -0.00000
vn 0.00396 -0.99999 -0.00000
vn -0.00349 0.88177 -0.47166
vn -0.00349 0.88177 -0.47166
vn -0.00349 0.88177 -0.47166
vn -0.00349 0.88177 -0.47166
vn 0.00394 -0.99452 0.10445
vn 0.00394 -0.99452 0.10445
vn 0.00394 -0.99452 0.10445
vn 0.00394 -0.99452 0.10445
vn -0.99995 -0.00998 0.00268
vn -0.99999 -0.00472 0.00077
vn -0.99999 -0.00516 0.00145
vn 0.00385 -0.97191 -0.23531
vn 0.00385 -0.97191 -0.23531
vn 0.00385 -0.97191 -0.23531
vn 0.00385 -0.97191 -0.23531
vn -0.99999 -0.00419 -0.00001
vn -0.00396 0.99999 -0.00000
vn -0.00396 0.99999 -0.00000
vn -0.00396 0.99999 -0.00000
vn -0.00334 0.84372 -0.53677
vn -0.00334 0.84372 -0.53677
vn -0.00334 0.84372 -0.53677
vn -0.00334 0.84372 -0.53677
vn -0.00396 0.99999 -0.00000
vn -0.00396 0.99999 -0.00000
vn -0.00396 0.99999 -0.00000
vn -0.00396 0.99999 -0.00000
vn 0.00385 -0.97191 0.23531
vn 0.00385 -0.97191 0.23531
vn 0.00385 -0.97191 0.23531
vn 0.00385 -0.97191 0.23531
vn 0.00396 -0.99999 -0.00000
vn 0.00396 -0.99999 -0.00000
vn 0.00396 -0.99999 -0.00000
vn 0.00396 -0.99999 -0.00000
vn -0.00396 0.99999 -0.00000
vn -0.00396 0.99999 -0.00000
vn 0.00397 -0.99999 0.00000
vn 0.00397 -0.99999 0.00000
vn 0.00397 -0.99999 0.00000
vn 0.00397 -0.99999 0.00000
vn -0.99999 -0.00419 0.00000
vn -0.99999 -0.00419 0.00000
vn -0.99999 -0.00420 0.00001
vn -0.99999 -0.00420 0.00001
vn -0.99999 -0.00440 -0.00028
vn -0.99999 -0.00439 -0.00027
vn 0.00385 -0.97191 -0.23531
vn 0.00385 -0.97191 -0.23531
vn 0.00385 -0.97191 -0.23531
vn 0.00385 -0.97191 -0.23531
vn -0.99999 -0.00461 0.00031
vn -0.99999 -0.00461 0.00032
vn -0.99999 -0.00438 0.00053
vn -0.99999 -0.00455 0.00101
vn -0.00349 0.88115 -0.47283
vn -0.00349 0.88115 -0.47283
vn -0.00349 0.88115 -0.47283
vn -0.00349 0.88115 -0.47283
vn -0.00382 0.96418 0.26522
vn -0.00382 0.96418 0.26522
vn -0.00382 0.96418 0.26522
vn -0.00382 0.96418 0.26522
vn 0.00385 0.97191 -0.23531
vn 0.00385 0.97191 -0.23531
vn 0.00385 0.97191 -0.23531
vn 0.00385 0.97191 -0.23531
vn 0.00396 0.99999 0.00000
vn 0.00396 0.99999 0.00000
vn 0.00396 0.99999 0.00000
vn 0.00396 0.99999 0.00000
vn -0.99999 0.00420 -0.00001
vn -0.99999 0.00419 -0.00001
vn -0.99999 0.00419 -0.00001
vn -0.99999 0.00420 -0.00001
vn -0.99999 0.00420 0.00002
vn -0.99999 0.00420 0.00001
vn 0.00385 0.97191 0.23531
vn 0.00385 0.97191 0.23531
vn 0.00385 0.97191 0.23531
vn 0.00385 0.97191 0.23531
vn -0.99999 0.00419 0.00001
vn 0.00396 0.99999 0.00000
vn 0.00396 0.99999 0.00000
vn 0.00396 0.99999 0.00000
vn 0.00396 0.99999 0.00000
vn -0.99999 0.00419 0.00001
vn -0.99999 0.00419 -0.00000
vn -0.99999 0.00419 -0.00000
vn -0.00396 -0.99999 -0.00000
vn -0.00396 -0.99999 -0.00000
vn -0.00396 -0.99999 -0.00000
vn -0.00396 -0.99999 -0.00000
vn -0.00396 -0.99999 -0.00000
vn -0.00396 -0.99999 -0.00000
vn -0.00396 -0.99999 -0.00000
vn -0.00396 -0.99999 -0.00000
vn -0.00000 0.87198 -0.48954
vn 0.00000 0.87198 -0.48954
vn 0.00000 0.87198 -0.48954
vn -0.00000 0.99960 0.02835
vn -0.00129 0.99958 0.02905
vn -0.00125 0.99958 0.02903
vn -0.00000 0.99960 0.02835
vn -0.00133 0.99953 0.03046
vn 0.19067 -0.71517 -0.67244
vn 0.19067 -0.71517 -0.67244
vn 0.19067 -0.71517 -0.67244
vn 0.19067 -0.71517 -0.67244
vn -0.00218 0.85646 -0.51621
vn -0.00218 0.85646 -0.51621
vn -0.00218 0.85646 -0.51621
vn -0.00218 0.85646 -0.51621
vn -0.00000 -0.72854 -0.68501
vn -0.00000 -0.72854 -0.68501
vn 0.00000 -0.72854 -0.68500
vn 0.00000 -0.72854 -0.68500
vn 0.00000 -0.72854 -0.68500
vn 0.00000 -0.72854 -0.68500
vn -0.00000 0.84112 -0.54085
vn -0.00000 0.84112 -0.54085
vn -0.00000 0.84112 -0.54085
vn -0.00000 0.84112 -0.54085
vn -0.00129 0.99953 0.03049
vn 0.00000 0.02350 0.99972
vn 0.00000 0.02350 0.99972
vn 0.00000 0.02350 0.99972
vn 0.00000 0.02350 0.99972
vn -0.00000 0.02351 0.99972
vn -0.00000 0.02351 0.99972
vn 0.19067 -0.59196 -0.78309
vn 0.19067 -0.59196 -0.78309
vn 0.19067 -0.59196 -0.78309
vn 0.19067 -0.59196 -0.78309
vn -0.00000 0.79772 -0.60302
vn -0.00000 0.79772 -0.60302
vn -0.00000 0.79772 -0.60302
vn 0.02447 -0.26701 -0.96338
vn 0.02447 -0.26701 -0.96338
vn 0.02447 -0.26701 -0.96338
vn 0.02447 -0.26701 -0.96338
vn 0.00000 -0.60303 -0.79772
vn 0.00000 -0.60303 -0.79772
vn 0.00000 -0.60303 -0.79772
vn 0.00000 -0.60303 -0.79772
vn -0.00000 0.79772 -0.60302
vn 0.00000 0.79772 -0.60302
vn 0.00000 0.79772 -0.60302
vn -0.00936 0.81508 -0.57927
vn -0.00936 0.81508 -0.57927
vn -0.00936 0.81508 -0.57927
vn -0.00936 0.81508 -0.57927
vn -0.00000 0.60302 0.79772
vn 0.00000 0.60302 0.79772
vn 0.00000 0.60302 0.79772
vn -0.00000 0.60302 0.79772
vn -0.00000 0.60302 0.79772
vn -0.00000 0.60302 0.79772
vn -0.00000 0.60302 0.79772
vn 0.00000 0.34969 -0.93686
vn 0.00000 0.72767 -0.68592
vn 0.00000 0.72767 -0.68592
vn 0.00000 0.72767 -0.68592
vn 0.00000 0.72767 -0.68592
vn -0.02218 0.73899 -0.67335
vn -0.02218 0.73899 -0.67335
vn -0.02218 0.73899 -0.67335
vn -0.02218 0.73899 -0.67335
vn 0.19067 -0.91968 -0.34328
vn 0.19067 -0.91968 -0.34328
vn 0.19067 -0.91968 -0.34328
vn 0.19067 -0.91968 -0.34328
vn 0.00000 0.34969 -0.93686
vn 0.00000 0.34969 -0.93686
vn 0.00000 -0.93686 -0.34969
vn 0.00000 -0.93686 -0.34969
vn 0.00000 -0.93687 -0.34969
vn 0.00000 -0.93687 -0.34969
vn 0.00000 -0.93687 -0.34969
vn 0.00000 -0.93687 -0.34969
vn 0.00000 0.34970 -0.93686
vn 0.00000 0.34969 -0.93686
vn 0.00000 0.34970 -0.93686
vn -0.00000 0.75124 -0.66003
vn -0.00000 0.75124 -0.66003
vn -0.00000 0.75124 -0.66003
vn -0.00000 0.66988 0.74247
vn -0.00000 0.66988 0.74247
vn -0.00000 0.66988 0.74247
vn -0.00000 0.66988 0.74247
vn -0.00000 0.66988 0.74247
vn -0.00000 0.66988 0.74247
vn 0.19067 -0.92191 -0.33723
vn 0.19067 -0.92191 -0.33723
vn 0.19067 -0.92191 -0.33723
vn 0.19067 -0.92191 -0.33723
vn 0.00000 -0.93914 -0.34353
vn 0.00000 -0.93914 -0.34353
vn 0.00000 -0.93914 -0.34353
vn 0.00000 -0.93914 -0.34353
vn 0.00000 -0.93914 -0.34353
vn 0.00000 -0.93914 -0.34353
vn 0.00000 0.34353 -0.93914
vn -0.00000 0.34353 -0.93914
vn -0.00000 0.34353 -0.93914
vn -0.00000 0.34353 -0.93914
vn 0.00000 0.34353 -0.93914
vn -0.00000 0.34353 -0.93914
vn -0.00000 0.93914 0.34354
vn -0.00000 0.93914 0.34354
vn -0.00000 0.93914 0.34354
vn -0.00000 0.93914 0.34354
vn -0.00000 0.93914 0.34353
vn -0.00000 0.93914 0.34353
vn -0.99995 -0.00998 -0.00268
vn -0.99997 -0.00772 -0.00220
vn -0.99995 -0.00998 -0.00268
vn 0.00396 -0.99999 0.00000
vn 0.00396 -0.99999 0.00000
vn 0.00396 -0.99999 0.00000
vn 0.00396 -0.99999 0.00000
vn -0.00349 0.88177 0.47166
vn -0.00349 0.88177 0.47166
vn -0.00349 0.88177 0.47166
vn -0.00349 0.88177 0.47166
vn 0.00394 -0.99452 -0.10445
vn 0.00394 -0.99452 -0.10445
vn 0.00394 -0.99452 -0.10445
vn 0.00394 -0.99452 -0.10445
vn -0.99995 -0.00932 -0.00254
vn -0.99999 -0.00472 -0.00077
vn 0.00385 -0.97191 0.23531
vn 0.00385 -0.97191 0.23531
vn 0.00385 -0.97191 0.23531
vn 0.00385 -0.97191 0.23531
vn -0.99999 -0.00524 -0.00157
vn -0.99999 -0.00419 0.00001
vn -0.00396 0.99999 -0.00000
vn -0.00396 0.99999 -0.00000
vn -0.00396 0.99999 -0.00000
vn -0.99999 -0.00419 -0.00001
vn -0.99999 -0.00419 0.00001
vn 0.00396 -0.99999 0.00000
vn 0.00396 -0.99999 0.00000
vn 0.00396 -0.99999 0.00000
vn 0.00396 -0.99999 0.00000
vn -0.00334 0.84372 0.53677
vn -0.00334 0.84372 0.53677
vn -0.00334 0.84372 0.53677
vn -0.00334 0.84372 0.53677
vn -0.00396 0.99999 -0.00000
vn -0.00396 0.99999 -0.00000
vn -0.00396 0.99999 -0.00000
vn -0.00396 0.99999 -0.00000
vn -0.00396 0.99999 -0.00000
vn -0.00396 0.99999 -0.00000
vn -0.99999 -0.00419 0.00000
vn -0.99999 -0.00419 0.00000
vn -0.99999 0.00419 0.00000
vn -0.00396 -0.99999 0.00000
vn -0.00396 -0.99999 0.00000
vn -0.00396 -0.99999 0.00000
vn -0.00396 -0.99999 0.00000
vn -0.00396 -0.99999 0.00000
vn -0.00396 -0.99999 0.00000
vn 0.00395 0.99664 0.08177
vn 0.00395 0.99664 0.08177
vn 0.00395 0.99664 0.08177
vn 0.00395 0.99664 0.08177
vn 0.00397 0.99999 -0.00000
vn 0.00397 0.99999 -0.00000
vn 0.00397 0.99999 -0.00000
vn 0.00397 0.99999 -0.00000
vn 0.00385 0.97191 -0.23531
vn 0.00385 0.97191 -0.23531
vn 0.00385 0.97191 -0.23531
vn 0.00385 0.97191 -0.23531
vn 0.00396 0.99999 -0.00000
vn 0.00396 0.99999 -0.00000
vn 0.00396 0.99999 -0.00000
vn 0.00396 0.99999 -0.00000
vn -0.99999 0.00419 0.00000
vn -0.99999 0.00419 -0.00002
vn -0.99999 0.00419 0.00000
vn -0.99999 0.00419 -0.00001
vn -0.99999 0.00420 -0.00001
vn -0.99999 0.00420 -0.00001
vn -0.99999 0.00420 0.00000
vn -0.00396 -0.99999 0.00000
vn -0.00396 -0.99999 0.00000
vn -0.00396 -0.99999 0.00000
vn -0.00396 -0.99999 0.00000
vn 0.00159 0.87523 0.48370
vn -0.00082 0.87521 0.48374
vn -0.00082 0.87521 0.48374
vn 0.00000 0.99960 -0.02835
vn -0.00129 0.99958 -0.02905
vn 0.00000 0.99960 -0.02835
vn -0.00125 0.99958 -0.02903
vn -0.00133 0.99953 -0.03046
vn 0.19067 -0.71517 0.67244
vn 0.19067 -0.71517 0.67244
vn 0.19067 -0.71517 0.67244
vn 0.19067 -0.71517 0.67244
vn -0.00218 0.85646 0.51621
vn -0.00218 0.85646 0.51621
vn -0.00218 0.85646 0.51621
vn -0.00218 0.85646 0.51621
vn 0.03062 -0.72819 0.68469
vn 0.03062 -0.72819 0.68469
vn 0.03062 -0.72819 0.68469
vn 0.03062 -0.72819 0.68469
vn 0.00000 -0.72854 0.68500
vn 0.00000 -0.72854 0.68500
vn 0.00000 -0.72854 0.68500
vn 0.00000 -0.72854 0.68500
vn 0.00000 0.84112 0.54085
vn 0.00000 0.84112 0.54085
vn 0.00000 0.84112 0.54085
vn 0.00000 0.84112 0.54085
vn -0.00000 0.99951 -0.03122
vn -0.00129 0.99953 -0.03049
vn -0.00000 0.02350 -0.99972
vn -0.00000 0.02351 -0.99972
vn -0.00000 0.02350 -0.99972
vn -0.00000 0.02351 -0.99972
vn -0.00000 0.02351 -0.99972
vn -0.00000 0.02351 -0.99972
vn 0.00000 0.02351 -0.99972
vn 0.00000 0.02351 -0.99972
vn 0.19067 -0.59196 0.78309
vn 0.19067 -0.59196 0.78309
vn 0.19067 -0.59196 0.78309
vn 0.19067 -0.59196 0.78309
vn -0.00000 0.79772 0.60302
vn -0.00000 0.79772 0.60302
vn -0.00000 0.79772 0.60302
vn 0.05747 -0.32894 0.94260
vn 0.05747 -0.32894 0.94260
vn 0.05747 -0.32894 0.94260
vn 0.05747 -0.32894 0.94260
vn 0.00000 -0.60302 0.79772
vn 0.00000 -0.60302 0.79772
vn 0.00000 -0.60302 0.79772
vn 0.00000 -0.60302 0.79772
vn -0.00000 0.79772 0.60302
vn 0.00000 0.79772 0.60302
vn 0.00000 0.79772 0.60302
vn -0.02735 0.81540 0.57825
vn -0.02735 0.81540 0.57825
vn -0.02735 0.81540 0.57825
vn -0.02735 0.81540 0.57825
vn -0.00000 0.60302 -0.79772
vn -0.00000 0.60302 -0.79772
vn -0.00000 0.60302 -0.79772
vn -0.00000 0.60302 -0.79772
vn -0.00000 0.60302 -0.79772
vn -0.00000 0.60302 -0.79772
vn -0.00000 0.34970 0.93686
vn -0.00000 0.34970 0.93686
vn 0.00000 0.34970 0.93686
vn 0.00000 0.72767 0.68592
vn 0.00000 0.72767 0.68592
vn 0.00000 0.72767 0.68592
vn 0.00000 0.72767 0.68592
vn -0.02218 0.73899 0.67335
vn -0.02218 0.73899 0.67335
vn -0.02218 0.73899 0.67335
vn -0.02218 0.73899 0.67335
vn 0.19067 -0.91968 0.34328
vn 0.19067 -0.91968 0.34328
vn 0.19067 -0.91968 0.34328
vn 0.19067 -0.91968 0.34328
vn -0.00000 0.34970 0.93686
vn 0.00000 -0.93686 0.34969
vn 0.00000 -0.93687 0.34969
vn 0.00000 -0.93687 0.34969
vn 0.00000 -0.93686 0.34969
vn 0.00000 -0.93686 0.34969
vn 0.00000 -0.93686 0.34969
vn 0.00000 -0.93686 0.34969
vn 0.00000 0.34970 0.93686
vn -0.00000 0.34970 0.93686
vn 0.00000 0.34970 0.93686
vn 0.00981 0.79164 0.61091
vn 0.00981 0.79164 0.61091
vn 0.00981 0.79164 0.61091
vn 0.00981 0.79164 0.61091
vn -0.00000 0.66988 -0.74247
vn 0.00645 0.66987 -0.74245
vn -0.00000 0.66988 -0.74247
vn -0.00000 0.66988 -0.74247
vn -0.00000 0.66988 -0.74247
vn 0.00637 0.66987 -0.74246
vn 0.01283 0.66982 -0.74241
vn 0.01283 0.66982 -0.74241
vn 0.19067 -0.92191 0.33723
vn 0.19067 -0.92191 0.33723
vn 0.19067 -0.92191 0.33723
vn 0.19067 -0.92191 0.33723
vn 0.00000 -0.93914 0.34353
vn 0.00000 -0.93914 0.34353
vn 0.00000 -0.93914 0.34353
vn 0.00000 -0.93914 0.34353
vn 0.00000 -0.93914 0.34353
vn 0.00000 -0.93914 0.34353
vn 0.00000 -0.93914 0.34353
vn 0.00000 0.34353 0.93914
vn 0.00000 0.34353 0.93914
vn -0.00000 0.34353 0.93914
vn 0.00000 0.34353 0.93914
vn 0.00000 0.34353 0.93914
vn -0.00000 0.34353 0.93914
vn 0.00000 0.34353 0.93914
vn -0.00000 0.93914 -0.34354
vn -0.00000 0.93914 -0.34354
vn -0.00000 0.93914 -0.34354
vn -0.00000 0.93914 -0.34354
vn -0.00000 0.93914 -0.34354
vn -0.00000 0.93914 -0.34354
g Metal
usemtl Metal
f 1/1/1 2/2/2 3/3/3
f 2/2/2 1/1/1 4/4/4
f 5/5/5 6/6/6 7/7/7
f 8/8/8 7/7/7 6/6/6
f 9/9/9 10/10/10 11/11/11
f 12/12/12 11/11/11 10/10/10
f 13/13/13 14/14/14 15/15/15
f 14/14/14 13/13/13 16/16/16
f 17/17/17 18/18/18 19/19/19
f 20/20/20 18/18/18 17/17/17
f 21/21/21 22/22/22 23/23/23
f 21/21/21 24/24/24 22/22/22
f 25/25/25 26/26/26 27/27/27
f 28/28/28 26/26/26 25/25/25
f 29/29/29 30/30/30 31/31/31
f 32/32/32 29/29/29 31/31/31
f 33/33/33 34/34/34 35/35/35
f 36/36/36 34/34/34 33/33/33
f 37/37/37 38/38/38 39/39/39
f 40/40/40 39/39/39 38/38/38
f 41/41/41 42/42/42 43/43/43
f 41/41/41 43/43/43 44/44/44
f 41/41/41 45/45/45 42/42/42
f 46/46/46 47/47/47 48/48/48
f 45/45/45 47/47/47 46/46/46
f 45/45/45 41/41/41 47/47/47
f 42/42/42 45/45/45 49/49/49
f 49/49/49 45/45/45 50/50/50
f 50/50/50 51/51/51 49/49/49
f 51/51/51 50/50/50 52/52/52
f 53/53/53 54/54/54 55/55/55
f 56/56/56 53/53/53 57/57/57
f 57/57/57 58/58/58 56/56/56
f 59/59/59 60/60/60 61/61/61
f 59/59/59 57/57/57 60/60/60
f 59/59/59 58/58/58 57/57/57
f 62/62/62 63/63/63 64/64/64
f 62/62/62 65/65/65 66/66/66
f 63/63/63 61/61/61 60/60/60
f 61/61/61 63/63/63 62/62/62
f 67/67/67 68/68/68 69/69/69
f 70/70/70 67/67/67 71/71/71
f 72/72/72 71/71/71 67/67/67
f 54/54/54 53/53/53 56/56/56
f 54/54/54 71/71/71 72/72/72
f 55/55/55 54/54/54 72/72/72
f 73/73/73 74/74/74 75/75/75
f 74/74/74 73/73/73 76/76/76
f 68/68/68 67/67/67 70/70/70
f 68/68/68 77/77/77 69/69/69
f 78/78/78 79/79/79 77/77/77
f 78/78/78 77/77/77 68/68/68
f 80/80/80 81/81/81 82/82/82
f 80/80/80 82/82/82 83/83/83
f 84/84/84 85/85/85 86/86/86
f 84/84/84 86/86/86 87/87/87
f 88/88/88 89/89/89 90/90/90
f 90/90/90 91/91/91 88/88/88
f 92/92/92 93/93/93 94/94/94
f 92/92/92 95/95/95 93/93/93
f 96/96/96 97/97/97 98/98/98
f 96/96/96 99/99/99 97/97/97
f 100/100/100 101/101/101 102/102/102
f 101/101/101 100/100/100 103/103/103
f 104/104/104 105/105/105 106/106/106
f 105/105/105 104/104/104 107/107/107
f 108/108/108 109/109/109 110/110/110
f 109/109/109 108/108/108 111/111/111
f 112/112/112 113/113/113 114/114/114
f 113/113/113 112/112/112 115/115/115
f 65/65/65 62/62/62 64/64/64
f 66/66/66 79/79/79 116/116/116
f 79/79/79 78/78/78 116/116/116
f 79/79/79 66/66/66 65/65/65
f 117/117/117 118/118/118 119/119/119
f 117/117/117 120/120/120 118/118/118
f 121/121/121 122/122/122 120/120/120
f 123/123/123 121/121/121 124/124/124
f 125/125/125 122/122/122 126/126/126
f 122/122/122 121/121/121 123/123/123
f 120/120/120 117/117/117 121/121/121
f 120/120/120 122/122/122 125/125/125
f 127/127/127 128/128/128 129/129/129
f 127/127/127 130/130/130 128/128/128
f 131/131/131 132/132/132 133/133/133
f 132/132/132 131/131/131 134/134/134
f 135/135/135 136/136/136 137/137/137
f 136/136/136 135/135/135 138/138/138
f 139/139/139 140/140/140 141/141/141
f 140/140/140 139/139/139 142/142/142
f 143/143/143 144/144/144 145/145/145
f 146/146/146 144/144/144 143/143/143
g DarkWood
usemtl DarkWood
f 147/147/147 148/148/148 149/149/149
f 147/147/147 150/150/150 148/148/148
f 151/151/151 152/152/152 153/153/153
f 154/154/154 152/152/152 151/151/151
f 155/155/155 156/156/156 157/157/157
f 156/156/156 155/155/155 158/158/158
f 159/159/159 160/160/160 161/161/161
f 160/160/160 159/159/159 162/162/162
f 163/163/163 164/164/164 165/165/165
f 164/164/164 163/163/163 166/166/166
f 167/167/167 168/168/168 169/169/169
f 168/168/168 167/167/167 170/170/170
f 171/171/171 172/172/172 173/173/173
f 174/174/174 172/172/172 171/171/171
f 175/175/175 176/176/176 177/177/177
f 178/178/178 176/176/176 175/175/175
f 179/179/179 180/180/180 181/181/181
f 182/182/182 180/180/180 179/179/179
f 183/183/183 184/184/184 185/185/185
f 186/186/186 184/184/184 183/183/183
f 187/187/187 188/188/188 189/189/189
f 190/190/190 191/191/191 192/192/192
f 193/193/193 192/192/192 191/191/191
f 191/191/191 194/194/194 193/193/193
f 191/191/191 190/190/190 187/187/187
f 195/195/195 196/196/196 197/197/197
f 188/188/188 187/187/187 190/190/190
f 188/188/188 198/198/198 189/189/189
f 199/199/199 200/200/200 201/201/201
f 202/202/202 203/203/203 204/204/204
f 203/203/203 202/202/202 205/205/205
f 203/203/203 206/206/206 204/204/204
f 207/207/207 208/208/208 209/209/209
f 210/210/210 208/208/208 207/207/207
f 211/211/211 212/212/212 206/206/206
f 211/211/211 206/206/206 203/203/203
f 201/201/201 212/212/212 211/211/211
f 201/201/201 200/200/200 212/212/212
f 213/213/213 214/214/214 215/215/215
f 213/213/213 216/216/216 217/217/217
f 216/216/216 213/213/213 215/215/215
f 217/217/217 218/218/218 219/219/219
f 220/220/220 221/221/221 222/222/222
f 223/223/223 221/221/221 220/220/220
f 224/224/224 225/225/225 226/226/226
f 225/225/225 224/224/224 227/227/227
f 228/228/228 229/229/229 230/230/230
f 229/229/229 228/228/228 231/231/231
f 232/232/232 233/233/233 234/234/234
f 233/233/233 232/232/232 235/235/235
f 236/236/236 237/237/237 238/238/238
f 239/239/239 237/237/237 236/236/236
f 240/240/240 241/241/241 242/242/242
f 243/243/243 241/241/241 240/240/240
f 244/244/244 245/245/245 246/246/246
f 246/246/246 247/247/247 244/244/244
f 196/196/196 195/195/195 248/248/248
f 249/249/249 197/197/197 196/196/196
f 249/249/249 196/196/196 250/250/250
f 251/251/251 198/198/198 188/188/188
f 251/251/251 252/252/252 198/198/198
f 253/253/253 249/249/249 250/250/250
f 253/253/253 250/250/250 252/252/252
f 253/253/253 252/252/252 251/251/251
f 254/254/254 255/255/255 256/256/256
f 256/256/256 257/257/257 254/254/254
f 258/258/258 259/259/259 260/260/260
f 259/259/259 258/258/258 261/261/261
f 262/262/262 263/263/263 264/264/264
f 263/263/263 262/262/262 265/265/265
f 266/266/266 267/267/267 268/268/268
f 266/266/266 269/269/269 267/267/267
f 269/269/269 270/270/270 271/271/271
f 269/269/269 271/271/271 267/267/267
f 272/272/272 273/273/273 274/274/274
f 272/272/272 275/275/275 276/276/276
f 275/275/275 272/272/272 277/277/277
f 276/276/276 278/278/278 279/279/279
f 278/278/278 276/276/276 275/275/275
f 280/280/280 281/281/281 282/282/282
f 283/283/283 284/284/284 282/282/282
f 284/284/284 283/283/283 285/285/285
f 286/286/286 287/287/287 288/288/288
f 286/286/286 289/289/289 287/287/287
f 289/289/289 290/290/290 291/291/291
f 289/289/289 291/291/291 287/287/287
f 292/292/292 293/293/293 294/294/294
f 294/294/294 295/295/295 292/292/292
f 296/296/296 297/297/297 298/298/298
f 298/298/298 299/299/299 296/296/296
f 300/300/300 301/301/301 302/302/302
f 301/301/301 300/300/300 303/303/303
f 304/304/304 305/305/305 306/306/306
f 304/304/304 307/307/307 308/308/308
f 308/308/308 309/309/309 310/310/310
f 311/311/311 312/312/312 313/313/313
f 313/313/313 314/314/314 311/311/311
f 314/314/314 313/313/313 315/315/315
f 316/316/316 315/315/315 317/317/317
f 315/315/315 316/316/316 314/314/314
f 318/318/318 319/319/319 320/320/320
f 321/321/321 322/322/322 318/318/318
f 306/306/306 323/323/323 324/324/324
f 306/306/306 325/325/325 307/307/307
f 309/309/309 308/308/308 307/307/307
f 307/307/307 326/326/326 309/309/309
f 307/307/307 304/304/304 306/306/306
f 327/327/327 328/328/328 329/329/329
f 330/330/330 331/331/331 327/327/327
f 281/281/281 332/332/332 282/282/282
f 281/281/281 280/280/280 333/333/333
f 282/282/282 284/284/284 280/280/280
f 334/334/334 282/282/282 335/335/335
f 328/328/328 336/336/336 329/329/329
f 328/328/328 327/327/327 331/331/331
f 337/337/337 338/338/338 328/328/328
f 337/337/337 331/331/331 332/332/332
f 337/337/337 339/339/339 340/340/340
f 331/331/331 337/337/337 328/328/328
f 331/331/331 330/330/330 341/341/341
f 335/335/335 282/282/282 332/332/332
f 341/341/341 332/332/332 331/331/331
f 332/332/332 281/281/281 337/337/337
f 332/332/332 341/341/341 335/335/335
f 319/319/319 342/342/342 320/320/320
f 319/319/319 318/318/318 322/322/322
f 324/324/324 343/343/343 319/319/319
f 324/324/324 322/322/322 325/325/325
f 322/322/322 324/324/324 319/319/319
f 322/322/322 321/321/321 344/344/344
f 326/326/326 307/307/307 325/325/325
f 344/344/344 325/325/325 322/322/322
f 325/325/325 344/344/344 326/326/326
f 325/325/325 306/306/306 324/324/324
f 345/345/345 346/346/346 347/347/347
f 348/348/348 349/349/349 350/350/350
f 348/348/348 351/351/351 349/349/349
f 352/352/352 353/353/353 354/354/354
f 353/353/353 352/352/352 355/355/355
f 356/356/356 357/357/357 358/358/358
f 359/359/359 360/360/360 361/361/361
f 360/360/360 359/359/359 362/362/362
f 363/363/363 364/364/364 365/365/365
f 364/364/364 363/363/363 366/366/366
f 367/367/367 368/368/368 369/369/369
f 368/368/368 367/367/367 370/370/370
f 371/371/371 372/372/372 373/373/373
f 372/372/372 371/371/371 374/374/374
f 375/375/375 376/376/376 377/377/377
f 376/376/376 375/375/375 378/378/378
f 379/379/379 380/380/380 381/381/381
f 379/379/379 382/382/382 383/383/383
f 379/379/379 383/383/383 384/384/384
f 380/380/380 379/379/379 384/384/384
f 381/381/381 385/385/385 386/386/386
f 387/387/387 388/388/388 389/389/389
f 388/388/388 387/387/387 390/390/390
f 391/391/391 392/392/392 393/393/393
f 392/392/392 391/391/391 394/394/394
f 395/395/395 396/396/396 397/397/397
f 398/398/398 399/399/399 400/400/400
f 399/399/399 398/398/398 401/401/401
f 402/402/402 403/403/403 404/404/404
f 403/403/403 402/402/402 405/405/405
f 406/406/406 407/407/407 408/408/408
f 407/407/407 406/406/406 409/409/409
f 410/410/410 411/411/411 412/412/412
f 410/410/410 413/413/413 411/411/411
f 414/414/414 415/415/415 416/416/416
f 415/415/415 414/414/414 417/417/417
f 418/418/418 419/419/419 420/420/420
f 419/419/419 418/418/418 421/421/421
f 422/422/422 423/423/423 424/424/424
f 422/422/422 424/424/424 425/425/425
f 426/426/426 425/425/425 427/427/427
f 426/426/426 428/428/428 429/429/429
f 426/426/426 422/422/422 425/425/425
f 428/428/428 426/426/426 427/427/427
f 357/357/357 356/356/356 430/430/430
f 357/357/357 431/431/431 358/358/358
f 432/432/432 433/433/433 434/434/434
f 433/433/433 432/432/432 435/435/435
f 436/436/436 437/437/437 438/438/438
f 437/437/437 436/436/436 439/439/439
f 440/440/440 441/441/441 442/442/442
f 441/441/441 440/440/440 443/443/443
f 444/444/444 445/445/445 446/446/446
f 445/445/445 447/447/447 448/448/448
f 449/449/449 446/446/446 445/445/445
f 447/447/447 445/445/445 444/444/444
f 448/448/448 450/450/450 451/451/451
f 340/340/340 452/452/452 338/338/338
f 453/453/453 339/339/339 454/454/454
f 452/452/452 340/340/340 453/453/453
f 336/336/336 328/328/328 338/338/338
f 455/455/455 338/338/338 452/452/452
f 338/338/338 337/337/337 340/340/340
f 338/338/338 455/455/455 336/336/336
f 456/456/456 457/457/457 458/458/458
f 458/458/458 459/459/459 456/456/456
f 460/460/460 461/461/461 462/462/462
f 462/462/462 463/463/463 460/460/460
f 464/464/464 465/465/465 466/466/466
f 466/466/466 467/467/467 464/464/464
f 468/468/468 465/465/465 469/469/469
f 465/465/465 464/464/464 469/469/469
f 465/465/465 468/468/468 470/470/470
f 471/471/471 472/472/472 473/473/473
f 471/471/471 474/474/474 472/472/472
f 475/475/475 473/473/473 476/476/476
f 475/475/475 471/471/471 473/473/473
f 475/475/475 477/477/477 478/478/478
f 477/477/477 475/475/475 476/476/476
f 479/479/479 480/480/480 481/481/481
f 480/480/480 479/479/479 482/482/482
f 346/346/346 345/345/345 483/483/483
f 484/484/484 347/347/347 346/346/346
f 347/347/347 484/484/484 485/485/485
f 323/323/323 486/486/486 343/343/343
f 323/323/323 306/306/306 305/305/305
f 487/487/487 305/305/305 488/488/488
f 486/486/486 323/323/323 487/487/487
f 342/342/342 319/319/319 343/343/343
f 489/489/489 343/343/343 486/486/486
f 343/343/343 324/324/324 323/323/323
f 343/343/343 489/489/489 342/342/342
f 490/490/490 491/491/491 492/492/492
f 493/493/493 494/494/494 495/495/495
f 496/496/496 491/491/491 497/497/497
f 491/491/491 496/496/496 492/492/492
f 491/491/491 490/490/490 493/493/493
f 498/498/498 499/499/499 500/500/500
f 498/498/498 501/501/501 499/499/499
f 502/502/502 498/498/498 500/500/500
f 502/502/502 500/500/500 503/503/503
f 504/504/504 502/502/502 503/503/503
f 503/503/503 505/505/505 504/504/504
f 506/506/506 507/507/507 508/508/508
f 508/508/508 509/509/509 506/506/506
f 507/507/507 506/506/506 510/510/510
f 511/511/511 510/510/510 512/512/512
f 510/510/510 511/511/511 507/507/507
f 513/513/513 514/514/514 515/515/515
f 516/516/516 517/517/517 518/518/518
f 514/514/514 513/513/513 516/516/516
f 519/519/519 515/515/515 514/514/514
f 515/515/515 519/519/519 520/520/520
f 517/517/517 521/521/521 518/518/518
f 517/517/517 516/516/516 513/513/513
f 521/521/521 517/517/517 522/522/522
f 523/523/523 524/524/524 525/525/525
f 524/524/524 523/523/523 526/526/526
f 527/527/527 528/528/528 529/529/529
f 528/528/528 527/527/527 530/530/530
f 509/509/509 508/508/508 531/531/531
f 531/531/531 532/532/532 509/509/509
f 532/532/532 531/531/531 533/533/533
f 534/534/534 535/535/535 312/312/312
f 534/534/534 536/536/536 535/535/535
f 534/534/534 312/312/312 311/311/311
f 537/537/537 499/499/499 501/501/501
f 499/499/499 537/537/537 538/538/538
f 494/494/494 493/493/493 490/490/490
f 495/495/495 539/539/539 540/540/540
f 539/539/539 495/495/495 494/494/494
f 305/305/305 304/304/304 541/541/541
f 305/305/305 487/487/487 323/323/323
f 488/488/488 541/541/541 542/542/542
f 541/541/541 488/488/488 305/305/305
f 543/543/543 544/544/544 545/545/545
f 544/544/544 543/543/543 546/546/546
f 474/474/474 547/547/547 548/548/548
f 548/548/548 472/472/472 474/474/474
f 549/549/549 550/550/550 551/551/551
f 551/551/551 552/552/552 549/549/549
f 467/467/467 466/466/466 553/553/553
f 553/553/553 554/554/554 467/467/467
f 554/554/554 553/553/553 555/555/555
f 556/556/556 557/557/557 558/558/558
f 559/559/559 557/557/557 556/556/556
f 560/560/560 561/561/561 562/562/562
f 561/561/561 560/560/560 563/563/563
f 564/564/564 288/288/288 565/565/565
f 564/564/564 286/286/286 288/288/288
f 566/566/566 565/565/565 567/567/567
f 566/566/566 564/564/564 565/565/565
f 339/339/339 568/568/568 454/454/454
f 339/339/339 453/453/453 340/340/340
f 339/339/339 337/337/337 281/281/281
f 333/333/333 568/568/568 339/339/339
f 333/333/333 339/339/339 281/281/281
f 273/273/273 569/569/569 570/570/570
f 274/274/274 277/277/277 272/272/272
f 570/570/570 274/274/274 273/273/273
f 571/571/571 572/572/572 573/573/573
f 571/571/571 574/574/574 572/572/572
f 218/218/218 217/217/217 216/216/216
f 575/575/575 218/218/218 576/576/576
f 575/575/575 219/219/219 218/218/218
f 577/577/577 268/268/268 578/578/578
f 577/577/577 266/266/266 268/268/268
f 579/579/579 578/578/578 580/580/580
f 579/579/579 577/577/577 578/578/578
f 581/581/581 582/582/582 583/583/583
f 431/431/431 357/357/357 581/581/581
f 583/583/583 431/431/431 581/581/581
f 385/385/385 381/381/381 380/380/380
f 582/582/582 386/386/386 385/385/385
f 582/582/582 385/385/385 583/583/583
f 584/584/584 585/585/585 586/586/586
f 584/584/584 586/586/586 587/587/587
f 423/423/423 588/588/588 589/589/589
f 589/589/589 424/424/424 423/423/423
f 590/590/590 591/591/591 592/592/592
f 592/592/592 593/593/593 590/590/590
f 594/594/594 595/595/595 596/596/596
f 594/594/594 597/597/597 595/595/595
f 598/598/598 599/599/599 600/600/600
f 598/598/598 601/601/601 599/599/599
f 602/602/602 603/603/603 604/604/604
f 604/604/604 605/605/605 602/602/602
f 606/606/606 607/607/607 608/608/608
f 608/608/608 609/609/609 606/606/606
f 610/610/610 611/611/611 612/612/612
f 613/613/613 612/612/612 611/611/611
f 396/396/396 395/395/395 614/614/614
f 614/614/614 615/615/615 396/396/396
f 614/614/614 616/616/616 615/615/615
f 617/617/617 618/618/618 619/619/619
f 618/618/618 617/617/617 620/620/620
f 621/621/621 622/622/622 623/623/623
f 623/623/623 624/624/624 621/621/621
f 625/625/625 626/626/626 627/627/627
f 625/625/625 627/627/627 628/628/628
f 629/629/629 630/630/630 631/631/631
f 630/630/630 629/629/629 632/632/632
f 633/633/633 634/634/634 635/635/635
f 633/633/633 636/636/636 634/634/634
f 450/450/450 448/448/448 447/447/447
f 637/637/637 214/214/214 213/213/213
f 637/637/637 450/450/450 214/214/214
f 637/637/637 451/451/451 450/450/450
f 638/638/638 639/639/639 640/640/640
f 638/638/638 640/640/640 641/641/641
f 1238/1238/1238 1239/1239/1239 1240/1240/1240
f 1239/1239/1239 1238/1238/1238 1241/1241/1241
f 1242/1242/1242 1243/1243/1243 1244/1244/1244
f 1244/1244/1244 1245/1245/1245 1242/1242/1242
f 1244/1244/1244 1246/1246/1246 1247/1247/1247
f 1246/1246/1246 1244/1244/1244 1243/1243/1243
f 1248/1248/1248 1249/1249/1249 1250/1250/1250
f 1251/1251/1251 1252/1252/1252 1253/1253/1253
f 1251/1251/1251 1253/1253/1253 1254/1254/1254
f 1255/1255/1255 1256/1256/1256 1257/1257/1257
f 1256/1256/1256 1255/1255/1255 1258/1258/1258
f 1259/1259/1259 1257/1257/1257 1256/1256/1256
f 1257/1257/1257 1259/1259/1259 1260/1260/1260
f 1261/1261/1261 1262/1262/1262 1263/1263/1263
f 1264/1264/1264 1265/1265/1265 1266/1266/1266
f 1264/1264/1264 1266/1266/1266 1267/1267/1267
f 1262/1262/1262 1268/1268/1268 1269/1269/1269
f 1262/1262/1262 1269/1269/1269 1263/1263/1263
f 1262/1262/1262 1261/1261/1261 1270/1270/1270
f 1271/1271/1271 1272/1272/1272 1273/1273/1273
f 1272/1272/1272 1271/1271/1271 1274/1274/1274
f 1275/1275/1275 1276/1276/1276 1277/1277/1277
f 1249/1249/1249 1248/1248/1248 1278/1278/1278
f 1249/1249/1249 1279/1279/1279 1250/1250/1250
f 1249/1249/1249 1280/1280/1280 1279/1279/1279
f 1281/1281/1281 1282/1282/1282 1283/1283/1283
f 1281/1281/1281 1284/1284/1284 1285/1285/1285
f 1285/1285/1285 1286/1286/1286 1281/1281/1281
f 1284/1284/1284 1287/1287/1287 1288/1288/1288
f 1284/1284/1284 1288/1288/1288 1285/1285/1285
f 1288/1288/1288 1289/1289/1289 1290/1290/1290
f 1289/1289/1289 1291/1291/1291 1290/1290/1290
f 1289/1289/1289 1292/1292/1292 1291/1291/1291
f 1289/1289/1289 1288/1288/1288 1287/1287/1287
f 1277/1277/1277 1293/1293/1293 1275/1275/1275
f 1277/1277/1277 1294/1294/1294 1295/1295/1295
f 1294/1294/1294 1277/1277/1277 1276/1276/1276
f 1282/1282/1282 1281/1281/1281 1286/1286/1286
f 1292/1292/1292 1282/1282/1282 1291/1291/1291
f 1292/1292/1292 1283/1283/1283 1282/1282/1282
f 1296/1296/1296 1297/1297/1297 1298/1298/1298
f 1297/1297/1297 1296/1296/1296 1299/1299/1299
f 1300/1300/1300 1301/1301/1301 1302/1302/1302
f 1303/1303/1303 1304/1304/1304 1305/1305/1305
f 1304/1304/1304 1303/1303/1303 1306/1306/1306
f 1307/1307/1307 1308/1308/1308 1309/1309/1309
f 1310/1310/1310 1311/1311/1311 1312/1312/1312
f 1312/1312/1312 1311/1311/1311 1313/1313/1313
f 1314/1314/1314 1315/1315/1315 1316/1316/1316
f 1317/1317/1317 1315/1315/1315 1318/1318/1318
f 1315/1315/1315 1317/1317/1317 1319/1319/1319
f 1315/1315/1315 1314/1314/1314 1318/1318/1318
f 1320/1320/1320 1321/1321/1321 1322/1322/1322
f 1321/1321/1321 1320/1320/1320 1323/1323/1323
f 1321/1321/1321 1324/1324/1324 1325/1325/1325
f 1324/1324/1324 1321/1321/1321 1323/1323/1323
f 1326/1326/1326 1327/1327/1327 1328/1328/1328
f 1327/1327/1327 1326/1326/1326 1329/1329/1329
f 1330/1330/1330 1331/1331/1331 1332/1332/1332
f 1331/1331/1331 1330/1330/1330 1333/1333/1333
f 1334/1334/1334 1335/1335/1335 1336/1336/1336
f 1335/1335/1335 1334/1334/1334 1337/1337/1337
f 1338/1338/1338 1339/1339/1339 1340/1340/1340
f 1341/1341/1341 1342/1342/1342 1343/1343/1343
f 1344/1344/1344 1342/1342/1342 1341/1341/1341
f 1345/1345/1345 1346/1346/1346 1347/1347/1347
f 1346/1346/1346 1345/1345/1345 1348/1348/1348
f 1349/1349/1349 1350/1350/1350 1351/1351/1351
f 1350/1350/1350 1349/1349/1349 1352/1352/1352
f 1353/1353/1353 1354/1354/1354 1355/1355/1355
f 1356/1356/1356 1357/1357/1357 1358/1358/1358
f 1357/1357/1357 1356/1356/1356 1359/1359/1359
f 1360/1360/1360 1361/1361/1361 1362/1362/1362
f 1363/1363/1363 1364/1364/1364 1365/1365/1365
f 1366/1366/1366 1367/1367/1367 1368/1368/1368
f 1367/1367/1367 1366/1366/1366 1369/1369/1369
f 1370/1370/1370 1371/1371/1371 1372/1372/1372
f 1361/1361/1361 1360/1360/1360 1373/1373/1373
f 1361/1361/1361 1374/1374/1374 1362/1362/1362
f 1375/1375/1375 1376/1376/1376 1377/1377/1377
f 1376/1376/1376 1375/1375/1375 1378/1378/1378
f 1379/1379/1379 1380/1380/1380 1381/1381/1381
f 1380/1380/1380 1379/1379/1379 1382/1382/1382
f 1369/1369/1369 1383/1383/1383 1384/1384/1384
f 1369/1369/1369 1366/1366/1366 1385/1385/1385
f 1386/1386/1386 1387/1387/1387 1388/1388/1388
f 1386/1386/1386 1389/1389/1389 1390/1390/1390
f 1391/1391/1391 1392/1392/1392 1393/1393/1393
f 1392/1392/1392 1391/1391/1391 1394/1394/1394
f 1395/1395/1395 1302/1302/1302 1396/1396/1396
f 1397/1397/1397 1302/1302/1302 1395/1395/1395
f 1397/1397/1397 1300/1300/1300 1302/1302/1302
f 1398/1398/1398 1399/1399/1399 1400/1400/1400
f 1399/1399/1399 1398/1398/1398 1401/1401/1401
f 1308/1308/1308 1402/1402/1402 1403/1403/1403
f 1308/1308/1308 1307/1307/1307 1404/1404/1404
f 1402/1402/1402 1308/1308/1308 1404/1404/1404
f 1405/1405/1405 1406/1406/1406 1407/1407/1407
f 1407/1407/1407 1408/1408/1408 1405/1405/1405
f 1409/1409/1409 1410/1410/1410 1411/1411/1411
f 1410/1410/1410 1412/1412/1412 1411/1411/1411
f 1410/1410/1410 1409/1409/1409 1413/1413/1413
f 1410/1410/1410 1414/1414/1414 1412/1412/1412
f 1415/1415/1415 1416/1416/1416 1417/1417/1417
f 1416/1416/1416 1415/1415/1415 1418/1418/1418
f 1416/1416/1416 1419/1419/1419 1420/1420/1420
f 1417/1417/1417 1416/1416/1416 1420/1420/1420
f 1421/1421/1421 1422/1422/1422 1423/1423/1423
f 1422/1422/1422 1421/1421/1421 1424/1424/1424
f 1425/1425/1425 1426/1426/1426 1427/1427/1427
f 1426/1426/1426 1425/1425/1425 1428/1428/1428
f 1429/1429/1429 1430/1430/1430 1431/1431/1431
f 1430/1430/1430 1429/1429/1429 1432/1432/1432
f 1339/1339/1339 1338/1338/1338 1433/1433/1433
f 1339/1339/1339 1434/1434/1434 1435/1435/1435
f 1434/1434/1434 1339/1339/1339 1433/1433/1433
f 1436/1436/1436 1437/1437/1437 1438/1438/1438
f 1437/1437/1437 1436/1436/1436 1439/1439/1439
f 1440/1440/1440 1441/1441/1441 1442/1442/1442
f 1441/1441/1441 1440/1440/1440 1443/1443/1443
f 1444/1444/1444 1445/1445/1445 1446/1446/1446
f 1445/1445/1445 1444/1444/1444 1447/1447/1447
f 1354/1354/1354 1353/1353/1353 1448/1448/1448
f 1449/1449/1449 1448/1448/1448 1450/1450/1450
f 1448/1448/1448 1449/1449/1449 1354/1354/1354
f 1451/1451/1451 1452/1452/1452 1453/1453/1453
f 1452/1452/1452 1451/1451/1451 1454/1454/1454
f 1455/1455/1455 1456/1456/1456 1457/1457/1457
f 1458/1458/1458 1459/1459/1459 1460/1460/1460
f 1461/1461/1461 1462/1462/1462 1463/1463/1463
f 1464/1464/1464 1465/1465/1465 1466/1466/1466
f 1465/1465/1465 1464/1464/1464 1467/1467/1467
f 1468/1468/1468 1469/1469/1469 1470/1470/1470
f 1471/1471/1471 1472/1472/1472 1473/1473/1473
f 1456/1456/1456 1474/1474/1474 1475/1475/1475
f 1456/1456/1456 1455/1455/1455 1476/1476/1476
f 1476/1476/1476 1474/1474/1474 1456/1456/1456
f 1477/1477/1477 1478/1478/1478 1479/1479/1479
f 1478/1478/1478 1477/1477/1477 1480/1480/1480
f 1475/1475/1475 1374/1374/1374 1481/1481/1481
f 1374/1374/1374 1475/1475/1475 1474/1474/1474
f 1374/1374/1374 1361/1361/1361 1481/1481/1481
f 1482/1482/1482 1483/1483/1483 1484/1484/1484
f 1485/1485/1485 1483/1483/1483 1482/1482/1482
f 1486/1486/1486 1487/1487/1487 1488/1488/1488
f 1487/1487/1487 1486/1486/1486 1489/1489/1489
f 1466/1466/1466 1490/1490/1490 1491/1491/1491
f 1466/1466/1466 1491/1491/1491 1464/1464/1464
f 1387/1387/1387 1492/1492/1492 1388/1388/1388
f 1493/1493/1493 1492/1492/1492 1387/1387/1387
f 1389/1389/1389 1386/1386/1386 1388/1388/1388
f 1389/1389/1389 1494/1494/1494 1390/1390/1390
f 1389/1389/1389 1495/1495/1495 1494/1494/1494
f 1496/1496/1496 1497/1497/1497 1498/1498/1498
f 1499/1499/1499 1387/1387/1387 1496/1496/1496
f 1499/1499/1499 1493/1493/1493 1387/1387/1387
f 1499/1499/1499 1496/1496/1496 1498/1498/1498
f 1497/1497/1497 1496/1496/1496 1500/1500/1500
f 1500/1500/1500 1495/1495/1495 1497/1497/1497
f 1495/1495/1495 1500/1500/1500 1494/1494/1494
f 1501/1501/1501 1502/1502/1502 1503/1503/1503
f 1502/1502/1502 1501/1501/1501 1504/1504/1504
f 1505/1505/1505 1506/1506/1506 1507/1507/1507
f 1505/1505/1505 1508/1508/1508 1506/1506/1506
f 1508/1508/1508 1509/1509/1509 1510/1510/1510
f 1509/1509/1509 1508/1508/1508 1505/1505/1505
f 1511/1511/1511 1512/1512/1512 1513/1513/1513
f 1512/1512/1512 1511/1511/1511 1514/1514/1514
f 1515/1515/1515 1516/1516/1516 1517/1517/1517
f 1518/1518/1518 1519/1519/1519 1520/1520/1520
f 1519/1519/1519 1518/1518/1518 1521/1521/1521
f 1522/1522/1522 1523/1523/1523 1524/1524/1524
f 1525/1525/1525 1526/1526/1526 1527/1527/1527
f 1527/1527/1527 1528/1528/1528 1525/1525/1525
f 1529/1529/1529 1530/1530/1530 1531/1531/1531
f 1530/1530/1530 1532/1532/1532 1533/1533/1533
f 1530/1530/1530 1529/1529/1529 1534/1534/1534
f 1530/1530/1530 1533/1533/1533 1531/1531/1531
f 1535/1535/1535 1536/1536/1536 1537/1537/1537
f 1536/1536/1536 1538/1538/1538 1539/1539/1539
f 1536/1536/1536 1535/1535/1535 1540/1540/1540
f 1537/1537/1537 1536/1536/1536 1539/1539/1539
f 1541/1541/1541 1542/1542/1542 1543/1543/1543
f 1542/1542/1542 1541/1541/1541 1544/1544/1544
f 1545/1545/1545 1546/1546/1546 1547/1547/1547
f 1546/1546/1546 1545/1545/1545 1548/1548/1548
f 1549/1549/1549 1550/1550/1550 1551/1551/1551
f 1550/1550/1550 1549/1549/1549 1552/1552/1552
f 1553/1553/1553 1554/1554/1554 1555/1555/1555
f 1556/1556/1556 1557/1557/1557 1558/1558/1558
f 1559/1559/1559 1556/1556/1556 1558/1558/1558
f 1560/1560/1560 1561/1561/1561 1562/1562/1562
f 1561/1561/1561 1560/1560/1560 1563/1563/1563
f 1564/1564/1564 1565/1565/1565 1566/1566/1566
f 1565/1565/1565 1564/1564/1564 1567/1567/1567
f 1568/1568/1568 1569/1569/1569 1570/1570/1570
f 1571/1571/1571 1572/1572/1572 1573/1573/1573
f 1572/1572/1572 1571/1571/1571 1574/1574/1574
f 1575/1575/1575 1576/1576/1576 1577/1577/1577
f 1578/1578/1578 1579/1579/1579 1580/1580/1580
f 1578/1578/1578 1580/1580/1580 1581/1581/1581
f 1581/1581/1581 1582/1582/1582 1578/1578/1578
f 1582/1582/1582 1581/1581/1581 1583/1583/1583
f 1364/1364/1364 1363/1363/1363 1584/1584/1584
f 1364/1364/1364 1585/1585/1585 1365/1365/1365
f 1586/1586/1586 1365/1365/1365 1585/1585/1585
f 1587/1587/1587 1588/1588/1588 1589/1589/1589
f 1588/1588/1588 1587/1587/1587 1590/1590/1590
f 1371/1371/1371 1591/1591/1591 1372/1372/1372
f 1371/1371/1371 1370/1370/1370 1592/1592/1592
f 1593/1593/1593 1372/1372/1372 1591/1591/1591
f 1576/1576/1576 1594/1594/1594 1595/1595/1595
f 1576/1576/1576 1575/1575/1575 1596/1596/1596
f 1596/1596/1596 1594/1594/1594 1576/1576/1576
f 1597/1597/1597 1598/1598/1598 1599/1599/1599
f 1600/1600/1600 1598/1598/1598 1597/1597/1597
f 1601/1601/1601 1602/1602/1602 1603/1603/1603
f 1602/1602/1602 1601/1601/1601 1604/1604/1604
f 1589/1589/1589 1383/1383/1383 1605/1605/1605
f 1589/1589/1589 1605/1605/1605 1587/1587/1587
f 1383/1383/1383 1369/1369/1369 1385/1385/1385
f 1383/1383/1383 1589/1589/1589 1384/1384/1384
f 1606/1606/1606 1607/1607/1607 1608/1608/1608
f 1608/1608/1608 1609/1609/1609 1606/1606/1606
f 1610/1610/1610 1611/1611/1611 1612/1612/1612
f 1611/1611/1611 1610/1610/1610 1613/1613/1613
f 1614/1614/1614 1615/1615/1615 1516/1516/1516
f 1616/1616/1616 1516/1516/1516 1515/1515/1515
f 1616/1616/1616 1614/1614/1614 1516/1516/1516
f 1617/1617/1617 1618/1618/1618 1619/1619/1619
f 1618/1618/1618 1617/1617/1617 1620/1620/1620
f 1621/1621/1621 1523/1523/1523 1622/1622/1622
f 1523/1523/1523 1522/1522/1522 1623/1623/1623
f 1523/1523/1523 1621/1621/1621 1524/1524/1524
f 1624/1624/1624 1625/1625/1625 1626/1626/1626
f 1626/1626/1626 1625/1625/1625 1627/1627/1627
f 1628/1628/1628 1629/1629/1629 1630/1630/1630
f 1631/1631/1631 1629/1629/1629 1632/1632/1632
f 1629/1629/1629 1628/1628/1628 1632/1632/1632
f 1629/1629/1629 1631/1631/1631 1633/1633/1633
f 1634/1634/1634 1635/1635/1635 1636/1636/1636
f 1635/1635/1635 1637/1637/1637 1638/1638/1638
f 1635/1635/1635 1634/1634/1634 1639/1639/1639
f 1637/1637/1637 1635/1635/1635 1639/1639/1639
f 1640/1640/1640 1641/1641/1641 1642/1642/1642
f 1641/1641/1641 1640/1640/1640 1643/1643/1643
f 1644/1644/1644 1645/1645/1645 1646/1646/1646
f 1645/1645/1645 1644/1644/1644 1647/1647/1647
f 1648/1648/1648 1649/1649/1649 1650/1650/1650
f 1649/1649/1649 1648/1648/1648 1651/1651/1651
f 1554/1554/1554 1553/1553/1553 1652/1652/1652
f 1554/1554/1554 1653/1653/1653 1555/1555/1555
f 1653/1653/1653 1554/1554/1554 1654/1654/1654
f 1655/1655/1655 1656/1656/1656 1657/1657/1657
f 1655/1655/1655 1658/1658/1658 1656/1656/1656
f 1659/1659/1659 1660/1660/1660 1661/1661/1661
f 1660/1660/1660 1659/1659/1659 1662/1662/1662
f 1663/1663/1663 1664/1664/1664 1665/1665/1665
f 1664/1664/1664 1663/1663/1663 1666/1666/1666
f 1667/1667/1667 1668/1668/1668 1669/1669/1669
f 1569/1569/1569 1568/1568/1568 1667/1667/1667
f 1569/1569/1569 1667/1667/1667 1669/1669/1669
f 1670/1670/1670 1671/1671/1671 1672/1672/1672
f 1671/1671/1671 1670/1670/1670 1673/1673/1673
f 1674/1674/1674 1675/1675/1675 1676/1676/1676
f 1459/1459/1459 1458/1458/1458 1677/1677/1677
f 1460/1460/1460 1678/1678/1678 1679/1679/1679
f 1678/1678/1678 1460/1460/1460 1459/1459/1459
f 1462/1462/1462 1461/1461/1461 1680/1680/1680
f 1680/1680/1680 1681/1681/1681 1682/1682/1682
f 1680/1680/1680 1682/1682/1682 1462/1462/1462
f 1683/1683/1683 1684/1684/1684 1685/1685/1685
f 1684/1684/1684 1683/1683/1683 1686/1686/1686
f 1687/1687/1687 1688/1688/1688 1689/1689/1689
f 1688/1688/1688 1687/1687/1687 1690/1690/1690
f 1469/1469/1469 1468/1468/1468 1691/1691/1691
f 1692/1692/1692 1469/1469/1469 1691/1691/1691
f 1692/1692/1692 1691/1691/1691 1693/1693/1693
f 1472/1472/1472 1694/1694/1694 1473/1473/1473
f 1472/1472/1472 1471/1471/1471 1695/1695/1695
f 1696/1696/1696 1473/1473/1473 1694/1694/1694
f 1675/1675/1675 1697/1697/1697 1676/1676/1676
f 1675/1675/1675 1674/1674/1674 1698/1698/1698
f 1699/1699/1699 1700/1700/1700 1701/1701/1701
f 1701/1701/1701 1702/1702/1702 1699/1699/1699
f 1697/1697/1697 1675/1675/1675 1703/1703/1703
f 1594/1594/1594 1703/1703/1703 1595/1595/1595
f 1594/1594/1594 1697/1697/1697 1703/1703/1703
f 1704/1704/1704 1705/1705/1705 1706/1706/1706
f 1705/1705/1705 1704/1704/1704 1707/1707/1707
f 1708/1708/1708 1709/1709/1709 1710/1710/1710
f 1711/1711/1711 1709/1709/1709 1708/1708/1708
f 1490/1490/1490 1466/1466/1466 1712/1712/1712
f 1490/1490/1490 1690/1690/1690 1713/1713/1713
f 1690/1690/1690 1687/1687/1687 1713/1713/1713
f 1690/1690/1690 1490/1490/1490 1712/1712/1712
f 1714/1714/1714 1607/1607/1607 1715/1715/1715
f 1607/1607/1607 1606/1606/1606 1715/1715/1715
f 1607/1607/1607 1716/1716/1716 1717/1717/1717
f 1609/1609/1609 1608/1608/1608 1718/1718/1718
f 1718/1718/1718 1719/1719/1719 1609/1609/1609
f 1717/1717/1717 1720/1720/1720 1721/1721/1721
f 1716/1716/1716 1607/1607/1607 1714/1714/1714
f 1716/1716/1716 1720/1720/1720 1717/1717/1717
f 1722/1722/1722 1717/1717/1717 1721/1721/1721
f 1722/1722/1722 1719/1719/1719 1723/1723/1723
f 1719/1719/1719 1722/1722/1722 1721/1721/1721
f 1719/1719/1719 1718/1718/1718 1723/1723/1723
f 1724/1724/1724 1725/1725/1725 1726/1726/1726
f 1725/1725/1725 1724/1724/1724 1727/1727/1727
f 1728/1728/1728 1729/1729/1729 1730/1730/1730
f 1729/1729/1729 1728/1728/1728 1731/1731/1731
f 1729/1729/1729 1732/1732/1732 1730/1730/1730
f 1732/1732/1732 1729/1729/1729 1733/1733/1733
f 1734/1734/1734 1735/1735/1735 1736/1736/1736
f 1735/1735/1735 1734/1734/1734 1737/1737/1737
g Wood
usemtl Wood
f 642/642/642 643/643/643 644/644/644
f 643/643/643 642/642/642 645/645/645
f 646/646/646 647/647/647 648/648/648
f 647/647/647 646/646/646 649/649/649
f 650/650/650 651/651/651 652/652/652
f 651/651/651 650/650/650 653/653/653
f 654/654/654 655/655/655 656/656/656
f 654/654/654 656/656/656 657/657/657
f 658/658/658 659/659/659 660/660/660
f 659/659/659 658/658/658 661/661/661
f 662/662/662 663/663/663 664/664/664
f 665/665/665 666/666/666 667/667/667
f 668/668/668 669/669/669 670/670/670
f 671/671/671 672/672/672 673/673/673
f 672/672/672 671/671/671 674/674/674
f 675/675/675 676/676/676 677/677/677
f 676/676/676 678/678/678 679/679/679
f 678/678/678 676/676/676 675/675/675
f 680/680/680 681/681/681 682/682/682
f 683/683/683 680/680/680 682/682/682
f 684/684/684 685/685/685 686/686/686
f 684/684/684 686/686/686 687/687/687
f 688/688/688 689/689/689 690/690/690
f 691/691/691 690/690/690 689/689/689
f 692/692/692 693/693/693 694/694/694
f 693/693/693 695/695/695 696/696/696
f 693/693/693 692/692/692 695/695/695
f 697/697/697 698/698/698 699/699/699
f 700/700/700 701/701/701 702/702/702
f 703/703/703 704/704/704 705/705/705
f 703/703/703 705/705/705 706/706/706
f 701/701/701 700/700/700 707/707/707
f 707/707/707 708/708/708 701/701/701
f 709/709/709 710/710/710 711/711/711
f 710/710/710 709/709/709 712/712/712
f 696/696/696 713/713/713 693/693/693
f 713/713/713 714/714/714 715/715/715
f 716/716/716 717/717/717 718/718/718
f 717/717/717 716/716/716 719/719/719
f 720/720/720 721/721/721 722/722/722
f 723/723/723 722/722/722 724/724/724
f 722/722/722 723/723/723 720/720/720
f 725/725/725 726/726/726 727/727/727
f 726/726/726 725/725/725 728/728/728
f 669/669/669 668/668/668 729/729/729
f 670/670/670 730/730/730 731/731/731
f 732/732/732 733/733/733 734/734/734
f 733/733/733 732/732/732 735/735/735
f 730/730/730 670/670/670 669/669/669
f 736/736/736 731/731/731 730/730/730
f 737/737/737 731/731/731 736/736/736
f 738/738/738 666/666/666 739/739/739
f 666/666/666 665/665/665 740/740/740
f 666/666/666 738/738/738 667/667/667
f 741/741/741 742/742/742 743/743/743
f 742/742/742 741/741/741 744/744/744
f 745/745/745 663/663/663 746/746/746
f 663/663/663 745/745/745 664/664/664
f 663/663/663 662/662/662 747/747/747
f 748/748/748 749/749/749 750/750/750
f 748/748/748 677/677/677 749/749/749
f 677/677/677 676/676/676 751/751/751
f 751/751/751 749/749/749 677/677/677
f 752/752/752 753/753/753 754/754/754
f 753/753/753 748/748/748 750/750/750
f 750/750/750 754/754/754 753/753/753
f 755/755/755 756/756/756 757/757/757
f 758/758/758 756/756/756 755/755/755
f 714/714/714 759/759/759 715/715/715
f 714/714/714 713/713/713 696/696/696
f 760/760/760 761/761/761 762/762/762
f 760/760/760 763/763/763 761/761/761
f 764/764/764 759/759/759 765/765/765
f 759/759/759 714/714/714 765/765/765
f 759/759/759 764/764/764 766/766/766
f 767/767/767 768/768/768 769/769/769
f 768/768/768 767/767/767 770/770/770
f 771/771/771 772/772/772 773/773/773
f 772/772/772 771/771/771 774/774/774
f 775/775/775 708/708/708 776/776/776
f 708/708/708 707/707/707 777/777/777
f 777/777/777 776/776/776 708/708/708
f 778/778/778 779/779/779 780/780/780
f 781/781/781 779/779/779 778/778/778
f 782/782/782 783/783/783 784/784/784
f 783/783/783 782/782/782 785/785/785
f 786/786/786 787/787/787 788/788/788
f 698/698/698 697/697/697 789/789/789
f 790/790/790 788/788/788 787/787/787
f 789/789/789 787/787/787 698/698/698
f 787/787/787 789/789/789 790/790/790
f 791/791/791 721/721/721 792/792/792
f 791/791/791 793/793/793 794/794/794
f 721/721/721 720/720/720 795/795/795
f 795/795/795 792/792/792 721/721/721
f 796/796/796 797/797/797 798/798/798
f 796/796/796 799/799/799 797/797/797
f 800/800/800 798/798/798 801/801/801
f 800/800/800 796/796/796 798/798/798
f 793/793/793 791/791/791 792/792/792
f 802/802/802 794/794/794 793/793/793
f 794/794/794 802/802/802 803/803/803
f 804/804/804 805/805/805 806/806/806
f 807/807/807 808/808/808 809/809/809
f 808/808/808 807/807/807 810/810/810
f 811/811/811 812/812/812 813/813/813
f 814/814/814 812/812/812 811/811/811
f 815/815/815 816/816/816 817/817/817
f 818/818/818 816/816/816 815/815/815
f 819/819/819 820/820/820 821/821/821
f 805/805/805 804/804/804 822/822/822
f 823/823/823 822/822/822 824/824/824
f 822/822/822 823/823/823 805/805/805
f 825/825/825 826/826/826 827/827/827
f 828/828/828 826/826/826 825/825/825
f 829/829/829 830/830/830 831/831/831
f 830/830/830 829/829/829 832/832/832
f 833/833/833 834/834/834 835/835/835
f 836/836/836 834/834/834 833/833/833
f 837/837/837 838/838/838 839/839/839
f 838/838/838 837/837/837 840/840/840
f 841/841/841 842/842/842 843/843/843
f 841/841/841 844/844/844 842/842/842
f 841/841/841 845/845/845 844/844/844
f 846/846/846 847/847/847 848/848/848
f 849/849/849 850/850/850 851/851/851
f 852/852/852 853/853/853 854/854/854
f 853/853/853 852/852/852 855/855/855
f 850/850/850 849/849/849 856/856/856
f 850/850/850 857/857/857 858/858/858
f 859/859/859 860/860/860 861/861/861
f 862/862/862 860/860/860 859/859/859
f 843/843/843 842/842/842 863/863/863
f 843/843/843 863/863/863 864/864/864
f 865/865/865 866/866/866 867/867/867
f 867/867/867 868/868/868 865/865/865
f 869/869/869 870/870/870 871/871/871
f 871/871/871 872/872/872 869/869/869
f 873/873/873 874/874/874 875/875/875
f 876/876/876 877/877/877 878/878/878
f 876/876/876 874/874/874 873/873/873
f 877/877/877 876/876/876 873/873/873
f 879/879/879 880/880/880 881/881/881
f 881/881/881 882/882/882 879/879/879
f 883/883/883 820/820/820 884/884/884
f 820/820/820 819/819/819 884/884/884
f 820/820/820 883/883/883 885/885/885
f 886/886/886 813/813/813 812/812/812
f 813/813/813 886/886/886 887/887/887
f 888/888/888 889/889/889 890/890/890
f 889/889/889 888/888/888 891/891/891
f 892/892/892 893/893/893 894/894/894
f 892/892/892 843/843/843 864/864/864
f 895/895/895 896/896/896 897/897/897
f 898/898/898 896/896/896 895/895/895
f 893/893/893 892/892/892 864/864/864
f 899/899/899 894/894/894 893/893/893
f 894/894/894 899/899/899 900/900/900
f 901/901/901 902/902/902 903/903/903
f 904/904/904 905/905/905 906/906/906
f 905/905/905 904/904/904 907/907/907
f 908/908/908 909/909/909 910/910/910
f 911/911/911 909/909/909 908/908/908
f 857/857/857 912/912/912 913/913/913
f 858/858/858 851/851/851 850/850/850
f 913/913/913 858/858/858 857/857/857
f 914/914/914 915/915/915 916/916/916
f 914/914/914 917/917/917 915/915/915
f 918/918/918 919/919/919 920/920/920
f 919/919/919 918/918/918 921/921/921
f 922/922/922 923/923/923 924/924/924
f 922/922/922 924/924/924 925/925/925
f 847/847/847 846/846/846 926/926/926
f 924/924/924 848/848/848 847/847/847
f 848/848/848 924/924/924 923/923/923
f 927/927/927 869/869/869 872/872/872
f 928/928/928 929/929/929 930/930/930
f 931/931/931 927/927/927 872/872/872
f 931/931/931 930/930/930 927/927/927
f 930/930/930 931/931/931 928/928/928
f 932/932/932 902/902/902 933/933/933
f 902/902/902 901/901/901 933/933/933
f 934/934/934 902/902/902 932/932/932
f 929/929/929 928/928/928 935/935/935
f 935/935/935 936/936/936 929/929/929
f 936/936/936 935/935/935 937/937/937
f 938/938/938 939/939/939 940/940/940
f 941/941/941 942/942/942 943/943/943
f 942/942/942 941/941/941 944/944/944
f 945/945/945 946/946/946 947/947/947
f 948/948/948 949/949/949 950/950/950
f 951/951/951 952/952/952 953/953/953
f 952/952/952 951/951/951 954/954/954
f 955/955/955 956/956/956 957/957/957
f 956/956/956 955/955/955 958/958/958
f 959/959/959 960/960/960 961/961/961
f 962/962/962 963/963/963 959/959/959
f 963/963/963 962/962/962 964/964/964
f 965/965/965 966/966/966 967/967/967
f 966/966/966 965/965/965 968/968/968
f 969/969/969 970/970/970 971/971/971
f 972/972/972 973/973/973 974/974/974
f 975/975/975 973/973/973 972/972/972
f 976/976/976 977/977/977 978/978/978
f 977/977/977 976/976/976 979/979/979
f 980/980/980 971/971/971 970/970/970
f 981/981/981 970/970/970 982/982/982
f 970/970/970 981/981/981 980/980/980
f 983/983/983 984/984/984 985/985/985
f 986/986/986 987/987/987 988/988/988
f 989/989/989 990/990/990 991/991/991
f 989/989/989 992/992/992 990/990/990
f 993/993/993 987/987/987 994/994/994
f 987/987/987 986/986/986 995/995/995
f 987/987/987 993/993/993 988/988/988
f 996/996/996 997/997/997 998/998/998
f 997/997/997 996/996/996 999/999/999
f 1000/1000/1000 1001/1001/1001 1002/1002/1002
f 1001/1001/1001 1000/1000/1000 1003/1003/1003
f 1004/1004/1004 1005/1005/1005 1006/1006/1006
f 1005/1005/1005 1004/1004/1004 1007/1007/1007
f 1008/1008/1008 1009/1009/1009 1010/1010/1010
f 1011/1011/1011 1010/1010/1010 1012/1012/1012
f 1010/1010/1010 1011/1011/1011 1008/1008/1008
f 1013/1013/1013 1014/1014/1014 1015/1015/1015
f 1014/1014/1014 1013/1013/1013 1016/1016/1016
f 960/960/960 959/959/959 963/963/963
f 961/961/961 1017/1017/1017 1018/1018/1018
f 1019/1019/1019 1020/1020/1020 1021/1021/1021
f 1020/1020/1020 1019/1019/1019 1022/1022/1022
f 1023/1023/1023 1024/1024/1024 1025/1025/1025
f 1026/1026/1026 1027/1027/1027 1023/1023/1023
f 1028/1028/1028 1027/1027/1027 1026/1026/1026
f 1029/1029/1029 949/949/949 1030/1030/1030
f 949/949/949 1029/1029/1029 950/950/950
f 949/949/949 948/948/948 1031/1031/1031
f 1032/1032/1032 1033/1033/1033 1034/1034/1034
f 1033/1033/1033 1032/1032/1032 1035/1035/1035
f 1036/1036/1036 946/946/946 1037/1037/1037
f 946/946/946 1036/1036/1036 947/947/947
f 946/946/946 945/945/945 1038/1038/1038
f 939/939/939 938/938/938 1039/1039/1039
f 1024/1024/1024 939/939/939 1025/1025/1025
f 1024/1024/1024 940/940/940 939/939/939
f 1024/1024/1024 1023/1023/1023 1027/1027/1027
f 1017/1017/1017 961/961/961 960/960/960
f 1018/1018/1018 1040/1040/1040 1041/1041/1041
f 1040/1040/1040 1018/1018/1018 1017/1017/1017
f 1042/1042/1042 1043/1043/1043 1044/1044/1044
f 1042/1042/1042 1044/1044/1044 1045/1045/1045
f 1046/1046/1046 1047/1047/1047 1048/1048/1048
f 1048/1048/1048 1047/1047/1047 1049/1049/1049
f 1050/1050/1050 1051/1051/1051 1052/1052/1052
f 1050/1050/1050 1052/1052/1052 1053/1053/1053
f 1054/1054/1054 1055/1055/1055 1056/1056/1056
f 1055/1055/1055 1054/1054/1054 1057/1057/1057
f 1058/1058/1058 1059/1059/1059 1060/1060/1060
f 1061/1061/1061 1062/1062/1062 1063/1063/1063
f 1062/1062/1062 1061/1061/1061 1064/1064/1064
f 1065/1065/1065 1066/1066/1066 1067/1067/1067
f 1065/1065/1065 1068/1068/1068 1066/1066/1066
f 1069/1069/1069 1070/1070/1070 1071/1071/1071
f 1070/1070/1070 1069/1069/1069 1072/1072/1072
f 1073/1073/1073 1074/1074/1074 1075/1075/1075
f 1073/1073/1073 1076/1076/1076 1074/1074/1074
f 1077/1077/1077 1078/1078/1078 1079/1079/1079
f 1078/1078/1078 1077/1077/1077 1080/1080/1080
f 1081/1081/1081 1082/1082/1082 1083/1083/1083
f 984/984/984 983/983/983 1084/1084/1084
f 1082/1082/1082 1085/1085/1085 1083/1083/1083
f 1082/1082/1082 1084/1084/1084 1085/1085/1085
f 1084/1084/1084 1082/1082/1082 984/984/984
f 1086/1086/1086 1087/1087/1087 1088/1088/1088
f 1089/1089/1089 1090/1090/1090 1086/1086/1086
f 1089/1089/1089 1010/1010/1010 1009/1009/1009
f 1090/1090/1090 1089/1089/1089 1009/1009/1009
f 1091/1091/1091 1092/1092/1092 1059/1059/1059
f 1091/1091/1091 1093/1093/1093 1092/1092/1092
f 1091/1091/1091 1059/1059/1059 1058/1058/1058
f 1087/1087/1087 1086/1086/1086 1090/1090/1090
f 1088/1088/1088 1094/1094/1094 1095/1095/1095
f 1094/1094/1094 1088/1088/1088 1087/1087/1087
f 1096/1096/1096 1097/1097/1097 1098/1098/1098
f 1097/1097/1097 1096/1096/1096 1099/1099/1099
f 1100/1100/1100 1101/1101/1101 1102/1102/1102
f 1103/1103/1103 1104/1104/1104 1105/1105/1105
f 1106/1106/1106 1104/1104/1104 1103/1103/1103
f 1107/1107/1107 1108/1108/1108 1109/1109/1109
f 1110/1110/1110 1108/1108/1108 1107/1107/1107
f 1111/1111/1111 1112/1112/1112 1113/1113/1113
f 1114/1114/1114 1115/1115/1115 1116/1116/1116
f 1101/1101/1101 1100/1100/1100 1117/1117/1117
f 1118/1118/1118 1117/1117/1117 1119/1119/1119
f 1117/1117/1117 1118/1118/1118 1101/1101/1101
f 1120/1120/1120 1121/1121/1121 1122/1122/1122
f 1123/1123/1123 1121/1121/1121 1120/1120/1120
f 1124/1124/1124 1125/1125/1125 1126/1126/1126
f 1125/1125/1125 1124/1124/1124 1127/1127/1127
f 1128/1128/1128 1129/1129/1129 1130/1130/1130
f 1129/1129/1129 1128/1128/1128 1131/1131/1131
f 1132/1132/1132 1133/1133/1133 1134/1134/1134
f 1133/1133/1133 1132/1132/1132 1135/1135/1135
f 1136/1136/1136 1137/1137/1137 1138/1138/1138
f 1137/1137/1137 1136/1136/1136 1139/1139/1139
f 1140/1140/1140 1141/1141/1141 1142/1142/1142
f 1140/1140/1140 1143/1143/1143 1141/1141/1141
f 1144/1144/1144 1145/1145/1145 1146/1146/1146
f 1147/1147/1147 1148/1148/1148 1149/1149/1149
f 1150/1150/1150 1151/1151/1151 1152/1152/1152
f 1151/1151/1151 1150/1150/1150 1153/1153/1153
f 1148/1148/1148 1154/1154/1154 1149/1149/1149
f 1148/1148/1148 1147/1147/1147 1155/1155/1155
f 1156/1156/1156 1157/1157/1157 1158/1158/1158
f 1159/1159/1159 1157/1157/1157 1156/1156/1156
f 1160/1160/1160 1161/1161/1161 1162/1162/1162
f 1161/1161/1161 1160/1160/1160 1163/1163/1163
f 1164/1164/1164 1165/1165/1165 1166/1166/1166
f 1165/1165/1165 1164/1164/1164 1167/1167/1167
f 1115/1115/1115 1114/1114/1114 1168/1168/1168
f 1169/1169/1169 1116/1116/1116 1115/1115/1115
f 1116/1116/1116 1169/1169/1169 1170/1170/1170
f 1171/1171/1171 1172/1172/1172 1173/1173/1173
f 1172/1172/1172 1171/1171/1171 1174/1174/1174
f 1175/1175/1175 1112/1112/1112 1176/1176/1176
f 1112/1112/1112 1175/1175/1175 1177/1177/1177
f 1112/1112/1112 1111/1111/1111 1176/1176/1176
f 1178/1178/1178 1179/1179/1179 1180/1180/1180
f 1181/1181/1181 1179/1179/1179 1178/1178/1178
f 1181/1181/1181 1182/1182/1182 1183/1183/1183
f 1182/1182/1182 1181/1181/1181 1178/1178/1178
f 1184/1184/1184 1185/1185/1185 1186/1186/1186
f 1185/1185/1185 1184/1184/1184 1187/1187/1187
f 1188/1188/1188 1189/1189/1189 1190/1190/1190
f 1191/1191/1191 1189/1189/1189 1188/1188/1188
f 1192/1192/1192 1193/1193/1193 1194/1194/1194
f 1193/1193/1193 1192/1192/1192 1195/1195/1195
f 1196/1196/1196 1197/1197/1197 1198/1198/1198
f 1199/1199/1199 1197/1197/1197 1196/1196/1196
f 1200/1200/1200 1201/1201/1201 1202/1202/1202
f 1201/1201/1201 1200/1200/1200 1203/1203/1203
f 1204/1204/1204 1205/1205/1205 1206/1206/1206
f 1205/1205/1205 1204/1204/1204 1207/1207/1207
f 1154/1154/1154 1148/1148/1148 1208/1208/1208
f 1208/1208/1208 1209/1209/1209 1154/1154/1154
f 1209/1209/1209 1208/1208/1208 1210/1210/1210
f 1211/1211/1211 1212/1212/1212 1213/1213/1213
f 1214/1214/1214 1212/1212/1212 1211/1211/1211
f 1215/1215/1215 1216/1216/1216 1217/1217/1217
f 1216/1216/1216 1215/1215/1215 1218/1218/1218
f 1219/1219/1219 1220/1220/1220 1221/1221/1221
f 1220/1220/1220 1219/1219/1219 1222/1222/1222
f 1145/1145/1145 1144/1144/1144 1223/1223/1223
f 1224/1224/1224 1146/1146/1146 1145/1145/1145
f 1146/1146/1146 1224/1224/1224 1225/1225/1225
f 1226/1226/1226 1227/1227/1227 1228/1228/1228
f 1227/1227/1227 1226/1226/1226 1229/1229/1229
f 1230/1230/1230 1231/1231/1231 1232/1232/1232
f 1233/1233/1233 1231/1231/1231 1230/1230/1230
f 1234/1234/1234 1235/1235/1235 1236/1236/1236
f 1235/1235/1235 1234/1234/1234 1237/1237/1237
f 1738/1738/1738 1739/1739/1739 1740/1740/1740
f 1741/1741/1741 1739/1739/1739 1738/1738/1738
f 1742/1742/1742 1743/1743/1743 1744/1744/1744
f 1745/1745/1745 1746/1746/1746 1747/1747/1747
f 1746/1746/1746 1745/1745/1745 1748/1748/1748
f 1749/1749/1749 1750/1750/1750 1751/1751/1751
f 1750/1750/1750 1749/1749/1749 1752/1752/1752
f 1753/1753/1753 1754/1754/1754 1755/1755/1755
f 1754/1754/1754 1753/1753/1753 1756/1756/1756
f 1757/1757/1757 1758/1758/1758 1759/1759/1759
f 1758/1758/1758 1757/1757/1757 1760/1760/1760
f 1743/1743/1743 1742/1742/1742 1761/1761/1761
f 1761/1761/1761 1762/1762/1762 1743/1743/1743
f 1761/1761/1761 1763/1763/1763 1762/1762/1762
f 1764/1764/1764 1765/1765/1765 1766/1766/1766
f 1765/1765/1765 1764/1764/1764 1767/1767/1767
f 1768/1768/1768 1769/1769/1769 1770/1770/1770
f 1771/1771/1771 1769/1769/1769 1768/1768/1768
f 1772/1772/1772 1773/1773/1773 1774/1774/1774
f 1775/1775/1775 1776/1776/1776 1777/1777/1777
f 1776/1776/1776 1775/1775/1775 1778/1778/1778
f 1779/1779/1779 1780/1780/1780 1781/1781/1781
f 1782/1782/1782 1780/1780/1780 1779/1779/1779
f 1783/1783/1783 1784/1784/1784 1785/1785/1785
f 1784/1784/1784 1783/1783/1783 1786/1786/1786
f 1773/1773/1773 1772/1772/1772 1787/1787/1787
f 1774/1774/1774 1773/1773/1773 1788/1788/1788
f 1789/1789/1789 1790/1790/1790 1791/1791/1791
f 1790/1790/1790 1789/1789/1789 1792/1792/1792
f 1788/1788/1788 1773/1773/1773 1793/1793/1793
f 1793/1793/1793 1794/1794/1794 1788/1788/1788
f 1795/1795/1795 1796/1796/1796 1797/1797/1797
f 1798/1798/1798 1796/1796/1796 1795/1795/1795
f 1794/1794/1794 1793/1793/1793 1799/1799/1799
f 1794/1794/1794 1800/1800/1800 1801/1801/1801
f 1802/1802/1802 1803/1803/1803 1804/1804/1804
f 1805/1805/1805 1803/1803/1803 1802/1802/1802
f 1806/1806/1806 1800/1800/1800 1807/1807/1807
f 1800/1800/1800 1794/1794/1794 1799/1799/1799
f 1800/1800/1800 1806/1806/1806 1801/1801/1801
f 1808/1808/1808 1809/1809/1809 1810/1810/1810
f 1811/1811/1811 1812/1812/1812 1813/1813/1813
f 1811/1811/1811 1814/1814/1814 1808/1808/1808
f 1814/1814/1814 1811/1811/1811 1813/1813/1813
f 1812/1812/1812 1811/1811/1811 1815/1815/1815
f 1816/1816/1816 1815/1815/1815 1817/1817/1817
f 1815/1815/1815 1816/1816/1816 1812/1812/1812
f 1818/1818/1818 1819/1819/1819 1820/1820/1820
f 1821/1821/1821 1822/1822/1822 1823/1823/1823
f 1822/1822/1822 1824/1824/1824 1825/1825/1825
f 1822/1822/1822 1821/1821/1821 1826/1826/1826
f 1827/1827/1827 1828/1828/1828 1829/1829/1829
f 1828/1828/1828 1827/1827/1827 1830/1830/1830
f 1831/1831/1831 1832/1832/1832 1833/1833/1833
f 1832/1832/1832 1831/1831/1831 1834/1834/1834
f 1835/1835/1835 1836/1836/1836 1837/1837/1837
f 1835/1835/1835 1838/1838/1838 1836/1836/1836
f 1839/1839/1839 1840/1840/1840 1841/1841/1841
f 1840/1840/1840 1839/1839/1839 1842/1842/1842
f 1843/1843/1843 1844/1844/1844 1845/1845/1845
f 1844/1844/1844 1843/1843/1843 1846/1846/1846
f 1824/1824/1824 1822/1822/1822 1826/1826/1826
f 1825/1825/1825 1847/1847/1847 1848/1848/1848
f 1849/1849/1849 1850/1850/1850 1851/1851/1851
f 1852/1852/1852 1851/1851/1851 1853/1853/1853
f 1851/1851/1851 1852/1852/1852 1849/1849/1849
f 1850/1850/1850 1854/1854/1854 1855/1855/1855
f 1850/1850/1850 1849/1849/1849 1856/1856/1856
f 1857/1857/1857 1858/1858/1858 1859/1859/1859
f 1860/1860/1860 1859/1859/1859 1858/1858/1858
f 1861/1861/1861 1862/1862/1862 1863/1863/1863
f 1864/1864/1864 1865/1865/1865 1866/1866/1866
f 1865/1865/1865 1864/1864/1864 1867/1867/1867
f 1868/1868/1868 1869/1869/1869 1870/1870/1870
f 1871/1871/1871 1870/1870/1870 1869/1869/1869
f 1862/1862/1862 1861/1861/1861 1872/1872/1872
f 1862/1862/1862 1873/1873/1873 1863/1863/1863
f 1873/1873/1873 1862/1862/1862 1874/1874/1874
f 1875/1875/1875 1876/1876/1876 1877/1877/1877
f 1876/1876/1876 1875/1875/1875 1878/1878/1878
f 1879/1879/1879 1880/1880/1880 1881/1881/1881
f 1882/1882/1882 1881/1881/1881 1883/1883/1883
f 1881/1881/1881 1882/1882/1882 1879/1879/1879
f 1880/1880/1880 1879/1879/1879 1884/1884/1884
f 1884/1884/1884 1885/1885/1885 1880/1880/1880
f 1886/1886/1886 1887/1887/1887 1888/1888/1888
f 1887/1887/1887 1886/1886/1886 1889/1889/1889
f 1890/1890/1890 1891/1891/1891 1892/1892/1892
f 1891/1891/1891 1890/1890/1890 1893/1893/1893
f 1894/1894/1894 1895/1895/1895 1896/1896/1896
f 1895/1895/1895 1894/1894/1894 1897/1897/1897
f 1898/1898/1898 1899/1899/1899 1900/1900/1900
f 1898/1898/1898 1901/1901/1901 1902/1902/1902
f 1903/1903/1903 1904/1904/1904 1905/1905/1905
f 1903/1903/1903 1906/1906/1906 1904/1904/1904
f 1907/1907/1907 1908/1908/1908 1909/1909/1909
f 1908/1908/1908 1907/1907/1907 1910/1910/1910
f 1901/1901/1901 1911/1911/1911 1912/1912/1912
f 1901/1901/1901 1912/1912/1912 1902/1902/1902
f 1911/1911/1911 1901/1901/1901 1913/1913/1913
f 1914/1914/1914 1915/1915/1915 1916/1916/1916
f 1917/1917/1917 1918/1918/1918 1919/1919/1919
f 1920/1920/1920 1919/1919/1919 1921/1921/1921
f 1919/1919/1919 1920/1920/1920 1917/1917/1917
f 1918/1918/1918 1922/1922/1922 1923/1923/1923
f 1918/1918/1918 1917/1917/1917 1924/1924/1924
f 1925/1925/1925 1926/1926/1926 1927/1927/1927
f 1926/1926/1926 1925/1925/1925 1928/1928/1928
f 1929/1929/1929 1930/1930/1930 1931/1931/1931
f 1929/1929/1929 1932/1932/1932 1930/1930/1930
f 1933/1933/1933 1934/1934/1934 1935/1935/1935
f 1934/1934/1934 1933/1933/1933 1936/1936/1936
f 1937/1937/1937 1938/1938/1938 1939/1939/1939
f 1937/1937/1937 1940/1940/1940 1938/1938/1938
f 1940/1940/1940 1937/1937/1937 1941/1941/1941
f 1939/1939/1939 1942/1942/1942 1937/1937/1937
f 1942/1942/1942 1943/1943/1943 1944/1944/1944
f 1945/1945/1945 1946/1946/1946 1947/1947/1947
f 1948/1948/1948 1947/1947/1947 1949/1949/1949
f 1947/1947/1947 1948/1948/1948 1945/1945/1945
f 1946/1946/1946 1950/1950/1950 1951/1951/1951
f 1946/1946/1946 1945/1945/1945 1952/1952/1952
f 1953/1953/1953 1954/1954/1954 1955/1955/1955
f 1956/1956/1956 1957/1957/1957 1958/1958/1958
f 1958/1958/1958 1959/1959/1959 1956/1956/1956
f 1960/1960/1960 1961/1961/1961 1962/1962/1962
f 1963/1963/1963 1961/1961/1961 1960/1960/1960
f 1964/1964/1964 1965/1965/1965 1966/1966/1966
f 1965/1965/1965 1964/1964/1964 1967/1967/1967
f 1954/1954/1954 1953/1953/1953 1968/1968/1968
f 1955/1955/1955 1969/1969/1969 1970/1970/1970
f 1971/1971/1971 1972/1972/1972 1973/1973/1973
f 1972/1972/1972 1971/1971/1971 1974/1974/1974
f 1969/1969/1969 1955/1955/1955 1954/1954/1954
f 1969/1969/1969 1975/1975/1975 1970/1970/1970
f 1976/1976/1976 1977/1977/1977 1978/1978/1978
f 1979/1979/1979 1980/1980/1980 1981/1981/1981
f 1980/1980/1980 1979/1979/1979 1982/1982/1982
f 1977/1977/1977 1976/1976/1976 1983/1983/1983
f 1983/1983/1983 1984/1984/1984 1977/1977/1977
f 1984/1984/1984 1983/1983/1983 1985/1985/1985
f 1986/1986/1986 1987/1987/1987 1988/1988/1988
f 1989/1989/1989 1987/1987/1987 1986/1986/1986
f 1763/1763/1763 1990/1990/1990 1762/1762/1762
f 1975/1975/1975 1969/1969/1969 1990/1990/1990
f 1975/1975/1975 1990/1990/1990 1763/1763/1763
f 1991/1991/1991 1992/1992/1992 1993/1993/1993
f 1994/1994/1994 1992/1992/1992 1991/1991/1991
f 1995/1995/1995 1996/1996/1996 1997/1997/1997
f 1997/1997/1997 1998/1998/1998 1995/1995/1995
f 1999/1999/1999 2000/2000/2000 2001/2001/2001
f 2002/2002/2002 2000/2000/2000 1999/1999/1999
f 2003/2003/2003 2004/2004/2004 2005/2005/2005
f 2004/2004/2004 2003/2003/2003 2006/2006/2006
f 2007/2007/2007 2008/2008/2008 2009/2009/2009
f 2010/2010/2010 2009/2009/2009 2011/2011/2011
f 2009/2009/2009 2010/2010/2010 2007/2007/2007
f 2011/2011/2011 2012/2012/2012 2010/2010/2010
f 2013/2013/2013 2014/2014/2014 2015/2015/2015
f 2014/2014/2014 2013/2013/2013 2016/2016/2016
f 2017/2017/2017 2012/2012/2012 2011/2011/2011
f 2017/2017/2017 2011/2011/2011 2018/2018/2018
f 2018/2018/2018 2019/2019/2019 2017/2017/2017
f 2020/2020/2020 2021/2021/2021 2022/2022/2022
f 2023/2023/2023 2024/2024/2024 2025/2025/2025
f 2024/2024/2024 2023/2023/2023 2026/2026/2026
f 2027/2027/2027 2028/2028/2028 2029/2029/2029
f 2028/2028/2028 2027/2027/2027 2030/2030/2030
f 2031/2031/2031 2002/2002/2002 1999/1999/1999
f 2021/2021/2021 2020/2020/2020 2032/2032/2032
f 2021/2021/2021 2033/2033/2033 2031/2031/2031
f 2033/2033/2033 2002/2002/2002 2031/2031/2031
f 2032/2032/2032 2033/2033/2033 2021/2021/2021
f 2034/2034/2034 2035/2035/2035 2036/2036/2036
f 2034/2034/2034 2019/2019/2019 2037/2037/2037
f 2019/2019/2019 2018/2018/2018 2037/2037/2037
f 2019/2019/2019 2034/2034/2034 2036/2036/2036
f 1809/1809/1809 1808/1808/1808 1814/1814/1814
f 1810/1810/1810 2038/2038/2038 2039/2039/2039
f 2038/2038/2038 1810/1810/1810 1809/1809/1809
f 2040/2040/2040 2041/2041/2041 2042/2042/2042
f 2041/2041/2041 2040/2040/2040 2043/2043/2043
f 2035/2035/2035 2034/2034/2034 2044/2044/2044
f 2045/2045/2045 2044/2044/2044 2046/2046/2046
f 2044/2044/2044 2045/2045/2045 2035/2035/2035
f 2047/2047/2047 2048/2048/2048 2049/2049/2049
f 2050/2050/2050 2051/2051/2051 2052/2052/2052
f 2051/2051/2051 2053/2053/2053 2052/2052/2052
f 2051/2051/2051 2050/2050/2050 2054/2054/2054
f 2055/2055/2055 2056/2056/2056 2057/2057/2057
f 2056/2056/2056 2055/2055/2055 2058/2058/2058
f 2059/2059/2059 2060/2060/2060 2061/2061/2061
f 2062/2062/2062 2060/2060/2060 2059/2059/2059
f 2063/2063/2063 2064/2064/2064 2065/2065/2065
f 2064/2064/2064 2063/2063/2063 2066/2066/2066
f 2067/2067/2067 2068/2068/2068 2069/2069/2069
f 2068/2068/2068 2067/2067/2067 2070/2070/2070
f 2071/2071/2071 2072/2072/2072 2073/2073/2073
f 2072/2072/2072 2071/2071/2071 2074/2074/2074
f 2053/2053/2053 2051/2051/2051 2075/2075/2075
f 2075/2075/2075 2076/2076/2076 2053/2053/2053
f 2077/2077/2077 2078/2078/2078 2079/2079/2079
f 2080/2080/2080 2081/2081/2081 2082/2082/2082
f 2081/2081/2081 2080/2080/2080 2077/2077/2077
f 2078/2078/2078 2077/2077/2077 2080/2080/2080
f 2083/2083/2083 2084/2084/2084 2085/2085/2085
f 2083/2083/2083 2086/2086/2086 2084/2084/2084
f 2087/2087/2087 2088/2088/2088 2089/2089/2089
f 2090/2090/2090 2091/2091/2091 2092/2092/2092
f 2091/2091/2091 2090/2090/2090 2093/2093/2093
f 2094/2094/2094 2095/2095/2095 2096/2096/2096
f 2095/2095/2095 2094/2094/2094 2097/2097/2097
f 2098/2098/2098 2089/2089/2089 2099/2099/2099
f 2089/2089/2089 2098/2098/2098 2100/2100/2100
f 2089/2089/2089 2088/2088/2088 2099/2099/2099
f 2101/2101/2101 2102/2102/2102 2103/2103/2103
f 2102/2102/2102 2101/2101/2101 2104/2104/2104
f 2105/2105/2105 2106/2106/2106 2107/2107/2107
f 2108/2108/2108 2109/2109/2109 2110/2110/2110
f 2109/2109/2109 2108/2108/2108 2105/2105/2105
f 2106/2106/2106 2105/2105/2105 2108/2108/2108
f 2107/2107/2107 2111/2111/2111 2112/2112/2112
f 2113/2113/2113 2114/2114/2114 2115/2115/2115
f 2114/2114/2114 2113/2113/2113 2116/2116/2116
f 2117/2117/2117 2118/2118/2118 2119/2119/2119
f 2120/2120/2120 2118/2118/2118 2117/2117/2117
f 2121/2121/2121 2122/2122/2122 2123/2123/2123
f 2122/2122/2122 2121/2121/2121 2124/2124/2124
f 2125/2125/2125 2126/2126/2126 2127/2127/2127
f 2125/2125/2125 2127/2127/2127 2128/2128/2128
f 2129/2129/2129 2130/2130/2130 2131/2131/2131
f 2132/2132/2132 2133/2133/2133 2134/2134/2134
f 2133/2133/2133 2132/2132/2132 2135/2135/2135
f 2136/2136/2136 2128/2128/2128 2137/2137/2137
f 2128/2128/2128 2127/2127/2127 2137/2137/2137
f 2128/2128/2128 2136/2136/2136 2138/2138/2138
f 2139/2139/2139 2140/2140/2140 2141/2141/2141
f 2140/2140/2140 2139/2139/2139 2142/2142/2142
f 2143/2143/2143 2144/2144/2144 2145/2145/2145
f 2146/2146/2146 2147/2147/2147 2148/2148/2148
f 2147/2147/2147 2146/2146/2146 2143/2143/2143
f 2144/2144/2144 2143/2143/2143 2146/2146/2146
f 2149/2149/2149 2145/2145/2145 2144/2144/2144
f 2149/2149/2149 2144/2144/2144 2150/2150/2150
f 2151/2151/2151 2152/2152/2152 2153/2153/2153
f 2152/2152/2152 2151/2151/2151 2154/2154/2154
f 2155/2155/2155 2156/2156/2156 2157/2157/2157
f 2158/2158/2158 2159/2159/2159 2160/2160/2160
f 2159/2159/2159 2158/2158/2158 2161/2161/2161
f 2162/2162/2162 2163/2163/2163 2164/2164/2164
f 2163/2163/2163 2165/2165/2165 2164/2164/2164
f 2163/2163/2163 2162/2162/2162 2166/2166/2166
f 2165/2165/2165 2163/2163/2163 2167/2167/2167
f 2167/2167/2167 2168/2168/2168 2165/2165/2165
f 2169/2169/2169 2170/2170/2170 2171/2171/2171
f 2172/2172/2172 2173/2173/2173 2169/2169/2169
f 2173/2173/2173 2172/2172/2172 2174/2174/2174
f 2170/2170/2170 2169/2169/2169 2173/2173/2173
f 2171/2171/2171 2175/2175/2175 2176/2176/2176
f 2177/2177/2177 2178/2178/2178 2179/2179/2179
f 2180/2180/2180 2181/2181/2181 2182/2182/2182
f 2181/2181/2181 2180/2180/2180 2183/2183/2183
f 2184/2184/2184 2185/2185/2185 2186/2186/2186
f 2187/2187/2187 2185/2185/2185 2184/2184/2184
f 2188/2188/2188 2189/2189/2189 2190/2190/2190
f 2189/2189/2189 2188/2188/2188 2191/2191/2191
f 2178/2178/2178 2177/2177/2177 2192/2192/2192
f 2179/2179/2179 2193/2193/2193 2194/2194/2194
f 2195/2195/2195 2196/2196/2196 2197/2197/2197
f 2198/2198/2198 2195/2195/2195 2197/2197/2197
f 2193/2193/2193 2179/2179/2179 2178/2178/2178
f 2193/2193/2193 2199/2199/2199 2194/2194/2194
f 2200/2200/2200 2201/2201/2201 2202/2202/2202
f 2203/2203/2203 2204/2204/2204 2205/2205/2205
f 2206/2206/2206 2204/2204/2204 2203/2203/2203
f 2207/2207/2207 2208/2208/2208 2209/2209/2209
f 2210/2210/2210 2208/2208/2208 2207/2207/2207
f 2211/2211/2211 2212/2212/2212 2213/2213/2213
f 2211/2211/2211 2213/2213/2213 2214/2214/2214
f 2215/2215/2215 2216/2216/2216 2217/2217/2217
f 2216/2216/2216 2215/2215/2215 2218/2218/2218
f 2209/2209/2209 2219/2219/2219 2220/2220/2220
f 2209/2209/2209 2208/2208/2208 2219/2219/2219
f 2221/2221/2221 2222/2222/2222 2223/2223/2223
f 2222/2222/2222 2221/2221/2221 2224/2224/2224
f 2225/2225/2225 2226/2226/2226 2227/2227/2227
f 2228/2228/2228 2227/2227/2227 2229/2229/2229
f 2227/2227/2227 2228/2228/2228 2225/2225/2225
f 2229/2229/2229 2230/2230/2230 2228/2228/2228
f 2231/2231/2231 2232/2232/2232 2233/2233/2233
f 2234/2234/2234 2231/2231/2231 2233/2233/2233
f 2235/2235/2235 2230/2230/2230 2229/2229/2229
f 2235/2235/2235 2229/2229/2229 2236/2236/2236
f 2235/2235/2235 2237/2237/2237 2238/2238/2238
f 2239/2239/2239 2240/2240/2240 2241/2241/2241
f 2240/2240/2240 2239/2239/2239 2242/2242/2242
f 2243/2243/2243 2244/2244/2244 2245/2245/2245
f 2246/2246/2246 2244/2244/2244 2243/2243/2243
f 2247/2247/2247 2248/2248/2248 2249/2249/2249
f 2247/2247/2247 2250/2250/2250 2248/2248/2248
f 2251/2251/2251 2252/2252/2252 2253/2253/2253
f 2252/2252/2252 2251/2251/2251 2254/2254/2254
f 2255/2255/2255 2256/2256/2256 2257/2257/2257
f 2258/2258/2258 2259/2259/2259 2260/2260/2260
f 2261/2261/2261 2262/2262/2262 2263/2263/2263
f 2264/2264/2264 2261/2261/2261 2263/2263/2263
f 2259/2259/2259 2265/2265/2265 2260/2260/2260
f 2259/2259/2259 2258/2258/2258 2255/2255/2255
f 2266/2266/2266 2267/2267/2267 2268/2268/2268
f 2268/2268/2268 2269/2269/2269 2266/2266/2266
f 2270/2270/2270 2265/2265/2265 2259/2259/2259
f 2265/2265/2265 2271/2271/2271 2272/2272/2272
f 2271/2271/2271 2265/2265/2265 2270/2270/2270
f 2273/2273/2273 2274/2274/2274 2275/2275/2275
f 2276/2276/2276 2277/2277/2277 2273/2273/2273
f 2278/2278/2278 2277/2277/2277 2276/2276/2276
f 2274/2274/2274 2273/2273/2273 2277/2277/2277
f 2279/2279/2279 2275/2275/2275 2274/2274/2274
f 2275/2275/2275 2279/2279/2279 2280/2280/2280
f 1819/1819/1819 1818/1818/1818 2281/2281/2281
f 1819/1819/1819 2282/2282/2282 1820/1820/1820
f 2282/2282/2282 1819/1819/1819 2283/2283/2283
f 2284/2284/2284 2285/2285/2285 2286/2286/2286
f 2285/2285/2285 2284/2284/2284 2287/2287/2287
f 2286/2286/2286 2285/2285/2285 2288/2288/2288
f 2289/2289/2289 2290/2290/2290 2291/2291/2291
f 2290/2290/2290 2289/2289/2289 2292/2292/2292
f 2293/2293/2293 2294/2294/2294 2295/2295/2295
f 2293/2293/2293 2295/2295/2295 2296/2296/2296
f 1838/1838/1838 2297/2297/2297 1836/1836/1836
f 2298/2298/2298 1836/1836/1836 2297/2297/2297
f 2299/2299/2299 2300/2300/2300 2301/2301/2301
f 2299/2299/2299 2301/2301/2301 2302/2302/2302
f 2303/2303/2303 2304/2304/2304 2305/2305/2305
f 2304/2304/2304 2303/2303/2303 2306/2306/2306
f 2288/2288/2288 2285/2285/2285 2307/2307/2307
f 1847/1847/1847 2307/2307/2307 1848/1848/1848
f 1847/1847/1847 1825/1825/1825 1824/1824/1824
f 2307/2307/2307 1847/1847/1847 2288/2288/2288
f 2308/2308/2308 2309/2309/2309 2310/2310/2310
f 2311/2311/2311 2312/2312/2312 2313/2313/2313
f 2312/2312/2312 2311/2311/2311 2308/2308/2308
f 2309/2309/2309 2308/2308/2308 2311/2311/2311
f 1854/1854/1854 1850/1850/1850 1856/1856/1856
f 1854/1854/1854 2309/2309/2309 1855/1855/1855
f 1854/1854/1854 2310/2310/2310 2309/2309/2309
f 2314/2314/2314 2315/2315/2315 2316/2316/2316
f 2314/2314/2314 2317/2317/2317 2315/2315/2315
f 2318/2318/2318 2319/2319/2319 2320/2320/2320
f 2321/2321/2321 2322/2322/2322 2323/2323/2323
f 2322/2322/2322 2321/2321/2321 2324/2324/2324
f 2325/2325/2325 2326/2326/2326 2327/2327/2327
f 2326/2326/2326 2325/2325/2325 2328/2328/2328
f 2329/2329/2329 2319/2319/2319 2318/2318/2318
f 2319/2319/2319 2330/2330/2330 2331/2331/2331
f 2330/2330/2330 2319/2319/2319 2329/2329/2329
f 2332/2332/2332 2333/2333/2333 2334/2334/2334
f 2333/2333/2333 2332/2332/2332 2335/2335/2335
f 2336/2336/2336 2337/2337/2337 2338/2338/2338
f 2339/2339/2339 2340/2340/2340 2341/2341/2341
f 2340/2340/2340 2339/2339/2339 2336/2336/2336
f 2337/2337/2337 2336/2336/2336 2339/2339/2339
f 1885/1885/1885 1884/1884/1884 2342/2342/2342
f 1885/1885/1885 2338/2338/2338 2337/2337/2337
f 2338/2338/2338 1885/1885/1885 2342/2342/2342
f 1899/1899/1899 1898/1898/1898 1902/1902/1902
f 1899/1899/1899 2343/2343/2343 1900/1900/1900
f 2344/2344/2344 2345/2345/2345 2346/2346/2346
f 2345/2345/2345 2344/2344/2344 2347/2347/2347
f 2348/2348/2348 2349/2349/2349 2350/2350/2350
f 2348/2348/2348 2351/2351/2351 2349/2349/2349
f 2352/2352/2352 2353/2353/2353 2354/2354/2354
f 2353/2353/2353 2352/2352/2352 2355/2355/2355
f 2343/2343/2343 1899/1899/1899 2356/2356/2356
f 2343/2343/2343 2356/2356/2356 2357/2357/2357
f 1906/1906/1906 2358/2358/2358 1904/1904/1904
f 2359/2359/2359 1904/1904/1904 2358/2358/2358
f 2360/2360/2360 2361/2361/2361 2362/2362/2362
f 2360/2360/2360 2362/2362/2362 2363/2363/2363
f 2364/2364/2364 2357/2357/2357 2365/2365/2365
f 2357/2357/2357 2364/2364/2364 2366/2366/2366
f 2357/2357/2357 2356/2356/2356 2365/2365/2365
f 1915/1915/1915 2367/2367/2367 1916/1916/1916
f 1915/1915/1915 1914/1914/1914 2368/2368/2368
f 2367/2367/2367 1915/1915/1915 2369/2369/2369
f 2370/2370/2370 2371/2371/2371 2372/2372/2372
f 2370/2370/2370 2373/2373/2373 2371/2371/2371
f 2370/2370/2370 2374/2374/2374 2375/2375/2375
f 2374/2374/2374 2370/2370/2370 2372/2372/2372
f 1922/1922/1922 1918/1918/1918 1924/1924/1924
f 1922/1922/1922 2374/2374/2374 1923/1923/1923
f 1922/1922/1922 2375/2375/2375 2374/2374/2374
f 2376/2376/2376 2377/2377/2377 2378/2378/2378
f 2377/2377/2377 2376/2376/2376 2379/2379/2379
f 1932/1932/1932 2380/2380/2380 1930/1930/1930
f 2381/2381/2381 1930/1930/1930 2380/2380/2380
f 2382/2382/2382 2383/2383/2383 2384/2384/2384
f 2382/2382/2382 2385/2385/2385 2383/2383/2383
f 2386/2386/2386 2387/2387/2387 2388/2388/2388
f 2387/2387/2387 2389/2389/2389 2388/2388/2388
f 2387/2387/2387 2386/2386/2386 2390/2390/2390
f 2389/2389/2389 2387/2387/2387 2391/2391/2391
f 1943/1943/1943 2391/2391/2391 1944/1944/1944
f 1943/1943/1943 1942/1942/1942 1939/1939/1939
f 2391/2391/2391 1943/1943/1943 2389/2389/2389
f 2392/2392/2392 2393/2393/2393 2394/2394/2394
f 2395/2395/2395 2396/2396/2396 2397/2397/2397
f 2396/2396/2396 2395/2395/2395 2392/2392/2392
f 2393/2393/2393 2392/2392/2392 2395/2395/2395
f 1950/1950/1950 1946/1946/1946 1952/1952/1952
f 1950/1950/1950 2394/2394/2394 2393/2393/2393
f 1950/1950/1950 2393/2393/2393 1951/1951/1951
f 2398/2398/2398 2399/2399/2399 2400/2400/2400
f 2401/2401/2401 2402/2402/2402 2403/2403/2403
f 2404/2404/2404 2402/2402/2402 2401/2401/2401
f 2405/2405/2405 2406/2406/2406 2407/2407/2407
f 2407/2407/2407 2408/2408/2408 2405/2405/2405
f 2409/2409/2409 2410/2410/2410 2411/2411/2411
f 2410/2410/2410 2409/2409/2409 2412/2412/2412
f 2399/2399/2399 2398/2398/2398 2413/2413/2413
f 2413/2413/2413 2414/2414/2414 2399/2399/2399
f 2415/2415/2415 2416/2416/2416 2417/2417/2417
f 2415/2415/2415 2417/2417/2417 2418/2418/2418
f 2414/2414/2414 2419/2419/2419 2420/2420/2420
f 2414/2414/2414 2413/2413/2413 2419/2419/2419
f 2421/2421/2421 2422/2422/2422 2423/2423/2423
f 2420/2420/2420 2424/2424/2424 2425/2425/2425
f 2420/2420/2420 2425/2425/2425 2414/2414/2414
f 2199/2199/2199 2424/2424/2424 2420/2420/2420
f 2199/2199/2199 2193/2193/2193 2424/2424/2424
f 2426/2426/2426 2427/2427/2427 2428/2428/2428
f 2427/2427/2427 2426/2426/2426 2429/2429/2429
f 2430/2430/2430 2431/2431/2431 2432/2432/2432
f 2431/2431/2431 2430/2430/2430 2433/2433/2433
f 2434/2434/2434 2435/2435/2435 2436/2436/2436
f 2435/2435/2435 2434/2434/2434 2437/2437/2437
f 2422/2422/2422 2421/2421/2421 2438/2438/2438
f 2201/2201/2201 2422/2422/2422 2438/2438/2438
f 2201/2201/2201 2200/2200/2200 2439/2439/2439
f 2438/2438/2438 2202/2202/2202 2201/2201/2201
f 2440/2440/2440 2237/2237/2237 2441/2441/2441
f 2237/2237/2237 2440/2440/2440 2238/2238/2238
f 2237/2237/2237 2235/2235/2235 2236/2236/2236
f 2256/2256/2256 2255/2255/2255 2258/2258/2258
f 2257/2257/2257 2256/2256/2256 2442/2442/2442
f 2443/2443/2443 2278/2278/2278 2276/2276/2276
f 2443/2443/2443 2444/2444/2444 2278/2278/2278
f 2445/2445/2445 2444/2444/2444 2443/2443/2443
f 2446/2446/2446 2444/2444/2444 2445/2445/2445
f 2446/2446/2446 2447/2447/2447 2448/2448/2448
f 2449/2449/2449 2450/2450/2450 2451/2451/2451
f 2451/2451/2451 2452/2452/2452 2449/2449/2449
f 2453/2453/2453 2454/2454/2454 2455/2455/2455
f 2454/2454/2454 2453/2453/2453 2456/2456/2456
f 2457/2457/2457 2458/2458/2458 2459/2459/2459
f 2457/2457/2457 2460/2460/2460 2458/2458/2458
f 2447/2447/2447 2446/2446/2446 2445/2445/2445
f 2461/2461/2461 2462/2462/2462 2463/2463/2463
f 2464/2464/2464 2462/2462/2462 2461/2461/2461
f 2465/2465/2465 2466/2466/2466 2467/2467/2467
f 2466/2466/2466 2465/2465/2465 2468/2468/2468
f 2466/2466/2466 2469/2469/2469 2470/2470/2470
f 2442/2442/2442 2256/2256/2256 2471/2471/2471
f 2469/2469/2469 2471/2471/2471 2470/2470/2470
f 2469/2469/2469 2442/2442/2442 2471/2471/2471
f 2469/2469/2469 2466/2466/2466 2468/2468/2468
f 2472/2472/2472 2473/2473/2473 2474/2474/2474
f 2472/2472/2472 2474/2474/2474 2448/2448/2448
f 2472/2472/2472 2448/2448/2448 2447/2447/2447
f 2473/2473/2473 2472/2472/2472 2475/2475/2475
f 2048/2048/2048 2047/2047/2047 2476/2476/2476
f 2476/2476/2476 2477/2477/2477 2048/2048/2048
f 2476/2476/2476 2478/2478/2478 2477/2477/2477
f 2479/2479/2479 2480/2480/2480 2481/2481/2481
f 2480/2480/2480 2482/2482/2482 2483/2483/2483
f 2480/2480/2480 2479/2479/2479 2482/2482/2482
f 2484/2484/2484 2485/2485/2485 2486/2486/2486
f 2485/2485/2485 2484/2484/2484 2487/2487/2487
f 2488/2488/2488 2489/2489/2489 2490/2490/2490
f 2491/2491/2491 2488/2488/2488 2490/2490/2490
f 2492/2492/2492 2493/2493/2493 2494/2494/2494
f 2492/2492/2492 2494/2494/2494 2495/2495/2495
f 2496/2496/2496 2497/2497/2497 2498/2498/2498
f 2499/2499/2499 2498/2498/2498 2497/2497/2497
f 2500/2500/2500 2501/2501/2501 2502/2502/2502
f 2501/2501/2501 2500/2500/2500 2503/2503/2503
f 2076/2076/2076 2075/2075/2075 2504/2504/2504
f 2505/2505/2505 2480/2480/2480 2483/2483/2483
f 2504/2504/2504 2483/2483/2483 2076/2076/2076
f 2504/2504/2504 2505/2505/2505 2483/2483/2483
f 2506/2506/2506 2507/2507/2507 2508/2508/2508
f 2509/2509/2509 2508/2508/2508 2510/2510/2510
f 2508/2508/2508 2509/2509/2509 2506/2506/2506
f 2507/2507/2507 2506/2506/2506 2511/2511/2511
f 2507/2507/2507 2512/2512/2512 2513/2513/2513
f 2512/2512/2512 2079/2079/2079 2078/2078/2078
f 2512/2512/2512 2078/2078/2078 2513/2513/2513
f 2512/2512/2512 2507/2507/2507 2511/2511/2511
f 2514/2514/2514 2515/2515/2515 2516/2516/2516
f 2517/2517/2517 2516/2516/2516 2515/2515/2515
f 2518/2518/2518 2519/2519/2519 2520/2520/2520
f 2521/2521/2521 2522/2522/2522 2523/2523/2523
f 2523/2523/2523 2524/2524/2524 2521/2521/2521
f 2525/2525/2525 2526/2526/2526 2527/2527/2527
f 2528/2528/2528 2527/2527/2527 2526/2526/2526
f 2520/2520/2520 2529/2529/2529 2518/2518/2518
f 2520/2520/2520 2530/2530/2530 2529/2529/2529
f 2530/2530/2530 2520/2520/2520 2531/2531/2531
f 2532/2532/2532 2533/2533/2533 2534/2534/2534
f 2533/2533/2533 2532/2532/2532 2535/2535/2535
f 2536/2536/2536 2537/2537/2537 2538/2538/2538
f 2539/2539/2539 2538/2538/2538 2540/2540/2540
f 2538/2538/2538 2539/2539/2539 2536/2536/2536
f 2537/2537/2537 2536/2536/2536 2541/2541/2541
f 2111/2111/2111 2107/2107/2107 2106/2106/2106
f 2111/2111/2111 2541/2541/2541 2112/2112/2112
f 2541/2541/2541 2111/2111/2111 2537/2537/2537
f 2126/2126/2126 2542/2542/2542 2543/2543/2543
f 2126/2126/2126 2125/2125/2125 2544/2544/2544
f 2545/2545/2545 2546/2546/2546 2547/2547/2547
f 2546/2546/2546 2545/2545/2545 2548/2548/2548
f 2549/2549/2549 2550/2550/2550 2551/2551/2551
f 2552/2552/2552 2549/2549/2549 2551/2551/2551
f 2553/2553/2553 2554/2554/2554 2555/2555/2555
f 2554/2554/2554 2553/2553/2553 2556/2556/2556
f 2542/2542/2542 2557/2557/2557 2543/2543/2543
f 2542/2542/2542 2126/2126/2126 2544/2544/2544
f 2130/2130/2130 2129/2129/2129 2558/2558/2558
f 2130/2130/2130 2559/2559/2559 2131/2131/2131
f 2130/2130/2130 2560/2560/2560 2559/2559/2559
f 2561/2561/2561 2562/2562/2562 2563/2563/2563
f 2564/2564/2564 2563/2563/2563 2562/2562/2562
f 2557/2557/2557 2565/2565/2565 2566/2566/2566
f 2557/2557/2557 2566/2566/2566 2543/2543/2543
f 2565/2565/2565 2557/2557/2557 2567/2567/2567
f 2568/2568/2568 2569/2569/2569 2570/2570/2570
f 2570/2570/2570 2571/2571/2571 2568/2568/2568
f 2572/2572/2572 2573/2573/2573 2574/2574/2574
f 2575/2575/2575 2574/2574/2574 2576/2576/2576
f 2574/2574/2574 2575/2575/2575 2572/2572/2572
f 2573/2573/2573 2572/2572/2572 2577/2577/2577
f 2573/2573/2573 2578/2578/2578 2579/2579/2579
f 2578/2578/2578 2573/2573/2573 2577/2577/2577
f 2580/2580/2580 2581/2581/2581 2582/2582/2582
f 2581/2581/2581 2580/2580/2580 2583/2583/2583
f 2156/2156/2156 2584/2584/2584 2585/2585/2585
f 2156/2156/2156 2155/2155/2155 2586/2586/2586
f 2156/2156/2156 2585/2585/2585 2157/2157/2157
f 2587/2587/2587 2588/2588/2588 2589/2589/2589
f 2590/2590/2590 2589/2589/2589 2588/2588/2588
f 2591/2591/2591 2592/2592/2592 2593/2593/2593
f 2591/2591/2591 2594/2594/2594 2592/2592/2592
f 2594/2594/2594 2591/2591/2591 2595/2595/2595
f 2593/2593/2593 2596/2596/2596 2591/2591/2591
f 2168/2168/2168 2167/2167/2167 2597/2597/2597
f 2168/2168/2168 2596/2596/2596 2593/2593/2593
f 2596/2596/2596 2168/2168/2168 2597/2597/2597
f 2598/2598/2598 2599/2599/2599 2600/2600/2600
f 2601/2601/2601 2600/2600/2600 2602/2602/2602
f 2600/2600/2600 2601/2601/2601 2598/2598/2598
f 2175/2175/2175 2171/2171/2171 2170/2170/2170
f 2175/2175/2175 2599/2599/2599 2176/2176/2176
f 2599/2599/2599 2598/2598/2598 2603/2603/2603
f 2603/2603/2603 2176/2176/2176 2599/2599/2599
