# Ruins_WallBroken: from Quaternius, Ultimate Modular Ruins Pack (CC0 1.0)
mtllib Ruins_WallBroken.mtl
v -0.03707 1.65089 0.11130
v 0.11258 1.64574 0.12732
v -0.03707 1.66960 0.12855
v -0.03707 1.66961 0.12855
v -0.03707 1.65089 0.11130
v -0.03707 1.66960 0.12855
v -0.11691 1.64574 0.12732
v -0.03707 1.66961 0.12855
v -0.03296 0.99245 0.11138
v 0.11714 0.98729 0.12745
v -0.03296 1.01122 0.12868
v -0.03296 1.01123 0.12868
v -0.03296 0.99245 0.11138
v -0.03296 1.01122 0.12868
v -0.11303 0.98729 0.12745
v -0.03296 1.01123 0.12868
v -0.03707 1.66961 -0.12855
v 0.11258 1.64574 -0.12732
v -0.03707 1.66960 -0.12855
v -0.03707 1.65089 -0.11130
v -0.11691 1.64574 -0.12732
v -0.03707 1.66961 -0.12855
v -0.03707 1.66960 -0.12855
v -0.03707 1.65089 -0.11130
v -0.03296 1.01123 -0.12868
v 0.11714 0.98729 -0.12745
v -0.03296 1.01122 -0.12868
v -0.03296 0.99245 -0.11138
v -0.11303 0.98729 -0.12745
v -0.03296 1.01123 -0.12868
v -0.03296 1.01122 -0.12868
v -0.03296 0.99245 -0.11138
v 0.84060 0.64705 0.12732
v 0.69095 0.64190 0.11130
v 0.69095 0.62318 0.12855
v 0.69095 0.62318 0.12855
v 0.69095 0.62318 0.12855
v 0.61111 0.64705 0.12732
v 0.69095 0.62318 0.12855
v 0.69095 0.64190 0.11130
v -0.83804 0.62107 0.12855
v -0.91788 0.64493 0.12732
v -0.83804 0.62106 0.12855
v -0.83804 0.63978 0.11130
v -0.65134 0.64493 0.12732
v -0.83804 0.63978 0.11130
v -0.83804 0.62107 0.12855
v -0.83804 0.62106 0.12855
v 0.21233 0.30582 0.11130
v 0.06267 0.31097 0.12732
v 0.21233 0.28710 0.12855
v 0.21233 0.28710 0.12855
v 0.21233 0.30582 0.11130
v 0.21233 0.28710 0.12855
v 0.29216 0.31097 0.12732
v 0.21233 0.28710 0.12855
v 0.46079 0.28286 0.13480
v 0.45605 0.30404 0.11871
v 0.37914 0.30168 0.13480
v 0.57589 0.28690 0.13480
v 0.45605 0.30404 0.11871
v 0.46079 0.28286 0.13480
v 0.31957 0.66806 0.11130
v 0.31957 0.68677 0.12855
v 0.24852 0.66291 0.12732
v 0.31957 0.68678 0.12855
v 0.31957 0.66806 0.11130
v 0.48572 0.66291 0.12732
v 0.31957 0.68677 0.12855
v 0.31957 0.68678 0.12855
v 0.02976 0.96425 0.11138
v -0.12034 0.96942 0.12745
v 0.02976 0.94549 0.12868
v 0.02976 0.94548 0.12868
v 0.02976 0.96425 0.11138
v 0.02976 0.94549 0.12868
v 0.10984 0.96942 0.12745
v 0.02976 0.94548 0.12868
v 0.84060 0.64705 -0.12732
v 0.69095 0.62318 -0.12855
v 0.69095 0.62318 -0.12855
v 0.69095 0.64190 -0.11130
v 0.61111 0.64705 -0.12732
v 0.69095 0.64190 -0.11130
v 0.69095 0.62318 -0.12855
v 0.69095 0.62318 -0.12855
v -0.91788 0.64493 -0.12732
v -0.83804 0.63978 -0.11130
v -0.83804 0.62107 -0.12855
v -0.83804 0.62106 -0.12855
v -0.65134 0.64493 -0.12732
v -0.83804 0.62106 -0.12855
v -0.83804 0.62107 -0.12855
v -0.83804 0.63978 -0.11130
v 0.21233 0.28710 -0.12855
v 0.06267 0.31097 -0.12732
v 0.21233 0.28710 -0.12855
v 0.21233 0.30582 -0.11130
v 0.29216 0.31097 -0.12732
v 0.21233 0.28710 -0.12855
v 0.21233 0.28710 -0.12855
v 0.21233 0.30582 -0.11130
v 0.46079 0.28286 -0.13480
v 0.37914 0.30168 -0.13480
v 0.45605 0.30404 -0.11871
v 0.57589 0.28690 -0.13480
v 0.46079 0.28286 -0.13480
v 0.45605 0.30404 -0.11871
v 0.24852 0.66291 -0.12732
v 0.31957 0.68678 -0.12855
v 0.31957 0.68677 -0.12855
v 0.31957 0.66806 -0.11130
v 0.31957 0.68678 -0.12855
v 0.48572 0.66291 -0.12732
v 0.31957 0.68677 -0.12855
v 0.31957 0.66806 -0.11130
v 0.02976 0.94548 -0.12868
v -0.12034 0.96942 -0.12745
v 0.02976 0.94549 -0.12868
v 0.02976 0.96425 -0.11138
v 0.10984 0.96942 -0.12745
v 0.02976 0.94548 -0.12868
v 0.02976 0.94549 -0.12868
v 0.02976 0.96425 -0.11138
v -0.59920 1.44726 0.13224
v -0.51764 1.34159 0.13981
v -0.54343 1.44726 0.13351
v -0.60444 1.32299 0.13983
v -0.60444 1.32299 0.13983
v -0.55188 1.30412 0.07586
v -0.51764 1.34159 0.13981
v -0.60990 1.30412 0.07019
v -0.59920 1.44726 0.13224
v -0.52572 1.58470 0.13990
v -0.60444 1.60482 0.13983
v -0.54343 1.44726 0.13351
v -0.52572 1.58470 0.13990
v -0.08078 1.62351 0.08277
v -0.55160 1.62351 0.06846
v -0.10409 1.59917 0.14243
v -0.60444 1.60482 0.13983
v -0.61084 1.43141 0.09521
v -0.59920 1.44726 0.13224
v -0.60975 1.62351 0.06637
v -0.08221 1.42521 0.12044
v -0.10409 1.59917 0.14243
v -0.08895 1.44726 0.14227
v -0.08078 1.62351 0.08277
v -0.10409 1.59917 0.14243
v -0.52572 1.58470 0.13990
v -0.08895 1.44726 0.14227
v -0.54343 1.44726 0.13351
v -0.10120 1.32511 0.14240
v -0.08221 1.42521 0.12044
v -0.08895 1.44726 0.14227
v -0.08199 1.30412 0.11477
v -0.60444 1.60482 0.13983
v -0.55160 1.62351 0.06846
v -0.60975 1.62351 0.06637
v -0.52572 1.58470 0.13990
v -0.51764 1.34159 0.13981
v -0.08199 1.30412 0.11477
v -0.10120 1.32511 0.14240
v -0.55188 1.30412 0.07586
v -0.08895 1.44726 0.14227
v -0.51764 1.34159 0.13981
v -0.10120 1.32511 0.14240
v -0.54343 1.44726 0.13351
v -0.60990 1.30412 0.07019
v -0.60444 1.32299 0.13983
v 0.46898 1.60832 0.11130
v 0.31933 1.61347 0.12732
v 0.46898 1.58961 0.12855
v 0.46898 1.58960 0.12855
v 0.58415 1.33043 0.14280
v 0.59448 1.61347 0.12732
v 0.54882 1.61347 0.12732
v 0.46898 1.58960 0.12855
v 0.46898 1.31300 0.14280
v 0.01994 1.30178 0.08277
v 0.04067 1.61347 0.12732
v 0.01994 1.62021 0.06637
v 0.04638 1.32767 0.14280
v 0.60702 1.30852 0.11477
v 0.61521 1.62036 0.07019
v 0.59448 1.61347 0.12732
v 0.58415 1.33043 0.14280
v 0.04638 1.32767 0.14280
v 0.49159 1.30317 0.12044
v 0.46898 1.31300 0.14280
v 0.01994 1.30178 0.08277
v 0.49159 1.30317 0.12044
v 0.58415 1.33043 0.14280
v 0.46898 1.31300 0.14280
v 0.60702 1.30852 0.11477
v 0.04067 1.61347 0.12732
v 0.46898 1.60832 0.11130
v 0.48525 1.62128 0.09521
v 0.46898 1.60832 0.11130
v 0.46898 1.58961 0.12855
v 0.54882 1.61347 0.12732
v 0.46898 1.58960 0.12855
v 0.04638 1.32767 0.14280
v 0.31933 1.61347 0.12732
v 0.04067 1.61347 0.12732
v 0.46898 1.31300 0.14280
v 0.46898 1.58960 0.12855
v 0.59448 1.61347 0.12732
v 0.31933 1.61347 0.12732
v 0.54882 1.61347 0.12732
v 0.61521 1.62036 0.07019
v -0.11691 1.64574 0.12732
v -0.15224 1.91867 0.14280
v -0.16257 1.64574 0.12732
v -0.03707 1.66961 0.12855
v -0.03707 1.93610 0.14280
v 0.32704 1.94732 0.08277
v 0.30631 1.64574 0.12732
v 0.32704 1.63900 0.06637
v 0.30060 1.92142 0.14280
v -0.17511 1.94058 0.11477
v -0.16257 1.64574 0.12732
v -0.15224 1.91867 0.14280
v -0.18330 1.63885 0.07019
v 0.30060 1.92142 0.14280
v 0.32704 1.94732 0.08277
v -0.05968 1.94593 0.12044
v -0.03707 1.93610 0.14280
v -0.05968 1.94593 0.12044
v -0.15224 1.91867 0.14280
v -0.03707 1.93610 0.14280
v -0.17511 1.94058 0.11477
v 0.30631 1.64574 0.12732
v -0.03707 1.65089 0.11130
v -0.05335 1.63793 0.09521
v -0.03707 1.93610 0.14280
v 0.11258 1.64574 0.12732
v 0.30060 1.92142 0.14280
v -0.03707 1.66961 0.12855
v 0.30631 1.64574 0.12732
v 0.11258 1.64574 0.12732
v -0.16257 1.64574 0.12732
v -0.18330 1.63885 0.07019
v -0.11691 1.64574 0.12732
v 0.71788 1.27881 0.13056
v 0.35192 1.29918 0.08277
v 0.37844 1.27320 0.13859
v 0.73653 1.29918 0.06632
v 0.73660 0.97615 0.07015
v 0.71788 1.27881 0.13056
v 0.72149 0.99652 0.13056
v 0.73653 1.29918 0.06632
v 0.72149 0.99652 0.13056
v 0.37844 1.27320 0.13859
v 0.37558 0.99862 0.13859
v 0.71788 1.27881 0.13056
v 0.34817 0.97355 0.09013
v 0.72149 0.99652 0.13056
v 0.37558 0.99862 0.13859
v 0.73660 0.97615 0.07015
v 0.37844 1.27320 0.13859
v 0.34817 0.97355 0.09013
v 0.37558 0.99862 0.13859
v 0.35192 1.29918 0.08277
v -0.11303 0.98729 0.12745
v -0.14847 1.26102 0.14297
v -0.15883 0.98729 0.12745
v -0.03296 1.01123 0.12868
v -0.03296 1.27851 0.14297
v 0.33224 1.28977 0.08277
v 0.31145 0.98729 0.12745
v 0.33224 0.98052 0.06632
v 0.30572 1.26379 0.14297
v -0.17141 1.28301 0.11486
v -0.17962 0.98038 0.07015
v -0.15883 0.98729 0.12745
v -0.14847 1.26102 0.14297
v 0.30572 1.26379 0.14297
v -0.05563 1.28837 0.12055
v -0.03296 1.27851 0.14297
v 0.33224 1.28977 0.08277
v -0.05563 1.28837 0.12055
v -0.14847 1.26102 0.14297
v -0.03296 1.27851 0.14297
v -0.17141 1.28301 0.11486
v 0.31145 0.98729 0.12745
v -0.03296 0.99245 0.11138
v -0.04928 0.97945 0.09524
v -0.03296 1.27851 0.14297
v 0.11714 0.98729 0.12745
v 0.30572 1.26379 0.14297
v -0.03296 1.01123 0.12868
v 0.31145 0.98729 0.12745
v -0.15883 0.98729 0.12745
v 0.11714 0.98729 0.12745
v -0.17962 0.98038 0.07015
v -0.11303 0.98729 0.12745
v -0.52313 0.99660 0.13496
v -0.51608 0.97623 0.07015
v -0.51513 1.10390 0.09524
v -0.99012 0.97623 0.11486
v -0.57426 0.97623 0.07583
v -0.60027 0.99424 0.11882
v -0.94815 0.99924 0.13496
v -0.53286 1.26667 0.13496
v -0.57454 1.29657 0.06841
v -0.60122 1.25623 0.13496
v -0.51622 1.29657 0.06632
v -0.94815 0.99924 0.13496
v -0.60027 0.99424 0.11882
v -0.58371 1.11989 0.13496
v -0.96042 1.11989 0.13496
v -0.58371 1.11989 0.13496
v -0.60027 0.99424 0.11882
v -0.52313 0.99660 0.13496
v -0.99001 1.09768 0.12055
v -0.94815 0.99924 0.13496
v -0.96042 1.11989 0.13496
v -0.99012 0.97623 0.11486
v -0.96177 1.27059 0.13496
v -0.99001 1.09768 0.12055
v -0.96042 1.11989 0.13496
v -0.99080 1.29657 0.08277
v -0.51513 1.10390 0.09524
v -0.53286 1.26667 0.13496
v -0.52840 1.11989 0.13496
v -0.51622 1.29657 0.06632
v -0.51608 0.97623 0.07015
v -0.60027 0.99424 0.11882
v -0.57426 0.97623 0.07583
v -0.52313 0.99660 0.13496
v -0.60122 1.25623 0.13496
v -0.96177 1.27059 0.13496
v -0.96042 1.11989 0.13496
v -0.58371 1.11989 0.13496
v -0.53286 1.26667 0.13496
v -0.52840 1.11989 0.13496
v -0.60122 1.25623 0.13496
v -0.99080 1.29657 0.08277
v -0.96177 1.27059 0.13496
v -0.57454 1.29657 0.06841
v -0.51764 1.34159 -0.13981
v -0.59920 1.44726 -0.13224
v -0.54343 1.44726 -0.13351
v -0.60444 1.32299 -0.13983
v -0.60990 1.30412 -0.07019
v -0.60444 1.32299 -0.13983
v -0.55188 1.30412 -0.07586
v -0.51764 1.34159 -0.13981
v -0.52572 1.58470 -0.13990
v -0.59920 1.44726 -0.13224
v -0.60444 1.60482 -0.13983
v -0.54343 1.44726 -0.13351
v -0.60990 1.30412 0.07019
v -0.61084 1.43141 -0.09521
v -0.60990 1.30412 -0.07019
v -0.08078 1.62351 -0.08277
v -0.52572 1.58470 -0.13990
v -0.55160 1.62351 -0.06846
v -0.10409 1.59917 -0.14243
v -0.08078 1.62351 -0.08277
v -0.08221 1.42521 0.12044
v -0.08221 1.42521 -0.12044
v -0.08078 1.62351 -0.08277
v -0.55160 1.62351 0.06846
v -0.08078 1.62351 0.08277
v -0.10409 1.59917 -0.14243
v -0.08221 1.42521 -0.12044
v -0.08895 1.44726 -0.14227
v -0.08078 1.62351 -0.08277
v -0.60975 1.62351 -0.06637
v -0.60444 1.60482 -0.13983
v -0.08895 1.44726 -0.14227
v -0.52572 1.58470 -0.13990
v -0.10409 1.59917 -0.14243
v -0.54343 1.44726 -0.13351
v -0.08221 1.42521 -0.12044
v -0.10120 1.32511 -0.14240
v -0.08895 1.44726 -0.14227
v -0.08199 1.30412 -0.11477
v -0.55160 1.62351 -0.06846
v -0.60444 1.60482 -0.13983
v -0.60975 1.62351 -0.06637
v -0.52572 1.58470 -0.13990
v -0.55188 1.30412 -0.07586
v -0.51764 1.34159 -0.13981
v -0.08199 1.30412 -0.11477
v -0.10120 1.32511 -0.14240
v -0.08895 1.44726 -0.14227
v -0.51764 1.34159 -0.13981
v -0.54343 1.44726 -0.13351
v -0.10120 1.32511 -0.14240
v -0.08199 1.30412 -0.11477
v -0.08199 1.30412 0.11477
v -0.55188 1.30412 0.07586
v -0.55188 1.30412 -0.07586
v -0.55160 1.62351 -0.06846
v -0.60975 1.62351 0.06637
v -0.60975 1.62351 -0.06637
v -0.08078 1.62351 0.08277
v -0.08199 1.30412 0.11477
v -0.08199 1.30412 -0.11477
v -0.59920 1.44726 -0.13224
v -0.60444 1.32299 -0.13983
v -0.60990 1.30412 -0.07019
v 0.46898 1.58960 -0.12855
v 0.31933 1.61347 -0.12732
v 0.46898 1.58961 -0.12855
v 0.46898 1.60832 -0.11130
v 0.46898 1.58960 -0.12855
v 0.58415 1.33043 -0.14280
v 0.46898 1.31300 -0.14280
v 0.54882 1.61347 -0.12732
v 0.59448 1.61347 -0.12732
v 0.49159 1.30317 0.12044
v 0.60702 1.30852 -0.11477
v 0.60702 1.30852 0.11477
v 0.49159 1.30317 -0.12044
v -0.60990 1.30412 0.07019
v -0.60990 1.30412 -0.07019
v 0.01994 1.30178 -0.08277
v 0.04067 1.61347 -0.12732
v 0.04638 1.32767 -0.14280
v 0.01994 1.62021 -0.06637
v 0.58415 1.33043 -0.14280
v 0.59448 1.61347 -0.12732
v 0.60702 1.30852 -0.11477
v 0.61521 1.62036 -0.07019
v 0.01994 1.30178 -0.08277
v 0.04638 1.32767 -0.14280
v 0.49159 1.30317 -0.12044
v 0.46898 1.31300 -0.14280
v 0.49159 1.30317 -0.12044
v 0.58415 1.33043 -0.14280
v 0.60702 1.30852 -0.11477
v 0.46898 1.31300 -0.14280
v 0.04067 1.61347 -0.12732
v 0.46898 1.60832 -0.11130
v 0.31933 1.61347 -0.12732
v 0.01994 1.62021 -0.06637
v 0.48525 1.62128 -0.09521
v 0.48525 1.62128 -0.09521
v 0.61521 1.62036 0.07019
v 0.61521 1.62036 -0.07019
v 0.48525 1.62128 0.09521
v 0.61521 1.62036 -0.07019
v 0.60702 1.30852 0.11477
v 0.60702 1.30852 -0.11477
v 0.61521 1.62036 0.07019
v 0.54882 1.61347 -0.12732
v 0.46898 1.58960 -0.12855
v 0.46898 1.58961 -0.12855
v 0.46898 1.60832 -0.11130
v 0.46898 1.31300 -0.14280
v 0.31933 1.61347 -0.12732
v 0.46898 1.58960 -0.12855
v 0.04638 1.32767 -0.14280
v 0.04067 1.61347 -0.12732
v 0.01994 1.62021 0.06637
v 0.46898 1.60832 -0.11130
v 0.59448 1.61347 -0.12732
v 0.54882 1.61347 -0.12732
v 0.48525 1.62128 -0.09521
v 0.61521 1.62036 -0.07019
v 0.01994 1.30178 0.08277
v 0.01994 1.62021 -0.06637
v 0.01994 1.30178 -0.08277
v 0.01994 1.62021 0.06637
v 0.01994 1.30178 0.08277
v 0.49159 1.30317 -0.12044
v 0.49159 1.30317 0.12044
v 0.01994 1.30178 -0.08277
v 0.32704 1.94732 0.08277
v -0.05968 1.94593 -0.12044
v -0.05968 1.94593 0.12044
v 0.32704 1.94732 -0.08277
v -0.03707 1.66961 -0.12855
v -0.15224 1.91867 -0.14280
v -0.03707 1.93610 -0.14280
v -0.11691 1.64574 -0.12732
v -0.16257 1.64574 -0.12732
v 0.32704 1.94732 -0.08277
v 0.30631 1.64574 -0.12732
v 0.30060 1.92142 -0.14280
v 0.32704 1.63900 -0.06637
v -0.16257 1.64574 -0.12732
v -0.18330 1.63885 -0.07019
v -0.17511 1.94058 -0.11477
v -0.15224 1.91867 -0.14280
v 0.32704 1.94732 -0.08277
v 0.30060 1.92142 -0.14280
v -0.05968 1.94593 -0.12044
v -0.03707 1.93610 -0.14280
v -0.05968 1.94593 -0.12044
v -0.15224 1.91867 -0.14280
v -0.17511 1.94058 -0.11477
v -0.03707 1.93610 -0.14280
v 0.30631 1.64574 -0.12732
v -0.03707 1.65089 -0.11130
v 0.11258 1.64574 -0.12732
v 0.32704 1.63900 -0.06637
v -0.05335 1.63793 -0.09521
v -0.05335 1.63793 -0.09521
v -0.18330 1.63885 0.07019
v -0.18330 1.63885 -0.07019
v -0.05335 1.63793 0.09521
v -0.18330 1.63885 0.07019
v -0.17511 1.94058 -0.11477
v -0.18330 1.63885 -0.07019
v -0.17511 1.94058 0.11477
v -0.05968 1.94593 0.12044
v -0.17511 1.94058 -0.11477
v -0.17511 1.94058 0.11477
v -0.05968 1.94593 -0.12044
v 0.30060 1.92142 -0.14280
v 0.11258 1.64574 -0.12732
v -0.03707 1.93610 -0.14280
v 0.30631 1.64574 -0.12732
v -0.03707 1.66961 -0.12855
v 0.32704 1.63900 0.06637
v -0.03707 1.65089 -0.11130
v -0.16257 1.64574 -0.12732
v -0.11691 1.64574 -0.12732
v -0.05335 1.63793 -0.09521
v -0.18330 1.63885 -0.07019
v 0.32704 1.94732 -0.08277
v 0.32704 1.63900 0.06637
v 0.32704 1.63900 -0.06637
v 0.32704 1.94732 0.08277
v -0.99080 1.29657 -0.08277
v -0.99001 1.09768 0.12055
v -0.99080 1.29657 0.08277
v 0.35192 1.29918 -0.08277
v 0.71788 1.27881 -0.13056
v 0.37844 1.27320 -0.13859
v 0.73653 1.29918 -0.06632
v 0.71788 1.27881 -0.13056
v 0.73653 1.29918 -0.06632
v 0.73660 0.97615 -0.07015
v 0.72149 0.99652 -0.13056
v 0.73653 1.29918 -0.06632
v 0.73653 1.29918 0.06632
v 0.73660 0.97615 0.07015
v 0.73660 0.97615 -0.07015
v 0.37844 1.27320 -0.13859
v 0.72149 0.99652 -0.13056
v 0.37558 0.99862 -0.13859
v 0.71788 1.27881 -0.13056
v 0.72149 0.99652 -0.13056
v 0.73660 0.97615 -0.07015
v 0.34817 0.97355 -0.09013
v 0.37558 0.99862 -0.13859
v 0.35192 1.29918 -0.08277
v 0.37844 1.27320 -0.13859
v 0.34817 0.97355 -0.09013
v 0.37558 0.99862 -0.13859
v 0.34817 0.97355 0.09013
v 0.35192 1.29918 -0.08277
v 0.34817 0.97355 -0.09013
v 0.35192 1.29918 0.08277
v 0.73660 0.97615 -0.07015
v 0.34817 0.97355 0.09013
v 0.34817 0.97355 -0.09013
v 0.73660 0.97615 0.07015
v -0.03296 1.01123 -0.12868
v -0.14847 1.26102 -0.14297
v -0.03296 1.27851 -0.14297
v -0.11303 0.98729 -0.12745
v -0.15883 0.98729 -0.12745
v 0.35192 1.29918 -0.08277
v 0.35192 1.29918 0.08277
v 0.73653 1.29918 0.06632
v 0.73653 1.29918 -0.06632
v 0.33224 1.28977 -0.08277
v 0.31145 0.98729 -0.12745
v 0.30572 1.26379 -0.14297
v 0.33224 0.98052 -0.06632
v -0.15883 0.98729 -0.12745
v -0.17962 0.98038 -0.07015
v -0.17141 1.28301 -0.11486
v -0.14847 1.26102 -0.14297
v 0.33224 1.28977 -0.08277
v 0.30572 1.26379 -0.14297
v -0.05563 1.28837 -0.12055
v -0.03296 1.27851 -0.14297
v -0.05563 1.28837 -0.12055
v -0.14847 1.26102 -0.14297
v -0.17141 1.28301 -0.11486
v -0.03296 1.27851 -0.14297
v 0.31145 0.98729 -0.12745
v 0.33224 0.98052 -0.06632
v -0.04928 0.97945 -0.09524
v -0.03296 0.99245 -0.11138
v 0.11714 0.98729 -0.12745
v -0.04928 0.97945 -0.09524
v -0.17962 0.98038 0.07015
v -0.17962 0.98038 -0.07015
v -0.04928 0.97945 0.09524
v -0.17962 0.98038 0.07015
v -0.17141 1.28301 -0.11486
v -0.17962 0.98038 -0.07015
v -0.17141 1.28301 0.11486
v -0.05563 1.28837 0.12055
v -0.17141 1.28301 -0.11486
v -0.17141 1.28301 0.11486
v -0.05563 1.28837 -0.12055
v 0.30572 1.26379 -0.14297
v 0.11714 0.98729 -0.12745
v -0.03296 1.27851 -0.14297
v 0.31145 0.98729 -0.12745
v -0.03296 1.01123 -0.12868
v 0.33224 0.98052 0.06632
v -0.03296 0.99245 -0.11138
v -0.15883 0.98729 -0.12745
v -0.11303 0.98729 -0.12745
v -0.04928 0.97945 -0.09524
v -0.17962 0.98038 -0.07015
v 0.33224 1.28977 -0.08277
v 0.33224 0.98052 0.06632
v 0.33224 0.98052 -0.06632
v 0.33224 1.28977 0.08277
v -0.96042 1.11989 -0.13496
v -0.60122 1.25623 -0.13496
v -0.58371 1.11989 -0.13496
v -0.51608 0.97623 0.07015
v -0.57426 0.97623 -0.07583
v -0.51608 0.97623 -0.07015
v -0.52313 0.99660 -0.13496
v -0.51513 1.10390 -0.09524
v -0.51608 0.97623 -0.07015
v -0.60027 0.99424 -0.11882
v -0.99012 0.97623 -0.11486
v -0.94815 0.99924 -0.13496
v -0.57426 0.97623 -0.07583
v -0.51622 1.29657 -0.06632
v -0.57454 1.29657 -0.06841
v -0.53286 1.26667 -0.13496
v -0.60122 1.25623 -0.13496
v -0.51622 1.29657 -0.06632
v -0.60027 0.99424 -0.11882
v -0.94815 0.99924 -0.13496
v -0.58371 1.11989 -0.13496
v -0.52313 0.99660 -0.13496
v -0.60027 0.99424 -0.11882
v -0.58371 1.11989 -0.13496
v -0.52840 1.11989 -0.13496
v -0.57454 1.29657 -0.06841
v -0.57454 1.29657 0.06841
v -0.51622 1.29657 0.06632
v -0.51622 1.29657 -0.06632
v -0.99080 1.29657 -0.08277
v -0.99080 1.29657 0.08277
v -0.99001 1.09768 -0.12055
v -0.94815 0.99924 -0.13496
v -0.99012 0.97623 -0.11486
v -0.96042 1.11989 -0.13496
v -0.99080 1.29657 -0.08277
v -0.96177 1.27059 -0.13496
v -0.99001 1.09768 -0.12055
v -0.96042 1.11989 -0.13496
v 0.33224 1.28977 0.08277
v -0.05563 1.28837 -0.12055
v -0.05563 1.28837 0.12055
v 0.33224 1.28977 -0.08277
v -0.57426 0.97623 0.07583
v -0.99012 0.97623 -0.11486
v -0.99012 0.97623 0.11486
v -0.53286 1.26667 -0.13496
v -0.51513 1.10390 -0.09524
v -0.52840 1.11989 -0.13496
v -0.51622 1.29657 -0.06632
v -0.60027 0.99424 -0.11882
v -0.51608 0.97623 -0.07015
v -0.57426 0.97623 -0.07583
v -0.52313 0.99660 -0.13496
v -0.96177 1.27059 -0.13496
v -0.53286 1.26667 -0.13496
v -0.52840 1.11989 -0.13496
v -0.99080 1.29657 -0.08277
v -0.60122 1.25623 -0.13496
v -0.96177 1.27059 -0.13496
v -0.57454 1.29657 -0.06841
v -0.52840 1.11989 0.13496
v -0.51622 1.29657 0.06632
v -0.52840 1.11989 -0.13496
v -0.99001 1.09768 -0.12055
v -0.99012 0.97623 -0.11486
v -0.99012 0.97623 0.11486
v 0.69095 0.62318 0.12855
v 0.57578 0.36401 0.14280
v 0.69095 0.34658 0.14280
v 0.61111 0.64705 0.12732
v 0.56545 0.64705 0.12732
v 0.97188 0.64705 0.12732
v 0.99176 0.33535 0.08277
v 0.99176 0.65379 0.06637
v 0.96617 0.36125 0.14280
v 0.56545 0.64705 0.12732
v 0.54472 0.65393 0.07019
v 0.55291 0.34209 0.11477
v 0.57578 0.36401 0.14280
v 0.66834 0.33675 0.12044
v 0.99176 0.33535 0.08277
v 0.96617 0.36125 0.14280
v 0.69095 0.34658 0.14280
v 0.66834 0.33675 0.12044
v 0.57578 0.36401 0.14280
v 0.55291 0.34209 0.11477
v 0.69095 0.34658 0.14280
v 0.97188 0.64705 0.12732
v 0.99176 0.65379 0.06637
v 0.67467 0.65486 0.09521
v 0.69095 0.64190 0.11130
v 0.84060 0.64705 0.12732
v 0.96617 0.36125 0.14280
v 0.84060 0.64705 0.12732
v 0.69095 0.34658 0.14280
v 0.97188 0.64705 0.12732
v 0.69095 0.62318 0.12855
v 0.56545 0.64705 0.12732
v 0.61111 0.64705 0.12732
v 0.54472 0.65393 0.07019
v 0.52247 0.50944 0.13224
v 0.44091 0.61512 0.13981
v 0.46670 0.50944 0.13351
v 0.52770 0.63371 0.13983
v 0.52770 0.63371 0.13983
v 0.47515 0.65259 0.07586
v 0.44091 0.61512 0.13981
v 0.53316 0.65259 0.07019
v 0.44898 0.37201 0.13990
v 0.52247 0.50944 0.13224
v 0.46670 0.50944 0.13351
v 0.52770 0.35189 0.13983
v 0.44898 0.37201 0.13990
v 0.00405 0.33320 0.08277
v 0.47487 0.33320 0.06846
v 0.02735 0.35754 0.14243
v 0.52770 0.35189 0.13983
v 0.53302 0.33320 0.06637
v 0.53411 0.52530 0.09521
v 0.52247 0.50944 0.13224
v 0.00547 0.53150 0.12044
v 0.02735 0.35754 0.14243
v 0.01221 0.50944 0.14227
v 0.00405 0.33320 0.08277
v 0.44898 0.37201 0.13990
v 0.01221 0.50944 0.14227
v 0.02735 0.35754 0.14243
v 0.46670 0.50944 0.13351
v 0.02447 0.63160 0.14240
v 0.00547 0.53150 0.12044
v 0.01221 0.50944 0.14227
v 0.00526 0.65259 0.11477
v 0.52770 0.35189 0.13983
v 0.47487 0.33320 0.06846
v 0.53302 0.33320 0.06637
v 0.44898 0.37201 0.13990
v 0.44091 0.61512 0.13981
v 0.47515 0.65259 0.07586
v 0.00526 0.65259 0.11477
v 0.02447 0.63160 0.14240
v 0.44091 0.61512 0.13981
v 0.01221 0.50944 0.14227
v 0.46670 0.50944 0.13351
v 0.02447 0.63160 0.14240
v 0.53316 0.65259 0.07019
v 0.52770 0.63371 0.13983
v -0.47218 0.34839 0.11130
v -0.32252 0.34324 0.12732
v -0.47218 0.36710 0.12855
v -0.47218 0.36711 0.12855
v -0.55202 0.34324 0.12732
v -0.58734 0.62627 0.14280
v -0.59767 0.34324 0.12732
v -0.47218 0.36711 0.12855
v -0.47218 0.64371 0.14280
v -0.65134 0.64493 0.12732
v -0.63061 0.33323 0.08277
v -0.63061 0.65167 0.06637
v -0.65705 0.35913 0.14280
v -0.65134 0.64493 0.12732
v -0.85432 0.65274 0.09521
v -0.83804 0.63978 0.11130
v -0.63061 0.65167 0.06637
v -0.86065 0.33463 0.12044
v -0.65705 0.35913 0.14280
v -0.83804 0.34446 0.14280
v -0.63061 0.33323 0.08277
v -0.65705 0.35913 0.14280
v -0.83804 0.62106 0.12855
v -0.83804 0.34446 0.14280
v -0.65134 0.64493 0.12732
v -0.97107 0.35634 0.14280
v -0.86065 0.33463 0.12044
v -0.83804 0.34446 0.14280
v -0.99316 0.33442 0.11477
v -0.97321 0.64493 0.12732
v -0.99159 0.65181 0.07019
v -0.99316 0.33442 0.11477
v -0.97107 0.35634 0.14280
v -0.83804 0.62106 0.12855
v -0.97107 0.35634 0.14280
v -0.83804 0.34446 0.14280
v -0.91788 0.64493 0.12732
v -0.97321 0.64493 0.12732
v -0.97321 0.64493 0.12732
v -0.91788 0.64493 0.12732
v -0.99159 0.65181 0.07019
v -0.02314 0.65493 0.08277
v -0.04387 0.34324 0.12732
v -0.02314 0.33649 0.06637
v -0.04958 0.62903 0.14280
v -0.61022 0.64819 0.11477
v -0.61841 0.33635 0.07019
v -0.59767 0.34324 0.12732
v -0.58734 0.62627 0.14280
v -0.04958 0.62903 0.14280
v -0.02314 0.65493 0.08277
v -0.49478 0.65354 0.12044
v -0.47218 0.64371 0.14280
v -0.49478 0.65354 0.12044
v -0.58734 0.62627 0.14280
v -0.47218 0.64371 0.14280
v -0.61022 0.64819 0.11477
v -0.04387 0.34324 0.12732
v -0.47218 0.34839 0.11130
v -0.48845 0.33543 0.09521
v -0.47218 0.34839 0.11130
v -0.47218 0.36710 0.12855
v -0.55202 0.34324 0.12732
v -0.47218 0.36711 0.12855
v -0.47218 0.64371 0.14280
v -0.32252 0.34324 0.12732
v -0.04958 0.62903 0.14280
v -0.47218 0.36711 0.12855
v -0.04387 0.34324 0.12732
v -0.32252 0.34324 0.12732
v -0.59767 0.34324 0.12732
v -0.61841 0.33635 0.07019
v -0.55202 0.34324 0.12732
v -0.50897 0.32079 0.08277
v -0.52971 0.02915 0.12732
v -0.50897 0.00235 0.06637
v -0.53541 0.29489 0.14280
v -0.52971 0.02915 0.12732
v -0.99362 0.00221 0.07019
v -0.50897 0.00235 0.06637
v -0.97758 0.01647 0.12732
v -0.99519 0.31960 0.11477
v -0.99362 0.00221 0.07019
v -0.97758 0.01647 0.12732
v -0.97544 0.29769 0.14280
v -0.53541 0.29489 0.14280
v -0.99519 0.31960 0.11477
v -0.97544 0.29769 0.14280
v -0.50897 0.32079 0.08277
v -0.52971 0.02915 0.12732
v -0.97544 0.29769 0.14280
v -0.97758 0.01647 0.12732
v -0.53541 0.29489 0.14280
v -0.17268 0.00000 0.08277
v -0.47761 0.02031 0.13043
v -0.49778 0.00000 0.06637
v -0.19912 0.02590 0.13843
v -0.49793 0.30888 0.07019
v -0.47761 0.28138 0.13043
v -0.49090 0.28857 0.13043
v -0.47761 0.02031 0.13043
v -0.49778 0.00000 0.06637
v -0.19912 0.02590 0.13843
v -0.47761 0.28138 0.13043
v -0.47761 0.02031 0.13043
v -0.19627 0.28647 0.13843
v -0.49090 0.28857 0.13043
v -0.16894 0.31147 0.09012
v -0.49090 0.28857 0.13043
v -0.19627 0.28647 0.13843
v -0.49793 0.30888 0.07019
v -0.19912 0.02590 0.13843
v -0.16894 0.31147 0.09012
v -0.19627 0.28647 0.13843
v -0.17268 0.00000 0.08277
v 0.32749 0.03804 0.14280
v 0.21233 0.28710 0.12855
v 0.21233 0.02061 0.14280
v 0.33782 0.31097 0.12732
v 0.29216 0.31097 0.12732
v -0.15179 0.00938 0.08277
v -0.13106 0.31097 0.12732
v -0.15179 0.31771 0.06637
v -0.12535 0.03528 0.14280
v 0.35036 0.01612 0.11477
v 0.35856 0.31785 0.07019
v 0.33782 0.31097 0.12732
v 0.32749 0.03804 0.14280
v -0.12535 0.03528 0.14280
v 0.23493 0.01078 0.12044
v 0.21233 0.02061 0.14280
v -0.15179 0.00938 0.08277
v 0.23493 0.01078 0.12044
v 0.32749 0.03804 0.14280
v 0.21233 0.02061 0.14280
v 0.35036 0.01612 0.11477
v -0.13106 0.31097 0.12732
v 0.21233 0.30582 0.11130
v 0.22860 0.31878 0.09521
v -0.12535 0.03528 0.14280
v 0.06267 0.31097 0.12732
v -0.13106 0.31097 0.12732
v 0.21233 0.02061 0.14280
v 0.21233 0.28710 0.12855
v 0.33782 0.31097 0.12732
v 0.06267 0.31097 0.12732
v 0.35856 0.31785 0.07019
v 0.29216 0.31097 0.12732
v 0.37914 0.30168 0.13480
v 0.37211 0.32199 0.07019
v 0.37116 0.19470 0.09521
v 0.57589 0.28690 0.13480
v 0.99452 0.32199 0.11477
v 0.45605 0.30404 0.11871
v 0.43012 0.32199 0.07586
v 0.95880 0.29905 0.13480
v 0.37914 0.02291 0.13480
v 0.43040 0.00260 0.06846
v 0.45700 0.04282 0.13480
v 0.37225 0.00260 0.06637
v 0.97104 0.17876 0.13480
v 0.45700 0.04282 0.13480
v 0.97238 0.02850 0.13480
v 0.57589 0.28690 0.13480
v 0.43955 0.17876 0.13480
v 0.46079 0.28286 0.13480
v 0.95880 0.29905 0.13480
v 0.38440 0.17876 0.13480
v 0.37914 0.30168 0.13480
v 0.99440 0.20090 0.12044
v 0.95880 0.29905 0.13480
v 0.97104 0.17876 0.13480
v 0.99452 0.32199 0.11477
v 0.97238 0.02850 0.13480
v 0.99440 0.20090 0.12044
v 0.97104 0.17876 0.13480
v 0.99519 0.00260 0.08277
v 0.37211 0.32199 0.07019
v 0.45605 0.30404 0.11871
v 0.43012 0.32199 0.07586
v 0.37914 0.30168 0.13480
v 0.37914 0.02291 0.13480
v 0.45700 0.04282 0.13480
v 0.99519 0.00260 0.08277
v 0.97238 0.02850 0.13480
v 0.43040 0.00260 0.06846
v 0.50417 0.97461 0.08277
v 0.48572 0.66291 0.12732
v 0.50417 0.65617 0.06637
v 0.48064 0.94871 0.14280
v 0.50417 0.65617 0.06637
v 0.48572 0.66291 0.12732
v 0.30509 0.65510 0.09521
v 0.48064 0.94871 0.14280
v 0.29945 0.97321 0.12044
v 0.31957 0.96338 0.14280
v 0.50417 0.97461 0.08277
v 0.31957 0.68678 0.12855
v 0.48064 0.94871 0.14280
v 0.31957 0.96338 0.14280
v 0.48572 0.66291 0.12732
v 0.29945 0.97321 0.12044
v 0.20980 0.95150 0.14280
v 0.31957 0.96338 0.14280
v 0.18944 0.97342 0.11477
v 0.18944 0.97342 0.11477
v 0.18944 0.65603 0.07019
v 0.20789 0.66291 0.12732
v 0.20980 0.95150 0.14280
v 0.24852 0.66291 0.12732
v 0.20980 0.95150 0.14280
v 0.20789 0.66291 0.12732
v 0.31957 0.68678 0.12855
v 0.31957 0.96338 0.14280
v -0.97227 0.67790 0.13056
v -0.35512 0.65753 0.08277
v -0.38164 0.68350 0.13859
v -0.99092 0.65753 0.06632
v -0.99098 0.98056 0.07015
v -0.97227 0.67790 0.13056
v -0.97587 0.96019 0.13056
v -0.99092 0.65753 0.06632
v -0.38164 0.68350 0.13859
v -0.97587 0.96019 0.13056
v -0.97227 0.67790 0.13056
v -0.37877 0.95809 0.13859
v -0.35136 0.98316 0.09013
v -0.97587 0.96019 0.13056
v -0.37877 0.95809 0.13859
v -0.99098 0.98056 0.07015
v -0.38164 0.68350 0.13859
v -0.35136 0.98316 0.09013
v -0.37877 0.95809 0.13859
v -0.35512 0.65753 0.08277
v 0.14527 0.69568 0.14297
v 0.15563 0.96942 0.12745
v 0.10984 0.96942 0.12745
v 0.02976 0.94548 0.12868
v 0.02976 0.67820 0.14297
v -0.33544 0.66694 0.08277
v -0.31464 0.96942 0.12745
v -0.33544 0.97618 0.06632
v -0.30892 0.69292 0.14297
v 0.16821 0.67370 0.11486
v 0.15563 0.96942 0.12745
v 0.14527 0.69568 0.14297
v 0.17643 0.97633 0.07015
v -0.30892 0.69292 0.14297
v 0.05243 0.66834 0.12055
v 0.02976 0.67820 0.14297
v -0.33544 0.66694 0.08277
v 0.05243 0.66834 0.12055
v 0.14527 0.69568 0.14297
v 0.02976 0.67820 0.14297
v 0.16821 0.67370 0.11486
v -0.31464 0.96942 0.12745
v 0.02976 0.96425 0.11138
v 0.04608 0.97726 0.09524
v -0.30892 0.69292 0.14297
v -0.12034 0.96942 0.12745
v -0.31464 0.96942 0.12745
v 0.02976 0.67820 0.14297
v 0.02976 0.94548 0.12868
v -0.12034 0.96942 0.12745
v 0.15563 0.96942 0.12745
v 0.10984 0.96942 0.12745
v 0.17643 0.97633 0.07015
v 0.95722 0.83682 0.13496
v 0.59803 0.70047 0.13496
v 0.95857 0.68611 0.13496
v 0.58052 0.83682 0.13496
v 0.51993 0.96011 0.13496
v 0.51288 0.98048 0.07015
v 0.51193 0.85281 0.09524
v 0.31957 0.66806 0.11130
v 0.20789 0.66291 0.12732
v 0.24852 0.66291 0.12732
v 0.18944 0.65603 0.07019
v 0.98693 0.98048 0.11486
v 0.59707 0.96247 0.11882
v 0.94496 0.95747 0.13496
v 0.57107 0.98048 0.07583
v 0.52966 0.69004 0.13496
v 0.57135 0.66014 0.06841
v 0.59803 0.70047 0.13496
v 0.51303 0.66014 0.06632
v 0.94496 0.95747 0.13496
v 0.59707 0.96247 0.11882
v 0.58052 0.83682 0.13496
v 0.58052 0.83682 0.13496
v 0.59707 0.96247 0.11882
v 0.51993 0.96011 0.13496
v 0.98681 0.85903 0.12055
v 0.94496 0.95747 0.13496
v 0.95722 0.83682 0.13496
v 0.98693 0.98048 0.11486
v 0.95857 0.68611 0.13496
v 0.98681 0.85903 0.12055
v 0.95722 0.83682 0.13496
v 0.98760 0.66014 0.08277
v 0.51193 0.85281 0.09524
v 0.52966 0.69004 0.13496
v 0.52521 0.83682 0.13496
v 0.51303 0.66014 0.06632
v 0.51288 0.98048 0.07015
v 0.51993 0.96011 0.13496
v 0.59707 0.96247 0.11882
v 0.57107 0.98048 0.07583
v 0.52966 0.69004 0.13496
v 0.52521 0.83682 0.13496
v 0.59803 0.70047 0.13496
v 0.98760 0.66014 0.08277
v 0.95857 0.68611 0.13496
v 0.57135 0.66014 0.06841
v 0.61111 0.64705 -0.12732
v 0.57578 0.36401 -0.14280
v 0.56545 0.64705 -0.12732
v 0.69095 0.62318 -0.12855
v 0.69095 0.34658 -0.14280
v 0.97188 0.64705 -0.12732
v 0.99176 0.33535 -0.08277
v 0.96617 0.36125 -0.14280
v 0.99176 0.65379 -0.06637
v 0.56545 0.64705 -0.12732
v 0.57578 0.36401 -0.14280
v 0.55291 0.34209 -0.11477
v 0.54472 0.65393 -0.07019
v 0.96617 0.36125 -0.14280
v 0.99176 0.33535 -0.08277
v 0.66834 0.33675 -0.12044
v 0.69095 0.34658 -0.14280
v 0.66834 0.33675 -0.12044
v 0.57578 0.36401 -0.14280
v 0.69095 0.34658 -0.14280
v 0.55291 0.34209 -0.11477
v 0.97188 0.64705 -0.12732
v 0.69095 0.64190 -0.11130
v 0.67467 0.65486 -0.09521
v 0.54472 0.65393 0.07019
v 0.54472 0.65393 -0.07019
v 0.55291 0.34209 -0.11477
v 0.54472 0.65393 0.07019
v 0.54472 0.65393 -0.07019
v 0.55291 0.34209 0.11477
v 0.66834 0.33675 -0.12044
v 0.66834 0.33675 0.12044
v 0.55291 0.34209 0.11477
v 0.55291 0.34209 -0.11477
v 0.69095 0.34658 -0.14280
v 0.84060 0.64705 -0.12732
v 0.96617 0.36125 -0.14280
v 0.69095 0.62318 -0.12855
v 0.97188 0.64705 -0.12732
v 0.99176 0.65379 -0.06637
v 0.56545 0.64705 -0.12732
v 0.54472 0.65393 -0.07019
v 0.61111 0.64705 -0.12732
v 0.84060 0.64705 -0.12732
v 0.99176 0.65379 0.06637
v 0.99176 0.33535 -0.08277
v 0.99176 0.65379 -0.06637
v 0.99176 0.33535 0.08277
v 0.52247 0.50944 -0.13224
v 0.44091 0.61512 -0.13981
v 0.52770 0.63371 -0.13983
v 0.46670 0.50944 -0.13351
v 0.53316 0.65259 -0.07019
v 0.52770 0.63371 -0.13983
v 0.47515 0.65259 -0.07586
v 0.44091 0.61512 -0.13981
v 0.52247 0.50944 -0.13224
v 0.44898 0.37201 -0.13990
v 0.46670 0.50944 -0.13351
v 0.52770 0.35189 -0.13983
v 0.53316 0.65259 0.07019
v 0.53411 0.52530 -0.09521
v 0.53316 0.65259 -0.07019
v 0.00405 0.33320 -0.08277
v 0.44898 0.37201 -0.13990
v 0.47487 0.33320 -0.06846
v 0.02735 0.35754 -0.14243
v 0.99176 0.33535 0.08277
v 0.66834 0.33675 -0.12044
v 0.99176 0.33535 -0.08277
v 0.66834 0.33675 0.12044
v 0.00405 0.33320 0.08277
v 0.00547 0.53150 -0.12044
v 0.00405 0.33320 -0.08277
v 0.00405 0.33320 -0.08277
v 0.47487 0.33320 0.06846
v 0.00405 0.33320 0.08277
v 0.02735 0.35754 -0.14243
v 0.00547 0.53150 -0.12044
v 0.01221 0.50944 -0.14227
v 0.00405 0.33320 -0.08277
v 0.53302 0.33320 -0.06637
v 0.52770 0.35189 -0.13983
v 0.44898 0.37201 -0.13990
v 0.01221 0.50944 -0.14227
v 0.46670 0.50944 -0.13351
v 0.02735 0.35754 -0.14243
v 0.00547 0.53150 -0.12044
v 0.02447 0.63160 -0.14240
v 0.01221 0.50944 -0.14227
v 0.00526 0.65259 -0.11477
v 0.47487 0.33320 -0.06846
v 0.52770 0.35189 -0.13983
v 0.53302 0.33320 -0.06637
v 0.44898 0.37201 -0.13990
v 0.47515 0.65259 -0.07586
v 0.44091 0.61512 -0.13981
v 0.00526 0.65259 -0.11477
v 0.02447 0.63160 -0.14240
v 0.44091 0.61512 -0.13981
v 0.01221 0.50944 -0.14227
v 0.02447 0.63160 -0.14240
v 0.46670 0.50944 -0.13351
v 0.00526 0.65259 -0.11477
v 0.00526 0.65259 0.11477
v 0.47515 0.65259 0.07586
v 0.47515 0.65259 -0.07586
v 0.47487 0.33320 -0.06846
v 0.53302 0.33320 0.06637
v 0.53302 0.33320 -0.06637
v 0.00547 0.53150 0.12044
v 0.00526 0.65259 0.11477
v 0.00526 0.65259 -0.11477
v 0.52247 0.50944 -0.13224
v 0.52770 0.63371 -0.13983
v 0.53316 0.65259 -0.07019
v -0.47218 0.36711 -0.12855
v -0.32252 0.34324 -0.12732
v -0.47218 0.36710 -0.12855
v -0.47218 0.34839 -0.11130
v -0.47218 0.36711 -0.12855
v -0.58734 0.62627 -0.14280
v -0.47218 0.64371 -0.14280
v -0.55202 0.34324 -0.12732
v -0.59767 0.34324 -0.12732
v -0.65134 0.64493 -0.12732
v -0.63061 0.33323 -0.08277
v -0.65705 0.35913 -0.14280
v -0.63061 0.65167 -0.06637
v -0.49478 0.65354 0.12044
v -0.61022 0.64819 -0.11477
v -0.61022 0.64819 0.11477
v -0.49478 0.65354 -0.12044
v -0.63061 0.33323 0.08277
v -0.86065 0.33463 -0.12044
v -0.63061 0.33323 -0.08277
v -0.85432 0.65274 -0.09521
v -0.65134 0.64493 -0.12732
v -0.83804 0.63978 -0.11130
v -0.63061 0.65167 -0.06637
v -0.65705 0.35913 -0.14280
v -0.86065 0.33463 -0.12044
v -0.83804 0.34446 -0.14280
v -0.63061 0.33323 -0.08277
v -0.99159 0.65181 0.07019
v -0.85432 0.65274 -0.09521
v -0.99159 0.65181 -0.07019
v -0.85432 0.65274 0.09521
v -0.63061 0.65167 0.06637
v -0.63061 0.65167 -0.06637
v -0.83804 0.62106 -0.12855
v -0.65705 0.35913 -0.14280
v -0.83804 0.34446 -0.14280
v -0.65134 0.64493 -0.12732
v -0.86065 0.33463 -0.12044
v -0.97107 0.35634 -0.14280
v -0.83804 0.34446 -0.14280
v -0.99316 0.33442 -0.11477
v -0.97321 0.64493 -0.12732
v -0.97107 0.35634 -0.14280
v -0.99316 0.33442 -0.11477
v -0.99159 0.65181 -0.07019
v -0.91788 0.64493 -0.12732
v -0.97107 0.35634 -0.14280
v -0.97321 0.64493 -0.12732
v -0.83804 0.62106 -0.12855
v -0.83804 0.34446 -0.14280
v -0.99316 0.33442 -0.11477
v -0.99316 0.33442 0.11477
v -0.99159 0.65181 0.07019
v -0.99159 0.65181 -0.07019
v -0.86065 0.33463 0.12044
v -0.99316 0.33442 0.11477
v -0.99316 0.33442 -0.11477
v -0.85432 0.65274 -0.09521
v -0.97321 0.64493 -0.12732
v -0.99159 0.65181 -0.07019
v -0.83804 0.63978 -0.11130
v -0.91788 0.64493 -0.12732
v 0.53316 0.65259 0.07019
v 0.53316 0.65259 -0.07019
v -0.02314 0.65493 -0.08277
v -0.04387 0.34324 -0.12732
v -0.04958 0.62903 -0.14280
v -0.02314 0.33649 -0.06637
v -0.58734 0.62627 -0.14280
v -0.59767 0.34324 -0.12732
v -0.61022 0.64819 -0.11477
v -0.61841 0.33635 -0.07019
v -0.02314 0.65493 -0.08277
v -0.04958 0.62903 -0.14280
v -0.49478 0.65354 -0.12044
v -0.47218 0.64371 -0.14280
v -0.49478 0.65354 -0.12044
v -0.58734 0.62627 -0.14280
v -0.61022 0.64819 -0.11477
v -0.47218 0.64371 -0.14280
v -0.04387 0.34324 -0.12732
v -0.02314 0.33649 -0.06637
v -0.48845 0.33543 -0.09521
v -0.47218 0.34839 -0.11130
v -0.32252 0.34324 -0.12732
v -0.48845 0.33543 -0.09521
v -0.61841 0.33635 0.07019
v -0.61841 0.33635 -0.07019
v -0.48845 0.33543 0.09521
v -0.61841 0.33635 0.07019
v -0.61022 0.64819 -0.11477
v -0.61841 0.33635 -0.07019
v -0.61022 0.64819 0.11477
v -0.63061 0.65167 0.06637
v -0.63061 0.33323 -0.08277
v -0.63061 0.65167 -0.06637
v -0.63061 0.33323 0.08277
v -0.55202 0.34324 -0.12732
v -0.47218 0.36711 -0.12855
v -0.47218 0.36710 -0.12855
v -0.47218 0.34839 -0.11130
v -0.04958 0.62903 -0.14280
v -0.32252 0.34324 -0.12732
v -0.47218 0.64371 -0.14280
v -0.04387 0.34324 -0.12732
v -0.47218 0.36711 -0.12855
v -0.02314 0.33649 0.06637
v -0.47218 0.34839 -0.11130
v -0.59767 0.34324 -0.12732
v -0.55202 0.34324 -0.12732
v -0.48845 0.33543 -0.09521
v -0.61841 0.33635 -0.07019
v -0.02314 0.65493 -0.08277
v -0.02314 0.65493 0.08277
v -0.02314 0.33649 0.06637
v -0.02314 0.33649 -0.06637
v -0.50897 0.32079 -0.08277
v -0.52971 0.02915 -0.12732
v -0.53541 0.29489 -0.14280
v -0.50897 0.00235 -0.06637
v -0.02314 0.65493 0.08277
v -0.49478 0.65354 -0.12044
v -0.49478 0.65354 0.12044
v -0.02314 0.65493 -0.08277
v -0.99362 0.00221 -0.07019
v -0.52971 0.02915 -0.12732
v -0.50897 0.00235 -0.06637
v -0.97758 0.01647 -0.12732
v -0.15179 0.00938 0.08277
v 0.23493 0.01078 -0.12044
v 0.23493 0.01078 0.12044
v -0.15179 0.00938 -0.08277
v -0.97758 0.01647 -0.12732
v -0.99362 0.00221 -0.07019
v -0.99519 0.31960 -0.11477
v -0.97544 0.29768 -0.14280
v -0.99362 0.00221 0.07019
v -0.99519 0.31960 -0.11477
v -0.99362 0.00221 -0.07019
v -0.99519 0.31960 0.11477
v -0.50897 0.32079 -0.08277
v -0.53541 0.29489 -0.14280
v -0.99519 0.31960 -0.11477
v -0.97544 0.29768 -0.14280
v -0.99519 0.31960 -0.11477
v -0.50897 0.32079 0.08277
v -0.50897 0.32079 -0.08277
v -0.99519 0.31960 0.11477
v -0.52971 0.02915 -0.12732
v -0.97544 0.29768 -0.14280
v -0.53541 0.29489 -0.14280
v -0.97758 0.01647 -0.12732
v -0.17268 0.00000 -0.08277
v -0.47761 0.02031 -0.13043
v -0.19912 0.02590 -0.13843
v -0.49778 0.00000 -0.06637
v -0.50897 0.00235 -0.06637
v -0.50897 0.00235 0.06637
v -0.99362 0.00221 0.07019
v -0.99362 0.00221 -0.07019
v -0.47761 0.02031 -0.13043
v -0.49778 0.00000 -0.06637
v -0.49793 0.30888 -0.07019
v -0.47761 0.28138 -0.13043
v -0.49090 0.28857 -0.13043
v -0.49778 0.00000 -0.06637
v -0.49778 0.00000 0.06637
v -0.49793 0.30888 0.07019
v -0.49793 0.30888 -0.07019
v -0.49090 0.28857 -0.13043
v -0.19627 0.28647 -0.13843
v -0.47761 0.28138 -0.13043
v -0.19912 0.02590 -0.13843
v -0.47761 0.02031 -0.13043
v -0.49090 0.28857 -0.13043
v -0.49793 0.30888 -0.07019
v -0.16894 0.31147 -0.09012
v -0.19627 0.28647 -0.13843
v -0.17268 0.00000 -0.08277
v -0.19912 0.02590 -0.13843
v -0.16894 0.31147 -0.09012
v -0.19627 0.28647 -0.13843
v -0.16894 0.31147 0.09012
v -0.17268 0.00000 -0.08277
v -0.16894 0.31147 -0.09012
v -0.17268 0.00000 0.08277
v -0.49793 0.30888 -0.07019
v -0.16894 0.31147 0.09012
v -0.16894 0.31147 -0.09012
v -0.49793 0.30888 0.07019
v 0.21233 0.28710 -0.12855
v 0.32749 0.03804 -0.14280
v 0.21233 0.02061 -0.14280
v 0.29216 0.31097 -0.12732
v 0.33782 0.31097 -0.12732
v -0.17268 0.00000 -0.08277
v -0.17268 0.00000 0.08277
v -0.49778 0.00000 0.06637
v -0.49778 0.00000 -0.06637
v -0.15179 0.00938 -0.08277
v -0.13106 0.31097 -0.12732
v -0.12535 0.03528 -0.14280
v -0.15179 0.31771 -0.06637
v 0.33782 0.31097 -0.12732
v 0.35856 0.31785 -0.07019
v 0.35036 0.01612 -0.11477
v 0.32749 0.03804 -0.14280
v -0.15179 0.00938 -0.08277
v -0.12535 0.03528 -0.14280
v 0.23493 0.01078 -0.12044
v 0.21233 0.02061 -0.14280
v 0.23493 0.01078 -0.12044
v 0.32749 0.03804 -0.14280
v 0.35036 0.01612 -0.11477
v 0.21233 0.02061 -0.14280
v -0.13106 0.31097 -0.12732
v -0.15179 0.31771 -0.06637
v 0.22860 0.31878 -0.09521
v 0.21233 0.30582 -0.11130
v 0.06267 0.31097 -0.12732
v 0.22860 0.31878 -0.09521
v 0.35856 0.31785 0.07019
v 0.35856 0.31785 -0.07019
v 0.22860 0.31878 0.09521
v 0.35856 0.31785 0.07019
v 0.35036 0.01612 -0.11477
v 0.35856 0.31785 -0.07019
v 0.35036 0.01612 0.11477
v 0.23493 0.01078 0.12044
v 0.35036 0.01612 -0.11477
v 0.35036 0.01612 0.11477
v 0.23493 0.01078 -0.12044
v 0.21233 0.02061 -0.14280
v 0.06267 0.31097 -0.12732
v 0.21233 0.28710 -0.12855
v -0.12535 0.03528 -0.14280
v -0.13106 0.31097 -0.12732
v -0.15179 0.31771 0.06637
v 0.21233 0.30582 -0.11130
v 0.33782 0.31097 -0.12732
v 0.29216 0.31097 -0.12732
v 0.22860 0.31878 -0.09521
v 0.35856 0.31785 -0.07019
v -0.15179 0.00938 -0.08277
v -0.15179 0.00938 0.08277
v -0.15179 0.31771 0.06637
v -0.15179 0.31771 -0.06637
v 0.97238 0.02850 -0.13480
v 0.45700 0.04282 -0.13480
v 0.97104 0.17876 -0.13480
v 0.37211 0.32199 0.07019
v 0.43012 0.32199 -0.07586
v 0.37211 0.32199 -0.07019
v 0.37914 0.30168 -0.13480
v 0.37116 0.19470 -0.09521
v 0.37211 0.32199 -0.07019
v 0.99519 0.00260 0.08277
v 0.99440 0.20090 -0.12044
v 0.99440 0.20090 0.12044
v 0.57589 0.28690 -0.13480
v 0.99452 0.32199 -0.11477
v 0.95880 0.29905 -0.13480
v 0.45605 0.30404 -0.11871
v 0.43012 0.32199 -0.07586
v 0.43040 0.00260 -0.06846
v 0.37914 0.02291 -0.13480
v 0.45700 0.04282 -0.13480
v 0.37225 0.00260 -0.06637
v 0.57589 0.28690 -0.13480
v 0.95880 0.29905 -0.13480
v 0.43955 0.17876 -0.13480
v 0.43040 0.00260 -0.06846
v 0.37225 0.00260 0.06637
v 0.37225 0.00260 -0.06637
v 0.43040 0.00260 0.06846
v 0.99519 0.00260 -0.08277
v 0.99519 0.00260 0.08277
v 0.99440 0.20090 -0.12044
v 0.95880 0.29905 -0.13480
v 0.99452 0.32199 -0.11477
v 0.97104 0.17876 -0.13480
v 0.99519 0.00260 -0.08277
v 0.97238 0.02850 -0.13480
v 0.99440 0.20090 -0.12044
v 0.97104 0.17876 -0.13480
v -0.50897 0.32079 -0.08277
v -0.50897 0.32079 0.08277
v -0.50897 0.00235 0.06637
v -0.50897 0.00235 -0.06637
v 0.43012 0.32199 0.07586
v 0.99452 0.32199 -0.11477
v 0.99452 0.32199 0.11477
v 0.37914 0.02291 -0.13480
v 0.37225 0.00260 -0.06637
v 0.38440 0.17876 -0.13480
v 0.37225 0.00260 0.06637
v 0.37914 0.02291 0.13480
v 0.45605 0.30404 -0.11871
v 0.37211 0.32199 -0.07019
v 0.43012 0.32199 -0.07586
v 0.37914 0.30168 -0.13480
v 0.46079 0.28286 -0.13480
v 0.38440 0.17876 -0.13480
v 0.37914 0.30168 -0.13480
v 0.37914 0.02291 -0.13480
v 0.99519 0.00260 -0.08277
v 0.45700 0.04282 -0.13480
v 0.97238 0.02850 -0.13480
v 0.43040 0.00260 -0.06846
v 0.38440 0.17876 0.13480
v 0.50417 0.97461 -0.08277
v 0.48572 0.66291 -0.12732
v 0.48064 0.94871 -0.14280
v 0.50417 0.65617 -0.06637
v 0.99519 0.00260 -0.08277
v 0.99452 0.32199 -0.11477
v 0.99452 0.32199 0.11477
v 0.50417 0.97461 0.08277
v 0.29945 0.97321 -0.12044
v 0.29945 0.97321 0.12044
v 0.50417 0.65617 0.06637
v 0.30509 0.65510 -0.09521
v 0.50417 0.65617 -0.06637
v 0.30509 0.65510 0.09521
v 0.48572 0.66291 -0.12732
v 0.50417 0.65617 -0.06637
v 0.30509 0.65510 -0.09521
v 0.31957 0.66806 -0.11130
v 0.50417 0.97461 -0.08277
v 0.48064 0.94871 -0.14280
v 0.29945 0.97321 -0.12044
v 0.31957 0.96338 -0.14280
v 0.98760 0.66014 0.08277
v 0.98681 0.85903 -0.12055
v 0.98681 0.85903 0.12055
v 0.48064 0.94871 -0.14280
v 0.31957 0.68678 -0.12855
v 0.31957 0.96338 -0.14280
v 0.48572 0.66291 -0.12732
v 0.29945 0.97321 -0.12044
v 0.20980 0.95150 -0.14280
v 0.18944 0.97342 -0.11477
v 0.31957 0.96338 -0.14280
v 0.20980 0.95150 -0.14280
v 0.20789 0.66291 -0.12732
v 0.18944 0.97342 -0.11477
v 0.18944 0.65603 -0.07019
v 0.31957 0.68678 -0.12855
v 0.20980 0.95150 -0.14280
v 0.31957 0.96338 -0.14280
v 0.24852 0.66291 -0.12732
v 0.20789 0.66291 -0.12732
v 0.18944 0.65603 0.07019
v 0.18944 0.97342 -0.11477
v 0.18944 0.65603 -0.07019
v 0.18944 0.97342 0.11477
v 0.50417 0.97461 -0.08277
v 0.18944 0.97342 -0.11477
v 0.18944 0.97342 0.11477
v -0.35512 0.65753 -0.08277
v -0.97227 0.67790 -0.13056
v -0.38164 0.68350 -0.13859
v -0.99092 0.65753 -0.06632
v -0.97227 0.67790 -0.13056
v -0.99092 0.65753 -0.06632
v -0.99098 0.98056 -0.07015
v -0.97587 0.96019 -0.13056
v -0.99092 0.65753 0.06632
v -0.99098 0.98056 -0.07015
v -0.99092 0.65753 -0.06632
v -0.99098 0.98056 0.07015
v -0.38164 0.68350 -0.13859
v -0.97587 0.96019 -0.13056
v -0.37877 0.95809 -0.13859
v -0.97227 0.67790 -0.13056
v -0.97587 0.96019 -0.13056
v -0.99098 0.98056 -0.07015
v -0.35136 0.98316 -0.09013
v -0.37877 0.95809 -0.13859
v -0.35512 0.65753 -0.08277
v -0.38164 0.68350 -0.13859
v -0.35136 0.98316 -0.09013
v -0.37877 0.95809 -0.13859
v -0.35136 0.98316 -0.09013
v -0.35136 0.98316 0.09013
v -0.35512 0.65753 0.08277
v -0.35512 0.65753 -0.08277
v -0.35136 0.98316 0.09013
v -0.99098 0.98056 -0.07015
v -0.99098 0.98056 0.07015
v -0.35136 0.98316 -0.09013
v 0.02976 0.94548 -0.12868
v 0.14527 0.69568 -0.14297
v 0.02976 0.67820 -0.14297
v 0.10984 0.96942 -0.12745
v 0.15563 0.96942 -0.12745
v -0.35512 0.65753 -0.08277
v -0.35512 0.65753 0.08277
v -0.99092 0.65753 0.06632
v -0.99092 0.65753 -0.06632
v -0.33544 0.66694 -0.08277
v -0.31464 0.96942 -0.12745
v -0.30892 0.69292 -0.14297
v -0.33544 0.97618 -0.06632
v 0.15563 0.96942 -0.12745
v 0.17643 0.97633 -0.07015
v 0.16821 0.67370 -0.11486
v 0.14527 0.69568 -0.14297
v -0.33544 0.66694 -0.08277
v -0.30892 0.69292 -0.14297
v 0.05243 0.66834 -0.12055
v 0.02976 0.67820 -0.14297
v 0.05243 0.66834 -0.12055
v 0.14527 0.69568 -0.14297
v 0.16821 0.67370 -0.11486
v 0.02976 0.67820 -0.14297
v -0.31464 0.96942 -0.12745
v -0.33544 0.97618 -0.06632
v 0.04608 0.97726 -0.09524
v 0.02976 0.96425 -0.11138
v -0.12034 0.96942 -0.12745
v 0.04608 0.97726 -0.09524
v 0.17643 0.97633 0.07015
v 0.17643 0.97633 -0.07015
v 0.04608 0.97726 0.09524
v 0.17643 0.97633 0.07015
v 0.16821 0.67370 -0.11486
v 0.17643 0.97633 -0.07015
v 0.16821 0.67370 0.11486
v 0.05243 0.66834 0.12055
v 0.16821 0.67370 -0.11486
v 0.16821 0.67370 0.11486
v 0.05243 0.66834 -0.12055
v 0.02976 0.67820 -0.14297
v -0.12034 0.96942 -0.12745
v 0.02976 0.94548 -0.12868
v -0.30892 0.69292 -0.14297
v -0.31464 0.96942 -0.12745
v -0.33544 0.97618 0.06632
v 0.02976 0.96425 -0.11138
v 0.15563 0.96942 -0.12745
v 0.10984 0.96942 -0.12745
v 0.04608 0.97726 -0.09524
v 0.17643 0.97633 -0.07015
v -0.33544 0.66694 -0.08277
v -0.33544 0.97618 0.06632
v -0.33544 0.97618 -0.06632
v -0.33544 0.66694 0.08277
v 0.95857 0.68611 -0.13496
v 0.59803 0.70047 -0.13496
v 0.95722 0.83682 -0.13496
v 0.51288 0.98048 0.07015
v 0.57107 0.98048 -0.07583
v 0.51288 0.98048 -0.07015
v 0.51993 0.96011 -0.13496
v 0.51193 0.85281 -0.09524
v 0.51288 0.98048 -0.07015
v 0.20789 0.66291 -0.12732
v 0.24852 0.66291 -0.12732
v 0.18944 0.65603 -0.07019
v 0.59707 0.96247 -0.11882
v 0.98693 0.98048 -0.11486
v 0.94496 0.95747 -0.13496
v 0.57107 0.98048 -0.07583
v 0.51303 0.66014 0.06632
v 0.51303 0.66014 -0.06632
v 0.57135 0.66014 -0.06841
v 0.52966 0.69004 -0.13496
v 0.59803 0.70047 -0.13496
v 0.51303 0.66014 -0.06632
v 0.50417 0.97461 -0.08277
v 0.50417 0.97461 0.08277
v 0.50417 0.65617 0.06637
v 0.50417 0.65617 -0.06637
v 0.59707 0.96247 -0.11882
v 0.94496 0.95747 -0.13496
v 0.58052 0.83682 -0.13496
v 0.51993 0.96011 -0.13496
v 0.59707 0.96247 -0.11882
v 0.58052 0.83682 -0.13496
v 0.52521 0.83682 -0.13496
v 0.57135 0.66014 -0.06841
v 0.57135 0.66014 0.06841
v 0.51303 0.66014 0.06632
v 0.51303 0.66014 -0.06632
v 0.98760 0.66014 -0.08277
v 0.98760 0.66014 0.08277
v 0.98681 0.85903 -0.12055
v 0.94496 0.95747 -0.13496
v 0.98693 0.98048 -0.11486
v 0.95722 0.83682 -0.13496
v 0.98760 0.66014 -0.08277
v 0.95857 0.68611 -0.13496
v 0.98681 0.85903 -0.12055
v 0.95722 0.83682 -0.13496
v -0.33544 0.66694 0.08277
v 0.05243 0.66834 -0.12055
v 0.05243 0.66834 0.12055
v -0.33544 0.66694 -0.08277
v 0.57107 0.98048 0.07583
v 0.98693 0.98048 -0.11486
v 0.98693 0.98048 0.11486
v 0.52966 0.69004 -0.13496
v 0.51303 0.66014 -0.06632
v 0.51193 0.85281 -0.09524
v 0.52521 0.83682 -0.13496
v 0.30509 0.65510 -0.09521
v 0.18944 0.65603 0.07019
v 0.18944 0.65603 -0.07019
v 0.30509 0.65510 0.09521
v 0.59707 0.96247 -0.11882
v 0.51288 0.98048 -0.07015
v 0.57107 0.98048 -0.07583
v 0.51993 0.96011 -0.13496
v 0.52966 0.69004 -0.13496
v 0.52521 0.83682 -0.13496
v 0.58052 0.83682 -0.13496
v 0.98760 0.66014 -0.08277
v 0.59803 0.70047 -0.13496
v 0.95857 0.68611 -0.13496
v 0.57135 0.66014 -0.06841
v 0.52521 0.83682 0.13496
v 0.52521 0.83682 -0.13496
v 0.98760 0.66014 -0.08277
v 0.98693 0.98048 -0.11486
v 0.98693 0.98048 0.11486
vt 0.00000 0.00000
vt 0.00000 0.00000
vt 0.00000 0.00000
vt 0.00000 0.00000
vt 0.00000 0.00000
vt 0.00000 0.00000
vt 0.00000 0.00000
vt 0.00000 0.00000
vt 0.00000 0.00000
vt 0.00000 0.00000
vt 0.00000 0.00000
vt 0.00000 0.00000
vt 0.00000 0.00000
vt 0.00000 0.00000
vt 0.00000 0.00000
vt 0.00000 0.00000
vt 0.00000 0.00000
vt 0.00000 0.00000
vt 0.00000 0.00000
vt 0.00000 0.00000
vt 0.00000 0.00000
vt 0.00000 0.00000
vt 0.00000 0.00000
vt 0.00000 0.00000
vt 0.00000 0.00000
vt 0.00000 0.00000
vt 0.00000 0.00000
vt 0.00000 0.00000
vt 0.00000 0.00000
vt 0.00000 0.00000
vt 0.00000 0.00000
vt 0.00000 0.00000
vt 0.00000 0.00000
vt 0.00000 0.00000
vt 0.00000 0.00000
vt 0.00000 0.00000
vt 0.00000 0.00000
vt 0.00000 0.00000
vt 0.00000 0.00000
vt 0.00000 0.00000
vt 0.00000 0.00000
vt 0.00000 0.00000
vt 0.00000 0.00000
vt 0.00000 0.00000
vt 0.00000 0.00000
vt 0.00000 0.00000
vt 0.00000 0.00000
vt 0.00000 0.00000
vt 0.00000 0.00000
vt 0.00000 0.00000
vt 0.00000 0.00000
vt 0.00000 0.00000
vt 0.00000 0.00000
vt 0.00000 0.00000
vt 0.00000 0.00000
vt 0.00000 0.00000
vt 0.00000 0.00000
vt 0.00000 0.00000
vt 0.00000 0.00000
vt 0.00000 0.00000
vt 0.00000 0.00000
vt 0.00000 0.00000
vt 0.00000 0.00000
vt 0.00000 0.00000
vt 0.00000 0.00000
vt 0.00000 0.00000
vt 0.00000 0.00000
vt 0.00000 0.00000
vt 0.00000 0.00000
vt 0.00000 0.00000
vt 0.00000 0.00000
vt 0.00000 0.00000
vt 0.00000 0.00000
vt 0.00000 0.00000
vt 0.00000 0.00000
vt 0.00000 0.00000
vt 0.00000 0.00000
vt 0.00000 0.00000
vt 0.00000 0.00000
vt 0.00000 0.00000
vt 0.00000 0.00000
vt 0.00000 0.00000
vt 0.00000 0.00000
vt 0.00000 0.00000
vt 0.00000 0.00000
vt 0.00000 0.00000
vt 0.00000 0.00000
vt 0.00000 0.00000
vt 0.00000 0.00000
vt 0.00000 0.00000
vt 0.00000 0.00000
vt 0.00000 0.00000
vt 0.00000 0.00000
vt 0.00000 0.00000
vt 0.00000 0.00000
vt 0.00000 0.00000
vt 0.00000 0.00000
vt 0.00000 0.00000
vt 0.00000 0.00000
vt 0.00000 0.00000
vt 0.00000 0.00000
vt 0.00000 0.00000
vt 0.00000 0.00000
vt 0.00000 0.00000
vt 0.00000 0.00000
vt 0.00000 0.00000
vt 0.00000 0.00000
vt 0.00000 0.00000
vt 0.00000 0.00000
vt 0.00000 0.00000
vt 0.00000 0.00000
vt 0.00000 0.00000
vt 0.00000 0.00000
vt 0.00000 0.00000
vt 0.00000 0.00000
vt 0.00000 0.00000
vt 0.00000 0.00000
vt 0.00000 0.00000
vt 0.00000 0.00000
vt 0.00000 0.00000
vt 0.00000 0.00000
vt 0.00000 0.00000
vt 0.00000 0.00000
vt 0.00000 0.00000
vt 0.00000 0.00000
vt 0.00000 0.00000
vt 0.00000 0.00000
vt 0.00000 0.00000
vt 0.00000 0.00000
vt 0.00000 0.00000
vt 0.00000 0.00000
vt 0.00000 0.00000
vt 0.00000 0.00000
vt 0.00000 0.00000
vt 0.00000 0.00000
vt 0.00000 0.00000
vt 0.00000 0.00000
vt 0.00000 0.00000
vt 0.00000 0.00000
vt 0.00000 0.00000
vt 0.00000 0.00000
vt 0.00000 0.00000
vt 0.00000 0.00000
vt 0.00000 0.00000
vt 0.00000 0.00000
vt 0.00000 0.00000
vt 0.00000 0.00000
vt 0.00000 0.00000
vt 0.00000 0.00000
vt 0.00000 0.00000
vt 0.00000 0.00000
vt 0.00000 0.00000
vt 0.00000 0.00000
vt 0.00000 0.00000
vt 0.00000 0.00000
vt 0.00000 0.00000
vt 0.00000 0.00000
vt 0.00000 0.00000
vt 0.00000 0.00000
vt 0.00000 0.00000
vt 0.00000 0.00000
vt 0.00000 0.00000
vt 0.00000 0.00000
vt 0.00000 0.00000
vt 0.00000 0.00000
vt 0.00000 0.00000
vt 0.00000 0.00000
vt 0.00000 0.00000
vt 0.00000 0.00000
vt 0.00000 0.00000
vt 0.00000 0.00000
vt 0.00000 0.00000
vt 0.00000 0.00000
vt 0.00000 0.00000
vt 0.00000 0.00000
vt 0.00000 0.00000
vt 0.00000 0.00000
vt 0.00000 0.00000
vt 0.00000 0.00000
vt 0.00000 0.00000
vt 0.00000 0.00000
vt 0.00000 0.00000
vt 0.00000 0.00000
vt 0.00000 0.00000
vt 0.00000 0.00000
vt 0.00000 0.00000
vt 0.00000 0.00000
vt 0.00000 0.00000
vt 0.00000 0.00000
vt 0.00000 0.00000
vt 0.00000 0.00000
vt 0.00000 0.00000
vt 0.00000 0.00000
vt 0.00000 0.00000
vt 0.00000 0.00000
vt 0.00000 0.00000
vt 0.00000 0.00000
vt 0.00000 0.00000
vt 0.00000 0.00000
vt 0.00000 0.00000
vt 0.00000 0.00000
vt 0.00000 0.00000
vt 0.00000 0.00000
vt 0.00000 0.00000
vt 0.00000 0.00000
vt 0.00000 0.00000
vt 0.00000 0.00000
vt 0.00000 0.00000
vt 0.00000 0.00000
vt 0.00000 0.00000
vt 0.00000 0.00000
vt 0.00000 0.00000
vt 0.00000 0.00000
vt 0.00000 0.00000
vt 0.00000 0.00000
vt 0.00000 0.00000
vt 0.00000 0.00000
vt 0.00000 0.00000
vt 0.00000 0.00000
vt 0.00000 0.00000
vt 0.00000 0.00000
vt 0.00000 0.00000
vt 0.00000 0.00000
vt 0.00000 0.00000
vt 0.00000 0.00000
vt 0.00000 0.00000
vt 0.00000 0.00000
vt 0.00000 0.00000
vt 0.00000 0.00000
vt 0.00000 0.00000
vt 0.00000 0.00000
vt 0.00000 0.00000
vt 0.00000 0.00000
vt 0.00000 0.00000
vt 0.00000 0.00000
vt 0.00000 0.00000
vt 0.00000 0.00000
vt 0.00000 0.00000
vt 0.00000 0.00000
vt 0.00000 0.00000
vt 0.00000 0.00000
vt 0.00000 0.00000
vt 0.00000 0.00000
vt 0.00000 0.00000
vt 0.00000 0.00000
vt 0.00000 0.00000
vt 0.00000 0.00000
vt 0.00000 0.00000
vt 0.00000 0.00000
vt 0.00000 0.00000
vt 0.00000 0.00000
vt 0.00000 0.00000
vt 0.00000 0.00000
vt 0.00000 0.00000
vt 0.00000 0.00000
vt 0.00000 0.00000
vt 0.00000 0.00000
vt 0.00000 0.00000
vt 0.00000 0.00000
vt 0.00000 0.00000
vt 0.00000 0.00000
vt 0.00000 0.00000
vt 0.00000 0.00000
vt 0.00000 0.00000
vt 0.00000 0.00000
vt 0.00000 0.00000
vt 0.00000 0.00000
vt 0.00000 0.00000
vt 0.00000 0.00000
vt 0.00000 0.00000
vt 0.00000 0.00000
vt 0.00000 0.00000
vt 0.00000 0.00000
vt 0.00000 0.00000
vt 0.00000 0.00000
vt 0.00000 0.00000
vt 0.00000 0.00000
vt 0.00000 0.00000
vt 0.00000 0.00000
vt 0.00000 0.00000
vt 0.00000 0.00000
vt 0.00000 0.00000
vt 0.00000 0.00000
vt 0.00000 0.00000
vt 0.00000 0.00000
vt 0.00000 0.00000
vt 0.00000 0.00000
vt 0.00000 0.00000
vt 0.00000 0.00000
vt 0.00000 0.00000
vt 0.00000 0.00000
vt 0.00000 0.00000
vt 0.00000 0.00000
vt 0.00000 0.00000
vt 0.00000 0.00000
vt 0.00000 0.00000
vt 0.00000 0.00000
vt 0.00000 0.00000
vt 0.00000 0.00000
vt 0.00000 0.00000
vt 0.00000 0.00000
vt 0.00000 0.00000
vt 0.00000 0.00000
vt 0.00000 0.00000
vt 0.00000 0.00000
vt 0.00000 0.00000
vt 0.00000 0.00000
vt 0.00000 0.00000
vt 0.00000 0.00000
vt 0.00000 0.00000
vt 0.00000 0.00000
vt 0.00000 0.00000
vt 0.00000 0.00000
vt 0.00000 0.00000
vt 0.00000 0.00000
vt 0.00000 0.00000
vt 0.00000 0.00000
vt 0.00000 0.00000
vt 0.00000 0.00000
vt 0.00000 0.00000
vt 0.00000 0.00000
vt 0.00000 0.00000
vt 0.00000 0.00000
vt 0.00000 0.00000
vt 0.00000 0.00000
vt 0.00000 0.00000
vt 0.00000 0.00000
vt 0.00000 0.00000
vt 0.00000 0.00000
vt 0.00000 0.00000
vt 0.00000 0.00000
vt 0.00000 0.00000
vt 0.00000 0.00000
vt 0.00000 0.00000
vt 0.00000 0.00000
vt 0.00000 0.00000
vt 0.00000 0.00000
vt 0.00000 0.00000
vt 0.00000 0.00000
vt 0.00000 0.00000
vt 0.00000 0.00000
vt 0.00000 0.00000
vt 0.00000 0.00000
vt 0.00000 0.00000
vt 0.00000 0.00000
vt 0.00000 0.00000
vt 0.00000 0.00000
vt 0.00000 0.00000
vt 0.00000 0.00000
vt 0.00000 0.00000
vt 0.00000 0.00000
vt 0.00000 0.00000
vt 0.00000 0.00000
vt 0.00000 0.00000
vt 0.00000 0.00000
vt 0.00000 0.00000
vt 0.00000 0.00000
vt 0.00000 0.00000
vt 0.00000 0.00000
vt 0.00000 0.00000
vt 0.00000 0.00000
vt 0.00000 0.00000
vt 0.00000 0.00000
vt 0.00000 0.00000
vt 0.00000 0.00000
vt 0.00000 0.00000
vt 0.00000 0.00000
vt 0.00000 0.00000
vt 0.00000 0.00000
vt 0.00000 0.00000
vt 0.00000 0.00000
vt 0.00000 0.00000
vt 0.00000 0.00000
vt 0.00000 0.00000
vt 0.00000 0.00000
vt 0.00000 0.00000
vt 0.00000 0.00000
vt 0.00000 0.00000
vt 0.00000 0.00000
vt 0.00000 0.00000
vt 0.00000 0.00000
vt 0.00000 0.00000
vt 0.00000 0.00000
vt 0.00000 0.00000
vt 0.00000 0.00000
vt 0.00000 0.00000
vt 0.00000 0.00000
vt 0.00000 0.00000
vt 0.00000 0.00000
vt 0.00000 0.00000
vt 0.00000 0.00000
vt 0.00000 0.00000
vt 0.00000 0.00000
vt 0.00000 0.00000
vt 0.00000 0.00000
vt 0.00000 0.00000
vt 0.00000 0.00000
vt 0.00000 0.00000
vt 0.00000 0.00000
vt 0.00000 0.00000
vt 0.00000 0.00000
vt 0.00000 0.00000
vt 0.00000 0.00000
vt 0.00000 0.00000
vt 0.00000 0.00000
vt 0.00000 0.00000
vt 0.00000 0.00000
vt 0.00000 0.00000
vt 0.00000 0.00000
vt 0.00000 0.00000
vt 0.00000 0.00000
vt 0.00000 0.00000
vt 0.00000 0.00000
vt 0.00000 0.00000
vt 0.00000 0.00000
vt 0.00000 0.00000
vt 0.00000 0.00000
vt 0.00000 0.00000
vt 0.00000 0.00000
vt 0.00000 0.00000
vt 0.00000 0.00000
vt 0.00000 0.00000
vt 0.00000 0.00000
vt 0.00000 0.00000
vt 0.00000 0.00000
vt 0.00000 0.00000
vt 0.00000 0.00000
vt 0.00000 0.00000
vt 0.00000 0.00000
vt 0.00000 0.00000
vt 0.00000 0.00000
vt 0.00000 0.00000
vt 0.00000 0.00000
vt 0.00000 0.00000
vt 0.00000 0.00000
vt 0.00000 0.00000
vt 0.00000 0.00000
vt 0.00000 0.00000
vt 0.00000 0.00000
vt 0.00000 0.00000
vt 0.00000 0.00000
vt 0.00000 0.00000
vt 0.00000 0.00000
vt 0.00000 0.00000
vt 0.00000 0.00000
vt 0.00000 0.00000
vt 0.00000 0.00000
vt 0.00000 0.00000
vt 0.00000 0.00000
vt 0.00000 0.00000
vt 0.00000 0.00000
vt 0.00000 0.00000
vt 0.00000 0.00000
vt 0.00000 0.00000
vt 0.00000 0.00000
vt 0.00000 0.00000
vt 0.00000 0.00000
vt 0.00000 0.00000
vt 0.00000 0.00000
vt 0.00000 0.00000
vt 0.00000 0.00000
vt 0.00000 0.00000
vt 0.00000 0.00000
vt 0.00000 0.00000
vt 0.00000 0.00000
vt 0.00000 0.00000
vt 0.00000 0.00000
vt 0.00000 0.00000
vt 0.00000 0.00000
vt 0.00000 0.00000
vt 0.00000 0.00000
vt 0.00000 0.00000
vt 0.00000 0.00000
vt 0.00000 0.00000
vt 0.00000 0.00000
vt 0.00000 0.00000
vt 0.00000 0.00000
vt 0.00000 0.00000
vt 0.00000 0.00000
vt 0.00000 0.00000
vt 0.00000 0.00000
vt 0.00000 0.00000
vt 0.00000 0.00000
vt 0.00000 0.00000
vt 0.00000 0.00000
vt 0.00000 0.00000
vt 0.00000 0.00000
vt 0.00000 0.00000
vt 0.00000 0.00000
vt 0.00000 0.00000
vt 0.00000 0.00000
vt 0.00000 0.00000
vt 0.00000 0.00000
vt 0.00000 0.00000
vt 0.00000 0.00000
vt 0.00000 0.00000
vt 0.00000 0.00000
vt 0.00000 0.00000
vt 0.00000 0.00000
vt 0.00000 0.00000
vt 0.00000 0.00000
vt 0.00000 0.00000
vt 0.00000 0.00000
vt 0.00000 0.00000
vt 0.00000 0.00000
vt 0.00000 0.00000
vt 0.00000 0.00000
vt 0.00000 0.00000
vt 0.00000 0.00000
vt 0.00000 0.00000
vt 0.00000 0.00000
vt 0.00000 0.00000
vt 0.00000 0.00000
vt 0.00000 0.00000
vt 0.00000 0.00000
vt 0.00000 0.00000
vt 0.00000 0.00000
vt 0.00000 0.00000
vt 0.00000 0.00000
vt 0.00000 0.00000
vt 0.00000 0.00000
vt 0.00000 0.00000
vt 0.00000 0.00000
vt 0.00000 0.00000
vt 0.00000 0.00000
vt 0.00000 0.00000
vt 0.00000 0.00000
vt 0.00000 0.00000
vt 0.00000 0.00000
vt 0.00000 0.00000
vt 0.00000 0.00000
vt 0.00000 0.00000
vt 0.00000 0.00000
vt 0.00000 0.00000
vt 0.00000 0.00000
vt 0.00000 0.00000
vt 0.00000 0.00000
vt 0.00000 0.00000
vt 0.00000 0.00000
vt 0.00000 0.00000
vt 0.00000 0.00000
vt 0.00000 0.00000
vt 0.00000 0.00000
vt 0.00000 0.00000
vt 0.00000 0.00000
vt 0.00000 0.00000
vt 0.00000 0.00000
vt 0.00000 0.00000
vt 0.00000 0.00000
vt 0.00000 0.00000
vt 0.00000 0.00000
vt 0.00000 0.00000
vt 0.00000 0.00000
vt 0.00000 0.00000
vt 0.00000 0.00000
vt 0.00000 0.00000
vt 0.00000 0.00000
vt 0.00000 0.00000
vt 0.00000 0.00000
vt 0.00000 0.00000
vt 0.00000 0.00000
vt 0.00000 0.00000
vt 0.00000 0.00000
vt 0.00000 0.00000
vt 0.00000 0.00000
vt 0.00000 0.00000
vt 0.00000 0.00000
vt 0.00000 0.00000
vt 0.00000 0.00000
vt 0.00000 0.00000
vt 0.00000 0.00000
vt 0.00000 0.00000
vt 0.00000 0.00000
vt 0.00000 0.00000
vt 0.00000 0.00000
vt 0.00000 0.00000
vt 0.00000 0.00000
vt 0.00000 0.00000
vt 0.00000 0.00000
vt 0.00000 0.00000
vt 0.00000 0.00000
vt 0.00000 0.00000
vt 0.00000 0.00000
vt 0.00000 0.00000
vt 0.00000 0.00000
vt 0.00000 0.00000
vt 0.00000 0.00000
vt 0.00000 0.00000
vt 0.00000 0.00000
vt 0.00000 0.00000
vt 0.00000 0.00000
vt 0.00000 0.00000
vt 0.00000 0.00000
vt 0.00000 0.00000
vt 0.00000 0.00000
vt 0.00000 0.00000
vt 0.00000 0.00000
vt 0.00000 0.00000
vt 0.00000 0.00000
vt 0.00000 0.00000
vt 0.00000 0.00000
vt 0.00000 0.00000
vt 0.00000 0.00000
vt 0.00000 0.00000
vt 0.00000 0.00000
vt 0.00000 0.00000
vt 0.00000 0.00000
vt 0.00000 0.00000
vt 0.00000 0.00000
vt 0.00000 0.00000
vt 0.00000 0.00000
vt 0.00000 0.00000
vt 0.00000 0.00000
vt 0.00000 0.00000
vt 0.00000 0.00000
vt 0.00000 0.00000
vt 0.00000 0.00000
vt 0.00000 0.00000
vt 0.00000 0.00000
vt 0.00000 0.00000
vt 0.00000 0.00000
vt 0.00000 0.00000
vt 0.00000 0.00000
vt 0.00000 0.00000
vt 0.00000 0.00000
vt 0.00000 0.00000
vt 0.00000 0.00000
vt 0.00000 0.00000
vt 0.00000 0.00000
vt 0.00000 0.00000
vt 0.00000 0.00000
vt 0.00000 0.00000
vt 0.00000 0.00000
vt 0.00000 0.00000
vt 0.00000 0.00000
vt 0.00000 0.00000
vt 0.00000 0.00000
vt 0.00000 0.00000
vt 0.00000 0.00000
vt 0.00000 0.00000
vt 0.00000 0.00000
vt 0.00000 0.00000
vt 0.00000 0.00000
vt 0.00000 0.00000
vt 0.00000 0.00000
vt 0.00000 0.00000
vt 0.00000 0.00000
vt 0.00000 0.00000
vt 0.00000 0.00000
vt 0.00000 0.00000
vt 0.00000 0.00000
vt 0.00000 0.00000
vt 0.00000 0.00000
vt 0.00000 0.00000
vt 0.00000 0.00000
vt 0.00000 0.00000
vt 0.00000 0.00000
vt 0.00000 0.00000
vt 0.00000 0.00000
vt 0.00000 0.00000
vt 0.00000 0.00000
vt 0.00000 0.00000
vt 0.00000 0.00000
vt 0.00000 0.00000
vt 0.00000 0.00000
vt 0.00000 0.00000
vt 0.00000 0.00000
vt 0.00000 0.00000
vt 0.00000 0.00000
vt 0.00000 0.00000
vt 0.00000 0.00000
vt 0.00000 0.00000
vt 0.00000 0.00000
vt 0.00000 0.00000
vt 0.00000 0.00000
vt 0.00000 0.00000
vt 0.00000 0.00000
vt 0.00000 0.00000
vt 0.00000 0.00000
vt 0.00000 0.00000
vt 0.00000 0.00000
vt 0.00000 0.00000
vt 0.00000 0.00000
vt 0.00000 0.00000
vt 0.00000 0.00000
vt 0.00000 0.00000
vt 0.00000 0.00000
vt 0.00000 0.00000
vt 0.00000 0.00000
vt 0.00000 0.00000
vt 0.00000 0.00000
vt 0.00000 0.00000
vt 0.00000 0.00000
vt 0.00000 0.00000
vt 0.00000 0.00000
vt 0.00000 0.00000
vt 0.00000 0.00000
vt 0.00000 0.00000
vt 0.00000 0.00000
vt 0.00000 0.00000
vt 0.00000 0.00000
vt 0.00000 0.00000
vt 0.00000 0.00000
vt 0.00000 0.00000
vt 0.00000 0.00000
vt 0.00000 0.00000
vt 0.00000 0.00000
vt 0.00000 0.00000
vt 0.00000 0.00000
vt 0.00000 0.00000
vt 0.00000 0.00000
vt 0.00000 0.00000
vt 0.00000 0.00000
vt 0.00000 0.00000
vt 0.00000 0.00000
vt 0.00000 0.00000
vt 0.00000 0.00000
vt 0.00000 0.00000
vt 0.00000 0.00000
vt 0.00000 0.00000
vt 0.00000 0.00000
vt 0.00000 0.00000
vt 0.00000 0.00000
vt 0.00000 0.00000
vt 0.00000 0.00000
vt 0.00000 0.00000
vt 0.00000 0.00000
vt 0.00000 0.00000
vt 0.00000 0.00000
vt 0.00000 0.00000
vt 0.00000 0.00000
vt 0.00000 0.00000
vt 0.00000 0.00000
vt 0.00000 0.00000
vt 0.00000 0.00000
vt 0.00000 0.00000
vt 0.00000 0.00000
vt 0.00000 0.00000
vt 0.00000 0.00000
vt 0.00000 0.00000
vt 0.00000 0.00000
vt 0.00000 0.00000
vt 0.00000 0.00000
vt 0.00000 0.00000
vt 0.00000 0.00000
vt 0.00000 0.00000
vt 0.00000 0.00000
vt 0.00000 0.00000
vt 0.00000 0.00000
vt 0.00000 0.00000
vt 0.00000 0.00000
vt 0.00000 0.00000
vt 0.00000 0.00000
vt 0.00000 0.00000
vt 0.00000 0.00000
vt 0.00000 0.00000
vt 0.00000 0.00000
vt 0.00000 0.00000
vt 0.00000 0.00000
vt 0.00000 0.00000
vt 0.00000 0.00000
vt 0.00000 0.00000
vt 0.00000 0.00000
vt 0.00000 0.00000
vt 0.00000 0.00000
vt 0.00000 0.00000
vt 0.00000 0.00000
vt 0.00000 0.00000
vt 0.00000 0.00000
vt 0.00000 0.00000
vt 0.00000 0.00000
vt 0.00000 0.00000
vt 0.00000 0.00000
vt 0.00000 0.00000
vt 0.00000 0.00000
vt 0.00000 0.00000
vt 0.00000 0.00000
vt 0.00000 0.00000
vt 0.00000 0.00000
vt 0.00000 0.00000
vt 0.00000 0.00000
vt 0.00000 0.00000
vt 0.00000 0.00000
vt 0.00000 0.00000
vt 0.00000 0.00000
vt 0.00000 0.00000
vt 0.00000 0.00000
vt 0.00000 0.00000
vt 0.00000 0.00000
vt 0.00000 0.00000
vt 0.00000 0.00000
vt 0.00000 0.00000
vt 0.00000 0.00000
vt 0.00000 0.00000
vt 0.00000 0.00000
vt 0.00000 0.00000
vt 0.00000 0.00000
vt 0.00000 0.00000
vt 0.00000 0.00000
vt 0.00000 0.00000
vt 0.00000 0.00000
vt 0.00000 0.00000
vt 0.00000 0.00000
vt 0.00000 0.00000
vt 0.00000 0.00000
vt 0.00000 0.00000
vt 0.00000 0.00000
vt 0.00000 0.00000
vt 0.00000 0.00000
vt 0.00000 0.00000
vt 0.00000 0.00000
vt 0.00000 0.00000
vt 0.00000 0.00000
vt 0.00000 0.00000
vt 0.00000 0.00000
vt 0.00000 0.00000
vt 0.00000 0.00000
vt 0.00000 0.00000
vt 0.00000 0.00000
vt 0.00000 0.00000
vt 0.00000 0.00000
vt 0.00000 0.00000
vt 0.00000 0.00000
vt 0.00000 0.00000
vt 0.00000 0.00000
vt 0.00000 0.00000
vt 0.00000 0.00000
vt 0.00000 0.00000
vt 0.00000 0.00000
vt 0.00000 0.00000
vt 0.00000 0.00000
vt 0.00000 0.00000
vt 0.00000 0.00000
vt 0.00000 0.00000
vt 0.00000 0.00000
vt 0.00000 0.00000
vt 0.00000 0.00000
vt 0.00000 0.00000
vt 0.00000 0.00000
vt 0.00000 0.00000
vt 0.00000 0.00000
vt 0.00000 0.00000
vt 0.00000 0.00000
vt 0.00000 0.00000
vt 0.00000 0.00000
vt 0.00000 0.00000
vt 0.00000 0.00000
vt 0.00000 0.00000
vt 0.00000 0.00000
vt 0.00000 0.00000
vt 0.00000 0.00000
vt 0.00000 0.00000
vt 0.00000 0.00000
vt 0.00000 0.00000
vt 0.00000 0.00000
vt 0.00000 0.00000
vt 0.00000 0.00000
vt 0.00000 0.00000
vt 0.00000 0.00000
vt 0.00000 0.00000
vt 0.00000 0.00000
vt 0.00000 0.00000
vt 0.00000 0.00000
vt 0.00000 0.00000
vt 0.00000 0.00000
vt 0.00000 0.00000
vt 0.00000 0.00000
vt 0.00000 0.00000
vt 0.00000 0.00000
vt 0.00000 0.00000
vt 0.00000 0.00000
vt 0.00000 0.00000
vt 0.00000 0.00000
vt 0.00000 0.00000
vt 0.00000 0.00000
vt 0.00000 0.00000
vt 0.00000 0.00000
vt 0.00000 0.00000
vt 0.00000 0.00000
vt 0.00000 0.00000
vt 0.00000 0.00000
vt 0.00000 0.00000
vt 0.00000 0.00000
vt 0.00000 0.00000
vt 0.00000 0.00000
vt 0.00000 0.00000
vt 0.00000 0.00000
vt 0.00000 0.00000
vt 0.00000 0.00000
vt 0.00000 0.00000
vt 0.00000 0.00000
vt 0.00000 0.00000
vt 0.00000 0.00000
vt 0.00000 0.00000
vt 0.00000 0.00000
vt 0.00000 0.00000
vt 0.00000 0.00000
vt 0.00000 0.00000
vt 0.00000 0.00000
vt 0.00000 0.00000
vt 0.00000 0.00000
vt 0.00000 0.00000
vt 0.00000 0.00000
vt 0.00000 0.00000
vt 0.00000 0.00000
vt 0.00000 0.00000
vt 0.00000 0.00000
vt 0.00000 0.00000
vt 0.00000 0.00000
vt 0.00000 0.00000
vt 0.00000 0.00000
vt 0.00000 0.00000
vt 0.00000 0.00000
vt 0.00000 0.00000
vt 0.00000 0.00000
vt 0.00000 0.00000
vt 0.00000 0.00000
vt 0.00000 0.00000
vt 0.00000 0.00000
vt 0.00000 0.00000
vt 0.00000 0.00000
vt 0.00000 0.00000
vt 0.00000 0.00000
vt 0.00000 0.00000
vt 0.00000 0.00000
vt 0.00000 0.00000
vt 0.00000 0.00000
vt 0.00000 0.00000
vt 0.00000 0.00000
vt 0.00000 0.00000
vt 0.00000 0.00000
vt 0.00000 0.00000
vt 0.00000 0.00000
vt 0.00000 0.00000
vt 0.00000 0.00000
vt 0.00000 0.00000
vt 0.00000 0.00000
vt 0.00000 0.00000
vt 0.00000 0.00000
vt 0.00000 0.00000
vt 0.00000 0.00000
vt 0.00000 0.00000
vt 0.00000 0.00000
vt 0.00000 0.00000
vt 0.00000 0.00000
vt 0.00000 0.00000
vt 0.00000 0.00000
vt 0.00000 0.00000
vt 0.00000 0.00000
vt 0.00000 0.00000
vt 0.00000 0.00000
vt 0.00000 0.00000
vt 0.00000 0.00000
vt 0.00000 0.00000
vt 0.00000 0.00000
vt 0.00000 0.00000
vt 0.00000 0.00000
vt 0.00000 0.00000
vt 0.00000 0.00000
vt 0.00000 0.00000
vt 0.00000 0.00000
vt 0.00000 0.00000
vt 0.00000 0.00000
vt 0.00000 0.00000
vt 0.00000 0.00000
vt 0.00000 0.00000
vt 0.00000 0.00000
vt 0.00000 0.00000
vt 0.00000 0.00000
vt 0.00000 0.00000
vt 0.00000 0.00000
vt 0.00000 0.00000
vt 0.00000 0.00000
vt 0.00000 0.00000
vt 0.00000 0.00000
vt 0.00000 0.00000
vt 0.00000 0.00000
vt 0.00000 0.00000
vt 0.00000 0.00000
vt 0.00000 0.00000
vt 0.00000 0.00000
vt 0.00000 0.00000
vt 0.00000 0.00000
vt 0.00000 0.00000
vt 0.00000 0.00000
vt 0.00000 0.00000
vt 0.00000 0.00000
vt 0.00000 0.00000
vt 0.00000 0.00000
vt 0.00000 0.00000
vt 0.00000 0.00000
vt 0.00000 0.00000
vt 0.00000 0.00000
vt 0.00000 0.00000
vt 0.00000 0.00000
vt 0.00000 0.00000
vt 0.00000 0.00000
vt 0.00000 0.00000
vt 0.00000 0.00000
vt 0.00000 0.00000
vt 0.00000 0.00000
vt 0.00000 0.00000
vt 0.00000 0.00000
vt 0.00000 0.00000
vt 0.00000 0.00000
vt 0.00000 0.00000
vt 0.00000 0.00000
vt 0.00000 0.00000
vt 0.00000 0.00000
vt 0.00000 0.00000
vt 0.00000 0.00000
vt 0.00000 0.00000
vt 0.00000 0.00000
vt 0.00000 0.00000
vt 0.00000 0.00000
vt 0.00000 0.00000
vt 0.00000 0.00000
vt 0.00000 0.00000
vt 0.00000 0.00000
vt 0.00000 0.00000
vt 0.00000 0.00000
vt 0.00000 0.00000
vt 0.00000 0.00000
vt 0.00000 0.00000
vt 0.00000 0.00000
vt 0.00000 0.00000
vt 0.00000 0.00000
vt 0.00000 0.00000
vt 0.00000 0.00000
vt 0.00000 0.00000
vt 0.00000 0.00000
vt 0.00000 0.00000
vt 0.00000 0.00000
vt 0.00000 0.00000
vt 0.00000 0.00000
vt 0.00000 0.00000
vt 0.00000 0.00000
vt 0.00000 0.00000
vt 0.00000 0.00000
vt 0.00000 0.00000
vt 0.00000 0.00000
vt 0.00000 0.00000
vt 0.00000 0.00000
vt 0.00000 0.00000
vt 0.00000 0.00000
vt 0.00000 0.00000
vt 0.00000 0.00000
vt 0.00000 0.00000
vt 0.00000 0.00000
vt 0.00000 0.00000
vt 0.00000 0.00000
vt 0.00000 0.00000
vt 0.00000 0.00000
vt 0.00000 0.00000
vt 0.00000 0.00000
vt 0.00000 0.00000
vt 0.00000 0.00000
vt 0.00000 0.00000
vt 0.00000 0.00000
vt 0.00000 0.00000
vt 0.00000 0.00000
vt 0.00000 0.00000
vt 0.00000 0.00000
vt 0.00000 0.00000
vt 0.00000 0.00000
vt 0.00000 0.00000
vt 0.00000 0.00000
vt 0.00000 0.00000
vt 0.00000 0.00000
vt 0.00000 0.00000
vt 0.00000 0.00000
vt 0.00000 0.00000
vt 0.00000 0.00000
vt 0.00000 0.00000
vt 0.00000 0.00000
vt 0.00000 0.00000
vt 0.00000 0.00000
vt 0.00000 0.00000
vt 0.00000 0.00000
vt 0.00000 0.00000
vt 0.00000 0.00000
vt 0.00000 0.00000
vt 0.00000 0.00000
vt 0.00000 0.00000
vt 0.00000 0.00000
vt 0.00000 0.00000
vt 0.00000 0.00000
vt 0.00000 0.00000
vt 0.00000 0.00000
vt 0.00000 0.00000
vt 0.00000 0.00000
vt 0.00000 0.00000
vt 0.00000 0.00000
vt 0.00000 0.00000
vt 0.00000 0.00000
vt 0.00000 0.00000
vt 0.00000 0.00000
vt 0.00000 0.00000
vt 0.00000 0.00000
vt 0.00000 0.00000
vt 0.00000 0.00000
vt 0.00000 0.00000
vt 0.00000 0.00000
vt 0.00000 0.00000
vt 0.00000 0.00000
vt 0.00000 0.00000
vt 0.00000 0.00000
vt 0.00000 0.00000
vt 0.00000 0.00000
vt 0.00000 0.00000
vt 0.00000 0.00000
vt 0.00000 0.00000
vt 0.00000 0.00000
vt 0.00000 0.00000
vt 0.00000 0.00000
vt 0.00000 0.00000
vt 0.00000 0.00000
vt 0.00000 0.00000
vt 0.00000 0.00000
vt 0.00000 0.00000
vt 0.00000 0.00000
vt 0.00000 0.00000
vt 0.00000 0.00000
vt 0.00000 0.00000
vt 0.00000 0.00000
vt 0.00000 0.00000
vt 0.00000 0.00000
vt 0.00000 0.00000
vt 0.00000 0.00000
vt 0.00000 0.00000
vt 0.00000 0.00000
vt 0.00000 0.00000
vt 0.00000 0.00000
vt 0.00000 0.00000
vt 0.00000 0.00000
vt 0.00000 0.00000
vt 0.00000 0.00000
vt 0.00000 0.00000
vt 0.00000 0.00000
vt 0.00000 0.00000
vt 0.00000 0.00000
vt 0.00000 0.00000
vt 0.00000 0.00000
vt 0.00000 0.00000
vt 0.00000 0.00000
vt 0.00000 0.00000
vt 0.00000 0.00000
vt 0.00000 0.00000
vt 0.00000 0.00000
vt 0.00000 0.00000
vt 0.00000 0.00000
vt 0.00000 0.00000
vt 0.00000 0.00000
vt 0.00000 0.00000
vt 0.00000 0.00000
vt 0.00000 0.00000
vt 0.00000 0.00000
vt 0.00000 0.00000
vt 0.00000 0.00000
vt 0.00000 0.00000
vt 0.00000 0.00000
vt 0.00000 0.00000
vt 0.00000 0.00000
vt 0.00000 0.00000
vt 0.00000 0.00000
vt 0.00000 0.00000
vt 0.00000 0.00000
vt 0.00000 0.00000
vt 0.00000 0.00000
vt 0.00000 0.00000
vt 0.00000 0.00000
vt 0.00000 0.00000
vt 0.00000 0.00000
vt 0.00000 0.00000
vt 0.00000 0.00000
vt 0.00000 0.00000
vt 0.00000 0.00000
vt 0.00000 0.00000
vt 0.00000 0.00000
vt 0.00000 0.00000
vt 0.00000 0.00000
vt 0.00000 0.00000
vt 0.00000 0.00000
vt 0.00000 0.00000
vt 0.00000 0.00000
vt 0.00000 0.00000
vt 0.00000 0.00000
vt 0.00000 0.00000
vt 0.00000 0.00000
vt 0.00000 0.00000
vt 0.00000 0.00000
vt 0.00000 0.00000
vt 0.00000 0.00000
vt 0.00000 0.00000
vt 0.00000 0.00000
vt 0.00000 0.00000
vt 0.00000 0.00000
vt 0.00000 0.00000
vt 0.00000 0.00000
vt 0.00000 0.00000
vt 0.00000 0.00000
vt 0.00000 0.00000
vt 0.00000 0.00000
vt 0.00000 0.00000
vt 0.00000 0.00000
vt 0.00000 0.00000
vt 0.00000 0.00000
vt 0.00000 0.00000
vt 0.00000 0.00000
vt 0.00000 0.00000
vt 0.00000 0.00000
vt 0.00000 0.00000
vt 0.00000 0.00000
vt 0.00000 0.00000
vt 0.00000 0.00000
vt 0.00000 0.00000
vt 0.00000 0.00000
vt 0.00000 0.00000
vt 0.00000 0.00000
vt 0.00000 0.00000
vt 0.00000 0.00000
vt 0.00000 0.00000
vt 0.00000 0.00000
vt 0.00000 0.00000
vt 0.00000 0.00000
vt 0.00000 0.00000
vt 0.00000 0.00000
vt 0.00000 0.00000
vt 0.00000 0.00000
vt 0.00000 0.00000
vt 0.00000 0.00000
vt 0.00000 0.00000
vt 0.00000 0.00000
vt 0.00000 0.00000
vt 0.00000 0.00000
vt 0.00000 0.00000
vt 0.00000 0.00000
vt 0.00000 0.00000
vt 0.00000 0.00000
vt 0.00000 0.00000
vt 0.00000 0.00000
vt 0.00000 0.00000
vt 0.00000 0.00000
vt 0.00000 0.00000
vt 0.00000 0.00000
vt 0.00000 0.00000
vt 0.00000 0.00000
vt 0.00000 0.00000
vt 0.00000 0.00000
vt 0.00000 0.00000
vt 0.00000 0.00000
vt 0.00000 0.00000
vt 0.00000 0.00000
vt 0.00000 0.00000
vt 0.00000 0.00000
vt 0.00000 0.00000
vt 0.00000 0.00000
vt 0.00000 0.00000
vt 0.00000 0.00000
vt 0.00000 0.00000
vt 0.00000 0.00000
vt 0.00000 0.00000
vt 0.00000 0.00000
vt 0.00000 0.00000
vt 0.00000 0.00000
vt 0.00000 0.00000
vt 0.00000 0.00000
vt 0.00000 0.00000
vt 0.00000 0.00000
vt 0.00000 0.00000
vt 0.00000 0.00000
vt 0.00000 0.00000
vt 0.00000 0.00000
vt 0.00000 0.00000
vt 0.00000 0.00000
vt 0.00000 0.00000
vt 0.00000 0.00000
vt 0.00000 0.00000
vt 0.00000 0.00000
vt 0.00000 0.00000
vt 0.00000 0.00000
vt 0.00000 0.00000
vt 0.00000 0.00000
vt 0.00000 0.00000
vt 0.00000 0.00000
vt 0.00000 0.00000
vt 0.00000 0.00000
vt 0.00000 0.00000
vt 0.00000 0.00000
vt 0.00000 0.00000
vt 0.00000 0.00000
vt 0.00000 0.00000
vt 0.00000 0.00000
vt 0.00000 0.00000
vt 0.00000 0.00000
vt 0.00000 0.00000
vt 0.00000 0.00000
vt 0.00000 0.00000
vt 0.00000 0.00000
vt 0.00000 0.00000
vt 0.00000 0.00000
vt 0.00000 0.00000
vt 0.00000 0.00000
vt 0.00000 0.00000
vt 0.00000 0.00000
vt 0.00000 0.00000
vt 0.00000 0.00000
vt 0.00000 0.00000
vt 0.00000 0.00000
vt 0.00000 0.00000
vt 0.00000 0.00000
vt 0.00000 0.00000
vt 0.00000 0.00000
vt 0.00000 0.00000
vt 0.00000 0.00000
vt 0.00000 0.00000
vt 0.00000 0.00000
vt 0.00000 0.00000
vt 0.00000 0.00000
vt 0.00000 0.00000
vt 0.00000 0.00000
vt 0.00000 0.00000
vt 0.00000 0.00000
vt 0.00000 0.00000
vt 0.00000 0.00000
vt 0.00000 0.00000
vt 0.00000 0.00000
vt 0.00000 0.00000
vt 0.00000 0.00000
vt 0.00000 0.00000
vt 0.00000 0.00000
vt 0.00000 0.00000
vt 0.00000 0.00000
vt 0.00000 0.00000
vt 0.00000 0.00000
vt 0.00000 0.00000
vt 0.00000 0.00000
vt 0.00000 0.00000
vt 0.00000 0.00000
vt 0.00000 0.00000
vt 0.00000 0.00000
vt 0.00000 0.00000
vt 0.00000 0.00000
vt 0.00000 0.00000
vt 0.00000 0.00000
vt 0.00000 0.00000
vt 0.00000 0.00000
vt 0.00000 0.00000
vt 0.00000 0.00000
vt 0.00000 0.00000
vt 0.00000 0.00000
vt 0.00000 0.00000
vt 0.00000 0.00000
vt 0.00000 0.00000
vt 0.00000 0.00000
vt 0.00000 0.00000
vt 0.00000 0.00000
vt 0.00000 0.00000
vt 0.00000 0.00000
vt 0.00000 0.00000
vt 0.00000 0.00000
vt 0.00000 0.00000
vt 0.00000 0.00000
vt 0.00000 0.00000
vt 0.00000 0.00000
vt 0.00000 0.00000
vt 0.00000 0.00000
vt 0.00000 0.00000
vt 0.00000 0.00000
vt 0.00000 0.00000
vt 0.00000 0.00000
vt 0.00000 0.00000
vt 0.00000 0.00000
vt 0.00000 0.00000
vt 0.00000 0.00000
vt 0.00000 0.00000
vt 0.00000 0.00000
vt 0.00000 0.00000
vt 0.00000 0.00000
vt 0.00000 0.00000
vt 0.00000 0.00000
vt 0.00000 0.00000
vt 0.00000 0.00000
vt 0.00000 0.00000
vt 0.00000 0.00000
vt 0.00000 0.00000
vt 0.00000 0.00000
vt 0.00000 0.00000
vt 0.00000 0.00000
vt 0.00000 0.00000
vt 0.00000 0.00000
vt 0.00000 0.00000
vt 0.00000 0.00000
vt 0.00000 0.00000
vt 0.00000 0.00000
vt 0.00000 0.00000
vt 0.00000 0.00000
vt 0.00000 0.00000
vt 0.00000 0.00000
vt 0.00000 0.00000
vt 0.00000 0.00000
vt 0.00000 0.00000
vt 0.00000 0.00000
vt 0.00000 0.00000
vt 0.00000 0.00000
vt 0.00000 0.00000
vt 0.00000 0.00000
vt 0.00000 0.00000
vt 0.00000 0.00000
vt 0.00000 0.00000
vt 0.00000 0.00000
vt 0.00000 0.00000
vt 0.00000 0.00000
vt 0.00000 0.00000
vt 0.00000 0.00000
vt 0.00000 0.00000
vt 0.00000 0.00000
vt 0.00000 0.00000
vt 0.00000 0.00000
vt 0.00000 0.00000
vt 0.00000 0.00000
vt 0.00000 0.00000
vt 0.00000 0.00000
vt 0.00000 0.00000
vt 0.00000 0.00000
vt 0.00000 0.00000
vt 0.00000 0.00000
vt 0.00000 0.00000
vt 0.00000 0.00000
vt 0.00000 0.00000
vt 0.00000 0.00000
vt 0.00000 0.00000
vt 0.00000 0.00000
vt 0.00000 0.00000
vt 0.00000 0.00000
vt 0.00000 0.00000
vt 0.00000 0.00000
vt 0.00000 0.00000
vt 0.00000 0.00000
vt 0.00000 0.00000
vt 0.00000 0.00000
vt 0.00000 0.00000
vt 0.00000 0.00000
vt 0.00000 0.00000
vt 0.00000 0.00000
vt 0.00000 0.00000
vt 0.00000 0.00000
vt 0.00000 0.00000
vt 0.00000 0.00000
vt 0.00000 0.00000
vt 0.00000 0.00000
vt 0.00000 0.00000
vt 0.00000 0.00000
vt 0.00000 0.00000
vt 0.00000 0.00000
vt 0.00000 0.00000
vt 0.00000 0.00000
vt 0.00000 0.00000
vt 0.00000 0.00000
vt 0.00000 0.00000
vt 0.00000 0.00000
vt 0.00000 0.00000
vt 0.00000 0.00000
vt 0.00000 0.00000
vt 0.00000 0.00000
vt 0.00000 0.00000
vt 0.00000 0.00000
vt 0.00000 0.00000
vt 0.00000 0.00000
vt 0.00000 0.00000
vt 0.00000 0.00000
vt 0.00000 0.00000
vt 0.00000 0.00000
vt 0.00000 0.00000
vt 0.00000 0.00000
vt 0.00000 0.00000
vt 0.00000 0.00000
vt 0.00000 0.00000
vt 0.00000 0.00000
vt 0.00000 0.00000
vt 0.00000 0.00000
vt 0.00000 0.00000
vt 0.00000 0.00000
vt 0.00000 0.00000
vt 0.00000 0.00000
vt 0.00000 0.00000
vt 0.00000 0.00000
vt 0.00000 0.00000
vt 0.00000 0.00000
vt 0.00000 0.00000
vt 0.00000 0.00000
vt 0.00000 0.00000
vt 0.00000 0.00000
vt 0.00000 0.00000
vt 0.00000 0.00000
vt 0.00000 0.00000
vt 0.00000 0.00000
vt 0.00000 0.00000
vt 0.00000 0.00000
vt 0.00000 0.00000
vt 0.00000 0.00000
vt 0.00000 0.00000
vt 0.00000 0.00000
vt 0.00000 0.00000
vt 0.00000 0.00000
vt 0.00000 0.00000
vt 0.00000 0.00000
vt 0.00000 0.00000
vt 0.00000 0.00000
vt 0.00000 0.00000
vt 0.00000 0.00000
vt 0.00000 0.00000
vt 0.00000 0.00000
vt 0.00000 0.00000
vt 0.00000 0.00000
vt 0.00000 0.00000
vt 0.00000 0.00000
vt 0.00000 0.00000
vt 0.00000 0.00000
vt 0.00000 0.00000
vt 0.00000 0.00000
vt 0.00000 0.00000
vt 0.00000 0.00000
vt 0.00000 0.00000
vt 0.00000 0.00000
vt 0.00000 0.00000
vt 0.00000 0.00000
vt 0.00000 0.00000
vt 0.00000 0.00000
vt 0.00000 0.00000
vt 0.00000 0.00000
vt 0.00000 0.00000
vt 0.00000 0.00000
vt 0.00000 0.00000
vt 0.00000 0.00000
vt 0.00000 0.00000
vt 0.00000 0.00000
vt 0.00000 0.00000
vt 0.00000 0.00000
vt 0.00000 0.00000
vt 0.00000 0.00000
vt 0.00000 0.00000
vt 0.00000 0.00000
vt 0.00000 0.00000
vt 0.00000 0.00000
vt 0.00000 0.00000
vt 0.00000 0.00000
vt 0.00000 0.00000
vt 0.00000 0.00000
vt 0.00000 0.00000
vt 0.00000 0.00000
vt 0.00000 0.00000
vt 0.00000 0.00000
vt 0.00000 0.00000
vt 0.00000 0.00000
vt 0.00000 0.00000
vt 0.00000 0.00000
vt 0.00000 0.00000
vt 0.00000 0.00000
vt 0.00000 0.00000
vt 0.00000 0.00000
vt 0.00000 0.00000
vt 0.00000 0.00000
vt 0.00000 0.00000
vt 0.00000 0.00000
vt 0.00000 0.00000
vt 0.00000 0.00000
vt 0.00000 0.00000
vt 0.00000 0.00000
vt 0.00000 0.00000
vt 0.00000 0.00000
vt 0.00000 0.00000
vt 0.00000 0.00000
vt 0.00000 0.00000
vt 0.00000 0.00000
vt 0.00000 0.00000
vt 0.00000 0.00000
vt 0.00000 0.00000
vt 0.00000 0.00000
vt 0.00000 0.00000
vt 0.00000 0.00000
vt 0.00000 0.00000
vt 0.00000 0.00000
vt 0.00000 0.00000
vt 0.00000 0.00000
vt 0.00000 0.00000
vt 0.00000 0.00000
vt 0.00000 0.00000
vt 0.00000 0.00000
vt 0.00000 0.00000
vt 0.00000 0.00000
vt 0.00000 0.00000
vt 0.00000 0.00000
vt 0.00000 0.00000
vt 0.00000 0.00000
vt 0.00000 0.00000
vt 0.00000 0.00000
vt 0.00000 0.00000
vt 0.00000 0.00000
vt 0.00000 0.00000
vt 0.00000 0.00000
vt 0.00000 0.00000
vt 0.00000 0.00000
vt 0.00000 0.00000
vt 0.00000 0.00000
vt 0.00000 0.00000
vt 0.00000 0.00000
vt 0.00000 0.00000
vt 0.00000 0.00000
vt 0.00000 0.00000
vt 0.00000 0.00000
vt 0.00000 0.00000
vt 0.00000 0.00000
vt 0.00000 0.00000
vt 0.00000 0.00000
vt 0.00000 0.00000
vt 0.00000 0.00000
vt 0.00000 0.00000
vt 0.00000 0.00000
vt 0.00000 0.00000
vt 0.00000 0.00000
vt 0.00000 0.00000
vt 0.00000 0.00000
vt 0.00000 0.00000
vt 0.00000 0.00000
vt 0.00000 0.00000
vt 0.00000 0.00000
vt 0.00000 0.00000
vt 0.00000 0.00000
vt 0.00000 0.00000
vt 0.00000 0.00000
vt 0.00000 0.00000
vt 0.00000 0.00000
vt 0.00000 0.00000
vt 0.00000 0.00000
vt 0.00000 0.00000
vt 0.00000 0.00000
vt 0.00000 0.00000
vt 0.00000 0.00000
vt 0.00000 0.00000
vt 0.00000 0.00000
vt 0.00000 0.00000
vt 0.00000 0.00000
vt 0.00000 0.00000
vt 0.00000 0.00000
vt 0.00000 0.00000
vt 0.00000 0.00000
vt 0.00000 0.00000
vt 0.00000 0.00000
vt 0.00000 0.00000
vt 0.00000 0.00000
vt 0.00000 0.00000
vt 0.00000 0.00000
vt 0.00000 0.00000
vt 0.00000 0.00000
vt 0.00000 0.00000
vt 0.00000 0.00000
vt 0.00000 0.00000
vt 0.00000 0.00000
vt 0.00000 0.00000
vt 0.00000 0.00000
vt 0.00000 0.00000
vt 0.00000 0.00000
vt 0.00000 0.00000
vt 0.00000 0.00000
vt 0.00000 0.00000
vt 0.00000 0.00000
vt 0.00000 0.00000
vt 0.00000 0.00000
vt 0.00000 0.00000
vt 0.00000 0.00000
vt 0.00000 0.00000
vt 0.00000 0.00000
vt 0.00000 0.00000
vt 0.00000 0.00000
vt 0.00000 0.00000
vt 0.00000 0.00000
vt 0.00000 0.00000
vt 0.00000 0.00000
vt 0.00000 0.00000
vt 0.00000 0.00000
vt 0.00000 0.00000
vt 0.00000 0.00000
vt 0.00000 0.00000
vt 0.00000 0.00000
vt 0.00000 0.00000
vt 0.00000 0.00000
vt 0.00000 0.00000
vt 0.00000 0.00000
vt 0.00000 0.00000
vt 0.00000 0.00000
vt 0.00000 0.00000
vt 0.00000 0.00000
vt 0.00000 0.00000
vt 0.00000 0.00000
vt 0.00000 0.00000
vt 0.00000 0.00000
vt 0.00000 0.00000
vt 0.00000 0.00000
vt 0.00000 0.00000
vt 0.00000 0.00000
vt 0.00000 0.00000
vt 0.00000 0.00000
vt 0.00000 0.00000
vt 0.00000 0.00000
vt 0.00000 0.00000
vt 0.00000 0.00000
vt 0.00000 0.00000
vt 0.00000 0.00000
vt 0.00000 0.00000
vt 0.00000 0.00000
vt 0.00000 0.00000
vt 0.00000 0.00000
vt 0.00000 0.00000
vt 0.00000 0.00000
vt 0.00000 0.00000
vt 0.00000 0.00000
vt 0.00000 0.00000
vt 0.00000 0.00000
vt 0.00000 0.00000
vt 0.00000 0.00000
vt 0.00000 0.00000
vt 0.00000 0.00000
vt 0.00000 0.00000
vt 0.00000 0.00000
vn -0.10151 -0.67427 0.73147
vn -0.10151 -0.67427 0.73147
vn -0.10151 -0.67427 0.73147
vn -0.10151 -0.67427 0.73147
vn 0.18787 -0.66570 0.72218
vn 0.18787 -0.66570 0.72218
vn 0.18787 -0.66570 0.72218
vn 0.18787 -0.66570 0.72218
vn -0.10151 -0.67427 0.73147
vn -0.10151 -0.67427 0.73147
vn -0.10151 -0.67427 0.73147
vn -0.10151 -0.67427 0.73147
vn 0.18787 -0.66571 0.72218
vn 0.18787 -0.66571 0.72218
vn 0.18787 -0.66571 0.72218
vn 0.18787 -0.66571 0.72218
vn -0.10151 -0.67427 -0.73148
vn -0.10151 -0.67427 -0.73148
vn -0.10151 -0.67427 -0.73148
vn -0.10151 -0.67427 -0.73148
vn 0.18787 -0.66570 -0.72218
vn 0.18787 -0.66570 -0.72218
vn 0.18787 -0.66570 -0.72218
vn 0.18787 -0.66570 -0.72218
vn -0.10151 -0.67427 -0.73147
vn -0.10151 -0.67427 -0.73147
vn -0.10151 -0.67427 -0.73147
vn -0.10151 -0.67427 -0.73147
vn 0.18787 -0.66571 -0.72218
vn 0.18787 -0.66571 -0.72218
vn 0.18787 -0.66571 -0.72218
vn 0.18787 -0.66571 -0.72218
vn -0.10151 0.67427 0.73147
vn -0.10151 0.67427 0.73147
vn -0.10151 0.67427 0.73147
vn -0.10151 0.67427 0.73147
vn 0.18787 0.66571 0.72218
vn 0.18787 0.66571 0.72218
vn 0.18787 0.66571 0.72218
vn 0.18787 0.66571 0.72218
vn 0.18787 0.66571 0.72218
vn 0.18787 0.66571 0.72218
vn 0.18787 0.66571 0.72218
vn 0.18787 0.66571 0.72218
vn -0.08152 0.67552 0.73282
vn -0.08152 0.67552 0.73282
vn -0.08152 0.67552 0.73282
vn -0.08152 0.67552 0.73282
vn 0.10151 0.67427 0.73147
vn 0.10151 0.67427 0.73147
vn 0.10151 0.67427 0.73147
vn 0.10151 0.67427 0.73147
vn -0.18787 0.66570 0.72218
vn -0.18787 0.66570 0.72218
vn -0.18787 0.66570 0.72218
vn -0.18787 0.66570 0.72218
vn 0.14267 0.61884 0.77245
vn 0.14267 0.61884 0.77245
vn 0.14267 0.61884 0.77245
vn -0.02111 0.60184 0.79834
vn -0.02111 0.60184 0.79834
vn -0.02111 0.60184 0.79834
vn 0.21014 -0.66264 0.71885
vn 0.21014 -0.66264 0.71885
vn 0.21014 -0.66264 0.71885
vn 0.21014 -0.66264 0.71885
vn -0.09153 -0.67493 0.73218
vn -0.09153 -0.67493 0.73218
vn -0.09153 -0.67493 0.73218
vn -0.09153 -0.67493 0.73218
vn 0.10151 0.67428 0.73147
vn 0.10151 0.67428 0.73147
vn 0.10151 0.67428 0.73147
vn 0.10151 0.67428 0.73147
vn -0.18787 0.66571 0.72218
vn -0.18787 0.66571 0.72218
vn -0.18787 0.66571 0.72218
vn -0.18787 0.66571 0.72218
vn -0.10151 0.67427 -0.73147
vn -0.10151 0.67427 -0.73147
vn -0.10151 0.67427 -0.73147
vn -0.10151 0.67427 -0.73147
vn 0.18787 0.66571 -0.72218
vn 0.18787 0.66571 -0.72218
vn 0.18787 0.66571 -0.72218
vn 0.18787 0.66571 -0.72218
vn 0.18787 0.66571 -0.72218
vn 0.18787 0.66571 -0.72218
vn 0.18787 0.66571 -0.72218
vn 0.18787 0.66571 -0.72218
vn -0.08152 0.67552 -0.73282
vn -0.08152 0.67552 -0.73282
vn -0.08152 0.67552 -0.73282
vn -0.08152 0.67552 -0.73282
vn 0.10151 0.67427 -0.73147
vn 0.10151 0.67427 -0.73147
vn 0.10151 0.67427 -0.73147
vn 0.10151 0.67427 -0.73147
vn -0.18787 0.66570 -0.72218
vn -0.18787 0.66570 -0.72218
vn -0.18787 0.66570 -0.72218
vn -0.18787 0.66570 -0.72218
vn 0.14267 0.61884 -0.77245
vn 0.14267 0.61884 -0.77245
vn 0.14267 0.61884 -0.77245
vn -0.02111 0.60184 -0.79834
vn -0.02111 0.60184 -0.79834
vn -0.02111 0.60184 -0.79834
vn 0.21014 -0.66264 -0.71885
vn 0.21014 -0.66264 -0.71885
vn 0.21014 -0.66264 -0.71885
vn 0.21014 -0.66264 -0.71885
vn -0.09153 -0.67493 -0.73218
vn -0.09153 -0.67493 -0.73218
vn -0.09153 -0.67493 -0.73218
vn -0.09153 -0.67493 -0.73218
vn 0.10151 0.67427 -0.73147
vn 0.10151 0.67427 -0.73147
vn 0.10151 0.67427 -0.73147
vn 0.10151 0.67427 -0.73147
vn -0.18787 0.66571 -0.72218
vn -0.18787 0.66571 -0.72218
vn -0.18787 0.66571 -0.72218
vn -0.18787 0.66571 -0.72218
vn -0.01645 0.05883 0.99813
vn -0.01645 0.05883 0.99813
vn -0.01645 0.05883 0.99813
vn -0.01645 0.05883 0.99813
vn 0.10504 -0.92709 0.35983
vn 0.10504 -0.92709 0.35983
vn 0.10504 -0.92709 0.35983
vn 0.10504 -0.92709 0.35983
vn -0.01694 -0.04662 0.99877
vn -0.01694 -0.04662 0.99877
vn -0.01694 -0.04662 0.99877
vn -0.01694 -0.04662 0.99877
vn -0.02280 0.90052 0.43422
vn -0.02280 0.90052 0.43422
vn -0.02280 0.90052 0.43422
vn -0.02280 0.90052 0.43422
vn -0.98844 -0.00251 0.15161
vn -0.99997 -0.00096 0.00744
vn -0.98807 0.00182 0.15403
vn -0.99355 -0.00043 0.11338
vn 0.93500 0.07377 0.34688
vn 0.93500 0.07377 0.34688
vn 0.93500 0.07377 0.34688
vn 0.93500 0.07377 0.34688
vn -0.01251 -0.02252 0.99967
vn -0.01251 -0.02252 0.99967
vn -0.01251 -0.02252 0.99967
vn -0.01251 -0.02252 0.99967
vn 0.86398 -0.05418 0.50060
vn 0.86398 -0.05418 0.50060
vn 0.86398 -0.05418 0.50060
vn 0.86398 -0.05418 0.50060
vn 0.13150 0.93081 0.34103
vn 0.13150 0.93081 0.34103
vn 0.13150 0.93081 0.34103
vn 0.13150 0.93081 0.34103
vn -0.04100 -0.83909 0.54244
vn -0.04100 -0.83909 0.54244
vn -0.04100 -0.83909 0.54244
vn -0.04100 -0.83909 0.54244
vn -0.01250 0.02747 0.99954
vn -0.01250 0.02747 0.99954
vn -0.01250 0.02747 0.99954
vn -0.01250 0.02747 0.99954
vn -0.98768 0.00601 0.15637
vn -0.98768 0.00601 0.15637
vn 0.10151 0.67427 0.73147
vn 0.10151 0.67427 0.73147
vn 0.10151 0.67427 0.73147
vn 0.10151 0.67427 0.73147
vn -0.00395 0.05309 0.99858
vn -0.00395 0.05309 0.99858
vn -0.00395 0.05309 0.99858
vn -0.00395 0.05309 0.99858
vn -0.00395 0.05309 0.99858
vn -0.93217 0.01029 0.36188
vn -0.93217 0.01029 0.36188
vn -0.93217 0.01029 0.36188
vn -0.93217 0.01029 0.36188
vn 0.89122 0.01801 0.45321
vn 0.89122 0.01801 0.45321
vn 0.89122 0.01801 0.45321
vn 0.89122 0.01801 0.45321
vn -0.03041 -0.91649 0.39891
vn -0.03041 -0.91649 0.39891
vn -0.03041 -0.91649 0.39891
vn -0.03041 -0.91649 0.39891
vn 0.09372 -0.80197 0.58997
vn 0.09372 -0.80197 0.58997
vn 0.09372 -0.80197 0.58997
vn 0.09372 -0.80197 0.58997
vn 0.00079 0.98253 0.18610
vn -0.00290 0.97923 0.20272
vn -0.00189 0.99792 0.06443
vn -0.18787 0.66570 0.72218
vn -0.18787 0.66570 0.72218
vn -0.18787 0.66570 0.72218
vn -0.18787 0.66570 0.72218
vn 0.00092 0.05275 0.99861
vn 0.00092 0.05275 0.99861
vn 0.00092 0.05275 0.99861
vn 0.00092 0.05275 0.99861
vn 0.00092 0.05275 0.99861
vn -0.00644 0.97580 0.21859
vn 0.00079 0.98253 0.18610
vn -0.00644 0.97580 0.21859
vn -0.00644 0.97580 0.21859
vn 0.00428 -0.05504 0.99847
vn 0.00428 -0.05504 0.99847
vn 0.00428 -0.05504 0.99847
vn 0.00428 -0.05504 0.99847
vn 0.00428 -0.05504 0.99847
vn 0.93218 -0.01064 0.36183
vn 0.93218 -0.01064 0.36183
vn 0.93218 -0.01064 0.36183
vn 0.93218 -0.01064 0.36183
vn -0.89126 -0.01863 0.45312
vn -0.89126 -0.01863 0.45312
vn -0.89126 -0.01863 0.45312
vn -0.89126 -0.01863 0.45312
vn 0.03754 0.91614 0.39909
vn 0.03754 0.91614 0.39909
vn 0.03754 0.91614 0.39909
vn 0.03754 0.91614 0.39909
vn -0.09372 0.80197 0.58996
vn -0.09372 0.80197 0.58996
vn -0.09372 0.80197 0.58996
vn -0.09372 0.80197 0.58996
vn -0.00098 -0.98099 0.19408
vn 0.00280 -0.97842 0.20660
vn 0.00232 -0.99779 0.06642
vn -0.00126 -0.05468 0.99850
vn -0.00126 -0.05468 0.99850
vn -0.00126 -0.05468 0.99850
vn -0.00126 -0.05468 0.99850
vn -0.00126 -0.05468 0.99850
vn -0.00098 -0.98099 0.19408
vn 0.00644 -0.97579 0.21859
vn 0.00644 -0.97579 0.21859
vn 0.00644 -0.97579 0.21859
vn 0.00494 0.93302 0.35980
vn 0.00494 0.93302 0.35980
vn 0.00494 0.93302 0.35980
vn 0.00494 0.93302 0.35980
vn 0.96521 0.00751 0.26135
vn 0.96521 0.00751 0.26135
vn 0.96521 0.00751 0.26135
vn 0.96521 0.00751 0.26135
vn 0.02342 0.00003 0.99973
vn 0.02342 0.00003 0.99973
vn 0.02342 0.00003 0.99973
vn 0.02342 0.00003 0.99973
vn 0.01526 -0.92336 0.38363
vn 0.01526 -0.92336 0.38363
vn 0.01526 -0.92336 0.38363
vn 0.01526 -0.92336 0.38363
vn -0.88809 0.01543 0.45941
vn -0.88809 0.01543 0.45941
vn -0.88809 0.01543 0.45941
vn -0.88809 0.01543 0.45941
vn 0.00428 -0.05504 0.99847
vn 0.00428 -0.05504 0.99847
vn 0.00428 -0.05504 0.99847
vn 0.00428 -0.05504 0.99847
vn 0.00428 -0.05504 0.99847
vn 0.93218 -0.01064 0.36183
vn 0.93218 -0.01064 0.36183
vn 0.93218 -0.01064 0.36183
vn 0.93218 -0.01064 0.36183
vn -0.89126 -0.01863 0.45312
vn -0.89126 -0.01863 0.45312
vn -0.89126 -0.01863 0.45312
vn -0.89126 -0.01863 0.45312
vn 0.03754 0.91614 0.39909
vn 0.03754 0.91614 0.39909
vn 0.03754 0.91614 0.39909
vn 0.03754 0.91614 0.39909
vn -0.09372 0.80197 0.58996
vn -0.09372 0.80197 0.58996
vn -0.09372 0.80197 0.58996
vn -0.09372 0.80197 0.58996
vn -0.00098 -0.98099 0.19407
vn 0.00280 -0.97842 0.20660
vn 0.00232 -0.99779 0.06642
vn -0.00126 -0.05468 0.99850
vn -0.00126 -0.05468 0.99850
vn -0.00126 -0.05468 0.99850
vn -0.00126 -0.05468 0.99850
vn -0.00126 -0.05468 0.99850
vn 0.00644 -0.97579 0.21860
vn -0.00098 -0.98099 0.19407
vn 0.00644 -0.97579 0.21860
vn 0.00644 -0.97579 0.21860
vn 0.98147 -0.00224 0.19161
vn 0.98983 -0.00360 0.14222
vn 1.00000 -0.00098 -0.00040
vn 0.03342 -0.84171 0.53889
vn 0.03342 -0.84171 0.53889
vn 0.03342 -0.84171 0.53889
vn 0.03342 -0.84171 0.53889
vn -0.06631 0.89396 0.44321
vn -0.06631 0.89396 0.44321
vn -0.06631 0.89396 0.44321
vn -0.06631 0.89396 0.44321
vn 0.02177 -0.06575 0.99760
vn 0.02177 -0.06575 0.99760
vn 0.02177 -0.06575 0.99760
vn 0.02177 -0.06575 0.99760
vn -0.11971 -0.05883 0.99106
vn -0.11971 -0.05883 0.99106
vn -0.11971 -0.05883 0.99106
vn -0.41217 -0.04207 0.91014
vn -0.41217 -0.04207 0.91014
vn -0.41217 -0.04207 0.91014
vn -0.41217 -0.04207 0.91014
vn -0.74705 0.06691 0.66139
vn -0.74705 0.06691 0.66139
vn -0.74705 0.06691 0.66139
vn -0.74705 0.06691 0.66139
vn 0.96194 0.03877 0.27051
vn 0.96194 0.03877 0.27051
vn 0.96194 0.03877 0.27051
vn 0.96194 0.03877 0.27051
vn -0.00927 -0.94292 0.33288
vn -0.00927 -0.94292 0.33288
vn -0.00927 -0.94292 0.33288
vn -0.00927 -0.94292 0.33288
vn -0.00000 0.00000 1.00000
vn -0.00000 0.00000 1.00000
vn -0.00000 0.00000 1.00000
vn -0.00000 0.00000 1.00000
vn 0.00000 0.00000 1.00000
vn 0.00000 0.00000 1.00000
vn 0.02514 0.87300 0.48707
vn 0.02514 0.87300 0.48707
vn 0.02514 0.87300 0.48707
vn 0.02514 0.87300 0.48707
vn -0.01645 0.05883 -0.99813
vn -0.01645 0.05883 -0.99813
vn -0.01645 0.05883 -0.99813
vn -0.01645 0.05883 -0.99813
vn 0.10503 -0.92709 -0.35983
vn 0.10503 -0.92709 -0.35983
vn 0.10503 -0.92709 -0.35983
vn 0.10503 -0.92709 -0.35983
vn -0.01694 -0.04662 -0.99877
vn -0.01694 -0.04662 -0.99877
vn -0.01694 -0.04662 -0.99877
vn -0.01694 -0.04662 -0.99877
vn -0.99997 -0.00743 0.00000
vn -0.99997 -0.00096 -0.00744
vn -0.99997 -0.00743 0.00000
vn -0.02280 0.90052 -0.43422
vn -0.02280 0.90052 -0.43422
vn -0.02280 0.90052 -0.43422
vn -0.02280 0.90052 -0.43422
vn 0.99997 -0.00719 0.00000
vn 0.99999 -0.00546 -0.00000
vn 0.99999 -0.00546 0.00000
vn -0.00000 1.00000 -0.00000
vn -0.00000 1.00000 -0.00000
vn -0.00000 1.00000 -0.00000
vn 0.93500 0.07377 -0.34688
vn 0.93500 0.07377 -0.34688
vn 0.93500 0.07377 -0.34688
vn 0.93500 0.07377 -0.34688
vn -0.99348 -0.00046 -0.11396
vn -0.98844 -0.00251 -0.15161
vn -0.01251 -0.02252 -0.99967
vn -0.01251 -0.02252 -0.99967
vn -0.01251 -0.02252 -0.99967
vn -0.01251 -0.02252 -0.99967
vn 0.86398 -0.05418 -0.50060
vn 0.86398 -0.05418 -0.50060
vn 0.86398 -0.05418 -0.50060
vn 0.86398 -0.05418 -0.50060
vn 0.13150 0.93081 -0.34103
vn 0.13150 0.93081 -0.34103
vn 0.13150 0.93081 -0.34103
vn 0.13150 0.93081 -0.34103
vn -0.04100 -0.83909 -0.54244
vn -0.04100 -0.83909 -0.54244
vn -0.04100 -0.83909 -0.54244
vn -0.04100 -0.83909 -0.54244
vn -0.01250 0.02747 -0.99954
vn -0.01250 0.02747 -0.99954
vn -0.01250 0.02747 -0.99954
vn -0.01250 0.02747 -0.99954
vn 0.00000 -1.00000 0.00000
vn 0.00000 -1.00000 0.00000
vn 0.00000 -1.00000 0.00000
vn 0.00000 -1.00000 0.00000
vn -0.00000 1.00000 -0.00000
vn -0.00000 1.00000 -0.00000
vn -0.00000 1.00000 -0.00000
vn 0.99997 -0.00719 0.00000
vn 1.00000 0.00177 -0.00000
vn 1.00000 0.00177 -0.00000
vn -0.98807 0.00182 -0.15403
vn -0.98768 0.00601 -0.15637
vn -0.98768 0.00601 -0.15637
vn 0.10151 0.67427 -0.73147
vn 0.10151 0.67427 -0.73147
vn 0.10151 0.67427 -0.73147
vn 0.10151 0.67427 -0.73147
vn -0.00395 0.05309 -0.99858
vn -0.00395 0.05309 -0.99858
vn -0.00395 0.05309 -0.99858
vn -0.00395 0.05309 -0.99858
vn -0.00395 0.05309 -0.99858
vn 0.04625 -0.99893 0.00000
vn 0.04625 -0.99893 0.00000
vn 0.04625 -0.99893 0.00000
vn 0.04625 -0.99893 0.00000
vn 0.00000 -1.00000 0.00000
vn 0.00000 -1.00000 0.00000
vn -0.93217 0.01029 -0.36188
vn -0.93217 0.01029 -0.36188
vn -0.93217 0.01029 -0.36188
vn -0.93217 0.01029 -0.36188
vn 0.89122 0.01801 -0.45321
vn 0.89122 0.01801 -0.45321
vn 0.89122 0.01801 -0.45321
vn 0.89122 0.01801 -0.45321
vn -0.03041 -0.91649 -0.39891
vn -0.03041 -0.91649 -0.39891
vn -0.03041 -0.91649 -0.39891
vn -0.03041 -0.91649 -0.39891
vn 0.09372 -0.80197 -0.58997
vn 0.09372 -0.80197 -0.58997
vn 0.09372 -0.80197 -0.58997
vn 0.09372 -0.80197 -0.58997
vn 0.00079 0.98253 -0.18610
vn 0.00079 0.98253 -0.18610
vn 0.00079 0.98253 -0.18610
vn 0.00018 0.98872 -0.14975
vn -0.00170 0.99933 -0.03647
vn 0.00713 0.99997 -0.00000
vn 0.00713 0.99997 -0.00000
vn 0.00713 0.99997 -0.00000
vn 0.00713 0.99997 -0.00000
vn 0.99966 -0.02626 0.00000
vn 0.99966 -0.02626 0.00000
vn 0.99966 -0.02626 0.00000
vn 0.99966 -0.02626 0.00000
vn -0.18787 0.66570 -0.72218
vn -0.18787 0.66570 -0.72218
vn -0.18787 0.66570 -0.72218
vn -0.18787 0.66570 -0.72218
vn 0.00092 0.05275 -0.99861
vn 0.00092 0.05275 -0.99861
vn 0.00092 0.05275 -0.99861
vn 0.00092 0.05275 -0.99861
vn 0.00092 0.05275 -0.99861
vn 0.00019 0.98861 0.15050
vn -0.00644 0.97580 -0.21859
vn -0.00644 0.97580 -0.21859
vn -0.00644 0.97580 -0.21859
vn -0.00644 0.97580 -0.21859
vn -0.00644 0.97580 -0.21859
vn -1.00000 -0.00000 0.00000
vn -1.00000 -0.00000 0.00000
vn -1.00000 -0.00000 0.00000
vn -1.00000 -0.00000 0.00000
vn 0.00296 -1.00000 0.00000
vn 0.00296 -1.00000 0.00000
vn 0.00296 -1.00000 0.00000
vn 0.00296 -1.00000 0.00000
vn -0.00361 0.99999 -0.00000
vn -0.00361 0.99999 -0.00000
vn -0.00361 0.99999 -0.00000
vn -0.00361 0.99999 -0.00000
vn 0.00428 -0.05504 -0.99847
vn 0.00428 -0.05504 -0.99847
vn 0.00428 -0.05504 -0.99847
vn 0.00428 -0.05504 -0.99847
vn 0.00428 -0.05504 -0.99847
vn 0.93218 -0.01064 -0.36183
vn 0.93218 -0.01064 -0.36183
vn 0.93218 -0.01064 -0.36183
vn 0.93218 -0.01064 -0.36183
vn -0.89126 -0.01863 -0.45312
vn -0.89126 -0.01863 -0.45312
vn -0.89126 -0.01863 -0.45312
vn -0.89126 -0.01863 -0.45312
vn 0.03754 0.91614 -0.39909
vn 0.03754 0.91614 -0.39909
vn 0.03754 0.91614 -0.39909
vn 0.03754 0.91614 -0.39909
vn -0.09372 0.80197 -0.58997
vn -0.09372 0.80197 -0.58997
vn -0.09372 0.80197 -0.58997
vn -0.09372 0.80197 -0.58997
vn -0.00098 -0.98099 -0.19407
vn -0.00098 -0.98099 -0.19407
vn -0.00098 -0.98099 -0.19407
vn -0.00019 -0.98810 -0.15384
vn 0.00201 -0.99915 -0.04129
vn -0.00713 -0.99997 0.00000
vn -0.00713 -0.99997 0.00000
vn -0.00713 -0.99997 0.00000
vn -0.00713 -0.99997 0.00000
vn -0.99963 0.02714 -0.00000
vn -0.99963 0.02714 -0.00000
vn -0.99963 0.02714 -0.00000
vn -0.99963 0.02714 -0.00000
vn -0.04625 0.99893 0.00000
vn -0.04625 0.99893 0.00000
vn -0.04625 0.99893 0.00000
vn -0.04625 0.99893 0.00000
vn -0.00126 -0.05468 -0.99850
vn -0.00126 -0.05468 -0.99850
vn -0.00126 -0.05468 -0.99850
vn -0.00126 -0.05468 -0.99850
vn -0.00126 -0.05468 -0.99850
vn -0.00019 -0.98810 0.15384
vn 0.00644 -0.97579 -0.21859
vn 0.00644 -0.97579 -0.21859
vn 0.00644 -0.97579 -0.21859
vn 0.00644 -0.97579 -0.21859
vn 0.00644 -0.97579 -0.21859
vn 1.00000 -0.00000 0.00000
vn 1.00000 -0.00000 0.00000
vn 1.00000 -0.00000 0.00000
vn 1.00000 -0.00000 0.00000
vn -0.99999 -0.00397 0.00000
vn -1.00000 -0.00300 -0.00000
vn -0.99999 -0.00397 0.00000
vn 0.00494 0.93302 -0.35980
vn 0.00494 0.93302 -0.35980
vn 0.00494 0.93302 -0.35980
vn 0.00494 0.93302 -0.35980
vn 0.96521 0.00751 -0.26135
vn 0.96521 0.00751 -0.26135
vn 0.96521 0.00751 -0.26135
vn 0.96521 0.00751 -0.26135
vn 1.00000 0.00021 -0.00000
vn 1.00000 0.00021 -0.00000
vn 1.00000 0.00021 -0.00000
vn 1.00000 0.00021 -0.00000
vn 0.02342 0.00003 -0.99973
vn 0.02342 0.00003 -0.99973
vn 0.02342 0.00003 -0.99973
vn 0.02342 0.00003 -0.99973
vn 0.01526 -0.92336 -0.38363
vn 0.01526 -0.92336 -0.38363
vn 0.01526 -0.92336 -0.38363
vn 0.01526 -0.92336 -0.38363
vn -0.88809 0.01543 -0.45941
vn -0.88809 0.01543 -0.45941
vn -0.88809 0.01543 -0.45941
vn -0.88809 0.01543 -0.45941
vn -0.99993 0.01153 -0.00000
vn -0.99993 0.01153 -0.00000
vn -0.99993 0.01153 -0.00000
vn -0.99993 0.01153 -0.00000
vn 0.00669 -0.99998 0.00000
vn 0.00669 -0.99998 0.00000
vn 0.00669 -0.99998 0.00000
vn 0.00669 -0.99998 0.00000
vn 0.00428 -0.05504 -0.99847
vn 0.00428 -0.05504 -0.99847
vn 0.00428 -0.05504 -0.99847
vn 0.00428 -0.05504 -0.99847
vn 0.00428 -0.05504 -0.99847
vn -0.00000 1.00000 -0.00000
vn -0.00000 1.00000 -0.00000
vn -0.00000 1.00000 -0.00000
vn -0.00000 1.00000 -0.00000
vn 0.93218 -0.01064 -0.36183
vn 0.93218 -0.01064 -0.36183
vn 0.93218 -0.01064 -0.36183
vn 0.93218 -0.01064 -0.36183
vn -0.89126 -0.01863 -0.45312
vn -0.89126 -0.01863 -0.45312
vn -0.89126 -0.01863 -0.45312
vn -0.89126 -0.01863 -0.45312
vn 0.03754 0.91614 -0.39909
vn 0.03754 0.91614 -0.39909
vn 0.03754 0.91614 -0.39909
vn 0.03754 0.91614 -0.39909
vn -0.09372 0.80197 -0.58996
vn -0.09372 0.80197 -0.58996
vn -0.09372 0.80197 -0.58996
vn -0.09372 0.80197 -0.58996
vn -0.00098 -0.98099 -0.19407
vn -0.00019 -0.98810 -0.15384
vn 0.00201 -0.99915 -0.04129
vn -0.00098 -0.98099 -0.19407
vn -0.00098 -0.98099 -0.19407
vn -0.00713 -0.99997 0.00000
vn -0.00713 -0.99997 0.00000
vn -0.00713 -0.99997 0.00000
vn -0.00713 -0.99997 0.00000
vn -0.99963 0.02714 -0.00000
vn -0.99963 0.02714 -0.00000
vn -0.99963 0.02714 -0.00000
vn -0.99963 0.02714 -0.00000
vn -0.04625 0.99893 -0.00000
vn -0.04625 0.99893 -0.00000
vn -0.04625 0.99893 -0.00000
vn -0.04625 0.99893 -0.00000
vn -0.00126 -0.05468 -0.99850
vn -0.00126 -0.05468 -0.99850
vn -0.00126 -0.05468 -0.99850
vn -0.00126 -0.05468 -0.99850
vn -0.00126 -0.05468 -0.99850
vn -0.00019 -0.98810 0.15384
vn 0.00644 -0.97579 -0.21860
vn 0.00644 -0.97579 -0.21860
vn 0.00644 -0.97579 -0.21860
vn 0.00644 -0.97579 -0.21860
vn 0.00644 -0.97579 -0.21860
vn 1.00000 0.00000 -0.00000
vn 1.00000 0.00000 -0.00000
vn 1.00000 0.00000 -0.00000
vn 1.00000 0.00000 -0.00000
vn -0.00000 -0.00000 -1.00000
vn -0.00000 -0.00000 -1.00000
vn -0.00000 -0.00000 -1.00000
vn 0.00000 -1.00000 0.00000
vn 0.00000 -1.00000 0.00000
vn 0.00000 -1.00000 0.00000
vn 0.98147 -0.00224 -0.19161
vn 1.00000 -0.00098 0.00040
vn 0.98983 -0.00360 -0.14222
vn 0.03342 -0.84171 -0.53889
vn 0.03342 -0.84171 -0.53889
vn 0.03342 -0.84171 -0.53889
vn 0.03342 -0.84171 -0.53889
vn 0.99998 0.00568 -0.00000
vn -0.06631 0.89396 -0.44321
vn -0.06631 0.89396 -0.44321
vn -0.06631 0.89396 -0.44321
vn -0.06631 0.89396 -0.44321
vn 0.02177 -0.06575 -0.99760
vn 0.02177 -0.06575 -0.99760
vn 0.02177 -0.06575 -0.99760
vn -0.11971 -0.05883 -0.99106
vn -0.11971 -0.05883 -0.99106
vn -0.11971 -0.05883 -0.99106
vn -0.11971 -0.05883 -0.99106
vn -0.00000 1.00000 -0.00000
vn -0.00000 1.00000 -0.00000
vn -0.00000 1.00000 -0.00000
vn -0.00000 1.00000 -0.00000
vn -0.00000 1.00000 -0.00000
vn -0.00000 1.00000 -0.00000
vn -0.41217 -0.04207 -0.91014
vn -0.41217 -0.04207 -0.91014
vn -0.41217 -0.04207 -0.91014
vn -0.41217 -0.04207 -0.91014
vn -0.74705 0.06691 -0.66139
vn -0.74705 0.06691 -0.66139
vn -0.74705 0.06691 -0.66139
vn -0.74705 0.06691 -0.66139
vn -0.00361 0.99999 -0.00000
vn -0.00361 0.99999 -0.00000
vn -0.00361 0.99999 -0.00000
vn -0.00361 0.99999 -0.00000
vn 0.00000 -1.00000 0.00000
vn 0.00000 -1.00000 0.00000
vn 0.00000 -1.00000 0.00000
vn 0.96194 0.03877 -0.27051
vn 0.96194 0.03877 -0.27051
vn 0.96194 0.03877 -0.27051
vn 0.96194 0.03877 -0.27051
vn -0.00927 -0.94292 -0.33288
vn -0.00927 -0.94292 -0.33288
vn -0.00927 -0.94292 -0.33288
vn -0.00927 -0.94292 -0.33288
vn -0.00000 -0.00000 -1.00000
vn -0.00000 -0.00000 -1.00000
vn -0.00000 -0.00000 -1.00000
vn 0.02514 0.87300 -0.48707
vn 0.02514 0.87300 -0.48707
vn 0.02514 0.87300 -0.48707
vn 0.02514 0.87300 -0.48707
vn 0.98147 -0.00224 0.19161
vn 0.99998 0.00568 -0.00000
vn 0.98147 -0.00224 -0.19161
vn -1.00000 -0.00305 0.00000
vn -1.00000 0.00098 -0.00000
vn -1.00000 0.00098 -0.00000
vn 0.00395 0.05309 0.99858
vn 0.00395 0.05309 0.99858
vn 0.00395 0.05309 0.99858
vn 0.00395 0.05309 0.99858
vn 0.00395 0.05309 0.99858
vn 0.93652 0.00965 0.35049
vn 0.93652 0.00965 0.35049
vn 0.93652 0.00965 0.35049
vn 0.93652 0.00965 0.35049
vn -0.89122 0.01801 0.45321
vn -0.89122 0.01801 0.45321
vn -0.89122 0.01801 0.45321
vn -0.89122 0.01801 0.45321
vn 0.04541 -0.91588 0.39887
vn 0.04541 -0.91588 0.39887
vn 0.04541 -0.91588 0.39887
vn 0.04541 -0.91588 0.39887
vn -0.09372 -0.80197 0.58996
vn -0.09372 -0.80197 0.58996
vn -0.09372 -0.80197 0.58996
vn -0.09372 -0.80197 0.58996
vn -0.00121 0.97917 0.20306
vn -0.00020 0.98732 0.15875
vn -0.00151 0.99930 0.03740
vn 0.00269 0.97749 0.21099
vn -0.00121 0.97917 0.20306
vn -0.00142 0.05277 0.99861
vn -0.00142 0.05277 0.99861
vn -0.00142 0.05277 0.99861
vn -0.00142 0.05277 0.99861
vn -0.00142 0.05277 0.99861
vn 0.00644 0.97579 0.21860
vn 0.00644 0.97579 0.21860
vn 0.00644 0.97579 0.21860
vn 0.01645 -0.05883 0.99813
vn 0.01645 -0.05883 0.99813
vn 0.01645 -0.05883 0.99813
vn 0.01645 -0.05883 0.99813
vn -0.10503 0.92709 0.35983
vn -0.10503 0.92709 0.35983
vn -0.10503 0.92709 0.35983
vn -0.10503 0.92709 0.35983
vn 0.01694 0.04662 0.99877
vn 0.01694 0.04662 0.99877
vn 0.01694 0.04662 0.99877
vn 0.01694 0.04662 0.99877
vn 0.02280 -0.90052 0.43422
vn 0.02280 -0.90052 0.43422
vn 0.02280 -0.90052 0.43422
vn 0.02280 -0.90052 0.43422
vn 0.98844 0.00250 0.15161
vn 0.99348 0.00046 0.11396
vn 0.99997 0.00096 0.00744
vn 0.98807 -0.00182 0.15403
vn -0.93500 -0.07377 0.34688
vn -0.93500 -0.07377 0.34688
vn -0.93500 -0.07377 0.34688
vn -0.93500 -0.07377 0.34688
vn 0.01251 0.02252 0.99967
vn 0.01251 0.02252 0.99967
vn 0.01251 0.02252 0.99967
vn 0.01251 0.02252 0.99967
vn -0.86398 0.05418 0.50060
vn -0.86398 0.05418 0.50060
vn -0.86398 0.05418 0.50060
vn -0.86398 0.05418 0.50060
vn -0.13150 -0.93081 0.34103
vn -0.13150 -0.93081 0.34103
vn -0.13150 -0.93081 0.34103
vn -0.13150 -0.93081 0.34103
vn 0.04100 0.83909 0.54244
vn 0.04100 0.83909 0.54244
vn 0.04100 0.83909 0.54244
vn 0.04100 0.83909 0.54244
vn 0.01250 -0.02747 0.99954
vn 0.01250 -0.02747 0.99954
vn 0.01250 -0.02747 0.99954
vn 0.01250 -0.02747 0.99954
vn 0.98768 -0.00601 0.15637
vn 0.98768 -0.00601 0.15637
vn -0.10151 -0.67427 0.73147
vn -0.10151 -0.67427 0.73147
vn -0.10151 -0.67427 0.73147
vn -0.10151 -0.67427 0.73147
vn 0.00395 -0.05309 0.99858
vn 0.00395 -0.05309 0.99858
vn 0.00395 -0.05309 0.99858
vn 0.00395 -0.05309 0.99858
vn 0.00395 -0.05309 0.99858
vn 0.93217 0.01029 0.36188
vn 0.93217 0.01029 0.36188
vn 0.93217 0.01029 0.36188
vn 0.93217 0.01029 0.36188
vn -0.00191 0.96883 0.24771
vn -0.00173 0.96902 0.24697
vn -0.00176 0.96899 0.24709
vn -0.00191 0.96883 0.24771
vn 0.06616 -0.91429 0.39961
vn 0.06616 -0.91429 0.39961
vn 0.06616 -0.91429 0.39961
vn 0.06616 -0.91429 0.39961
vn -0.00220 0.05280 0.99860
vn -0.00220 0.05280 0.99860
vn -0.00220 0.05280 0.99860
vn -0.00220 0.05280 0.99860
vn -0.04828 -0.82517 0.56281
vn -0.04828 -0.82517 0.56281
vn -0.04828 -0.82517 0.56281
vn -0.04828 -0.82517 0.56281
vn -0.90527 0.04106 0.42285
vn -0.90527 0.04106 0.42285
vn -0.90527 0.04106 0.42285
vn -0.90527 0.04106 0.42285
vn 0.00238 0.05251 0.99862
vn 0.00238 0.05251 0.99862
vn 0.00238 0.05251 0.99862
vn 0.00238 0.05251 0.99862
vn 0.00238 0.05251 0.99862
vn 0.00597 0.97681 0.21401
vn 0.00597 0.97681 0.21401
vn 0.00597 0.97681 0.21401
vn 0.93217 -0.01029 0.36188
vn 0.93217 -0.01029 0.36188
vn 0.93217 -0.01029 0.36188
vn 0.93217 -0.01029 0.36188
vn -0.89122 -0.01801 0.45321
vn -0.89122 -0.01801 0.45321
vn -0.89122 -0.01801 0.45321
vn -0.89122 -0.01801 0.45321
vn 0.03041 0.91649 0.39890
vn 0.03041 0.91649 0.39890
vn 0.03041 0.91649 0.39890
vn 0.03041 0.91649 0.39890
vn -0.09372 0.80197 0.58996
vn -0.09372 0.80197 0.58996
vn -0.09372 0.80197 0.58996
vn -0.09372 0.80197 0.58996
vn -0.00079 -0.98253 0.18610
vn 0.00290 -0.97923 0.20272
vn 0.00189 -0.99792 0.06443
vn 0.18787 -0.66570 0.72218
vn 0.18787 -0.66570 0.72218
vn 0.18787 -0.66570 0.72218
vn 0.18787 -0.66570 0.72218
vn -0.00092 -0.05275 0.99861
vn -0.00092 -0.05275 0.99861
vn -0.00092 -0.05275 0.99861
vn -0.00092 -0.05275 0.99861
vn -0.00092 -0.05275 0.99861
vn -0.00079 -0.98253 0.18610
vn 0.00644 -0.97579 0.21859
vn 0.00644 -0.97579 0.21859
vn 0.00644 -0.97579 0.21859
vn 0.93159 -0.01073 0.36336
vn 0.93159 -0.01073 0.36336
vn 0.93159 -0.01073 0.36336
vn 0.93159 -0.01073 0.36336
vn 0.01433 -0.94423 0.32898
vn 0.01433 -0.94423 0.32898
vn 0.01433 -0.94423 0.32898
vn 0.01433 -0.94423 0.32898
vn -0.92245 -0.03768 0.38427
vn -0.92245 -0.03768 0.38427
vn -0.92245 -0.03768 0.38427
vn -0.92245 -0.03768 0.38427
vn 0.01805 0.87806 0.47822
vn 0.01805 0.87806 0.47822
vn 0.01805 0.87806 0.47822
vn 0.01805 0.87806 0.47822
vn 0.00063 -0.05650 0.99840
vn 0.00063 -0.05650 0.99840
vn 0.00063 -0.05650 0.99840
vn 0.00063 -0.05650 0.99840
vn -0.00591 -0.93301 0.35981
vn -0.00591 -0.93301 0.35981
vn -0.00591 -0.93301 0.35981
vn -0.00591 -0.93301 0.35981
vn -0.95335 -0.02358 0.30095
vn -0.95335 -0.02358 0.30095
vn -0.95335 -0.02358 0.30095
vn -0.95335 -0.02358 0.30095
vn -0.95335 -0.02358 0.30095
vn -0.02858 -0.00056 0.99959
vn -0.02858 -0.00056 0.99959
vn -0.02858 -0.00056 0.99959
vn -0.02858 -0.00056 0.99959
vn -0.02858 -0.00056 0.99959
vn -0.01785 0.92389 0.38224
vn -0.01785 0.92389 0.38224
vn -0.01785 0.92389 0.38224
vn -0.01785 0.92389 0.38224
vn 0.88808 -0.01614 0.45941
vn 0.88808 -0.01614 0.45941
vn 0.88808 -0.01614 0.45941
vn 0.88808 -0.01614 0.45941
vn -0.00428 0.05504 0.99847
vn -0.00428 0.05504 0.99847
vn -0.00428 0.05504 0.99847
vn -0.00428 0.05504 0.99847
vn -0.00428 0.05504 0.99847
vn -0.93218 0.01064 0.36183
vn -0.93218 0.01064 0.36183
vn -0.93218 0.01064 0.36183
vn -0.93218 0.01064 0.36183
vn 0.89126 0.01863 0.45312
vn 0.89126 0.01863 0.45312
vn 0.89126 0.01863 0.45312
vn 0.89126 0.01863 0.45312
vn -0.03754 -0.91614 0.39909
vn -0.03754 -0.91614 0.39909
vn -0.03754 -0.91614 0.39909
vn -0.03754 -0.91614 0.39909
vn 0.09372 -0.80197 0.58996
vn 0.09372 -0.80197 0.58996
vn 0.09372 -0.80197 0.58996
vn 0.09372 -0.80197 0.58996
vn 0.00098 0.98099 0.19408
vn -0.00280 0.97842 0.20660
vn -0.00232 0.99779 0.06642
vn 0.00126 0.05468 0.99850
vn 0.00126 0.05468 0.99850
vn 0.00126 0.05468 0.99850
vn 0.00126 0.05468 0.99850
vn 0.00126 0.05468 0.99850
vn -0.00644 0.97579 0.21859
vn 0.00098 0.98099 0.19408
vn -0.00644 0.97579 0.21859
vn -0.00644 0.97579 0.21859
vn -0.98147 0.00224 0.19161
vn -0.98983 0.00360 0.14222
vn -0.99973 0.00073 0.02306
vn -0.02331 0.80097 0.59825
vn -0.02331 0.80097 0.59825
vn -0.02331 0.80097 0.59825
vn -0.02331 0.80097 0.59825
vn -0.02331 0.80097 0.59825
vn 0.12828 -0.91623 0.37957
vn 0.12828 -0.91623 0.37957
vn 0.12828 -0.91623 0.37957
vn 0.12828 -0.91623 0.37957
vn 0.00000 0.00000 1.00000
vn 0.00000 0.00000 1.00000
vn 0.00000 0.00000 1.00000
vn 0.00000 0.00000 1.00000
vn 0.00000 0.00000 1.00000
vn 0.00000 0.00000 1.00000
vn 0.00000 0.00000 1.00000
vn 0.00000 0.00000 1.00000
vn 0.00000 0.00000 1.00000
vn 0.47697 0.04456 0.87779
vn 0.47697 0.04456 0.87779
vn 0.47697 0.04456 0.87779
vn 0.47697 0.04456 0.87779
vn 0.81809 -0.05685 0.57227
vn 0.81809 -0.05685 0.57227
vn 0.81809 -0.05685 0.57227
vn 0.81809 -0.05685 0.57227
vn 0.00927 0.94292 0.33288
vn 0.00927 0.94292 0.33288
vn 0.00927 0.94292 0.33288
vn 0.00927 0.94292 0.33288
vn 0.00000 0.00000 1.00000
vn -0.01803 -0.87268 0.48796
vn -0.01803 -0.87268 0.48796
vn -0.01803 -0.87268 0.48796
vn -0.01803 -0.87268 0.48796
vn 0.94515 -0.00928 0.32652
vn 0.94515 -0.00928 0.32652
vn 0.94515 -0.00928 0.32652
vn 0.94515 -0.00928 0.32652
vn -0.00214 -0.96883 0.24771
vn -0.00214 -0.96883 0.24771
vn -0.00196 -0.96898 0.24715
vn 0.07430 0.91377 0.39939
vn 0.07430 0.91377 0.39939
vn 0.07430 0.91377 0.39939
vn 0.07430 0.91377 0.39939
vn -0.00247 -0.05280 0.99860
vn -0.00247 -0.05280 0.99860
vn -0.00247 -0.05280 0.99860
vn -0.00247 -0.05280 0.99860
vn -0.05827 0.82282 0.56531
vn -0.05827 0.82282 0.56531
vn -0.05827 0.82282 0.56531
vn -0.05827 0.82282 0.56531
vn -0.91181 -0.03766 0.40888
vn -0.91181 -0.03766 0.40888
vn -0.91181 -0.03766 0.40888
vn -0.91181 -0.03766 0.40888
vn 0.00289 -0.05251 0.99862
vn 0.00289 -0.05251 0.99862
vn 0.00289 -0.05251 0.99862
vn 0.00289 -0.05251 0.99862
vn 0.00289 -0.05251 0.99862
vn -0.00292 -0.93298 0.35991
vn -0.00292 -0.93298 0.35991
vn -0.00292 -0.93298 0.35991
vn -0.00292 -0.93298 0.35991
vn -0.96521 -0.00751 0.26135
vn -0.96521 -0.00751 0.26135
vn -0.96521 -0.00751 0.26135
vn -0.96521 -0.00751 0.26135
vn -0.01352 -0.00002 0.99991
vn -0.01352 -0.00002 0.99991
vn -0.01352 -0.00002 0.99991
vn -0.01352 -0.00002 0.99991
vn -0.00907 0.92318 0.38426
vn -0.00907 0.92318 0.38426
vn -0.00907 0.92318 0.38426
vn -0.00907 0.92318 0.38426
vn 0.88809 -0.01543 0.45941
vn 0.88809 -0.01543 0.45941
vn 0.88809 -0.01543 0.45941
vn 0.88809 -0.01543 0.45941
vn -0.00428 0.05504 0.99847
vn -0.00428 0.05504 0.99847
vn -0.00428 0.05504 0.99847
vn -0.00428 0.05504 0.99847
vn -0.00428 0.05504 0.99847
vn -0.93218 0.01064 0.36183
vn -0.93218 0.01064 0.36183
vn -0.93218 0.01064 0.36183
vn -0.93218 0.01064 0.36183
vn 0.89126 0.01863 0.45312
vn 0.89126 0.01863 0.45312
vn 0.89126 0.01863 0.45312
vn 0.89126 0.01863 0.45312
vn -0.03754 -0.91614 0.39909
vn -0.03754 -0.91614 0.39909
vn -0.03754 -0.91614 0.39909
vn -0.03754 -0.91614 0.39909
vn 0.09372 -0.80197 0.58997
vn 0.09372 -0.80197 0.58997
vn 0.09372 -0.80197 0.58997
vn 0.09372 -0.80197 0.58997
vn 0.00098 0.98099 0.19407
vn -0.00280 0.97842 0.20660
vn -0.00232 0.99779 0.06642
vn 0.00126 0.05468 0.99850
vn 0.00126 0.05468 0.99850
vn 0.00126 0.05468 0.99850
vn 0.00126 0.05468 0.99850
vn 0.00126 0.05468 0.99850
vn 0.00098 0.98099 0.19407
vn -0.00644 0.97579 0.21859
vn -0.00644 0.97579 0.21859
vn -0.00644 0.97579 0.21859
vn -0.00000 0.00000 1.00000
vn -0.00000 0.00000 1.00000
vn -0.00000 0.00000 1.00000
vn -0.00000 0.00000 1.00000
vn -0.98147 0.00224 0.19161
vn -0.98983 0.00360 0.14222
vn -1.00000 0.00098 -0.00040
vn -0.00197 -0.96897 0.24717
vn 0.00724 -0.97579 0.21859
vn 0.00724 -0.97579 0.21859
vn 0.00724 -0.97579 0.21859
vn -0.03342 0.84171 0.53889
vn -0.03342 0.84171 0.53889
vn -0.03342 0.84171 0.53889
vn -0.03342 0.84171 0.53889
vn 0.06631 -0.89396 0.44322
vn 0.06631 -0.89396 0.44322
vn 0.06631 -0.89396 0.44322
vn 0.06631 -0.89396 0.44322
vn -0.02177 0.06575 0.99760
vn -0.02177 0.06575 0.99760
vn -0.02177 0.06575 0.99760
vn 0.11971 0.05883 0.99106
vn 0.11971 0.05883 0.99106
vn 0.11971 0.05883 0.99106
vn 0.41217 0.04207 0.91014
vn 0.41217 0.04207 0.91014
vn 0.41217 0.04207 0.91014
vn 0.41217 0.04207 0.91014
vn 0.74705 -0.06691 0.66139
vn 0.74705 -0.06691 0.66139
vn 0.74705 -0.06691 0.66139
vn 0.74705 -0.06691 0.66139
vn -0.96194 -0.03877 0.27050
vn -0.96194 -0.03877 0.27050
vn -0.96194 -0.03877 0.27050
vn -0.96194 -0.03877 0.27050
vn 0.00927 0.94292 0.33288
vn 0.00927 0.94292 0.33288
vn 0.00927 0.94292 0.33288
vn 0.00927 0.94292 0.33288
vn 0.00000 0.00000 1.00000
vn 0.00000 0.00000 1.00000
vn -0.02514 -0.87300 0.48707
vn -0.02514 -0.87300 0.48707
vn -0.02514 -0.87300 0.48707
vn -0.02514 -0.87300 0.48707
vn 0.00395 0.05309 -0.99858
vn 0.00395 0.05309 -0.99858
vn 0.00395 0.05309 -0.99858
vn 0.00395 0.05309 -0.99858
vn 0.00395 0.05309 -0.99858
vn 0.93652 0.00965 -0.35049
vn 0.93652 0.00965 -0.35049
vn 0.93652 0.00965 -0.35049
vn 0.93652 0.00965 -0.35049
vn -0.89122 0.01801 -0.45321
vn -0.89122 0.01801 -0.45321
vn -0.89122 0.01801 -0.45321
vn -0.89122 0.01801 -0.45321
vn 0.04541 -0.91588 -0.39887
vn 0.04541 -0.91588 -0.39887
vn 0.04541 -0.91588 -0.39887
vn 0.04541 -0.91588 -0.39887
vn -0.09372 -0.80197 -0.58996
vn -0.09372 -0.80197 -0.58996
vn -0.09372 -0.80197 -0.58996
vn -0.09372 -0.80197 -0.58996
vn -0.00121 0.97917 -0.20306
vn 0.00269 0.97749 -0.21099
vn -0.00151 0.99930 -0.03740
vn -0.00713 0.99997 -0.00000
vn -0.00713 0.99997 -0.00000
vn -0.99966 -0.02626 0.00000
vn -0.99966 -0.02626 0.00000
vn -0.99966 -0.02626 0.00000
vn -0.99966 -0.02626 0.00000
vn -0.04625 -0.99893 0.00000
vn -0.04625 -0.99893 0.00000
vn -0.04625 -0.99893 0.00000
vn -0.04625 -0.99893 0.00000
vn -0.00142 0.05277 -0.99861
vn -0.00142 0.05277 -0.99861
vn -0.00142 0.05277 -0.99861
vn -0.00142 0.05277 -0.99861
vn -0.00142 0.05277 -0.99861
vn -0.00018 0.98743 -0.15803
vn 0.00644 0.97579 -0.21859
vn 0.00644 0.97579 -0.21859
vn 0.00644 0.97579 -0.21859
vn -0.00121 0.97917 -0.20306
vn 1.00000 0.00000 -0.00000
vn 1.00000 0.00000 -0.00000
vn 1.00000 0.00000 -0.00000
vn 1.00000 0.00000 -0.00000
vn 0.01645 -0.05883 -0.99813
vn 0.01645 -0.05883 -0.99813
vn 0.01645 -0.05883 -0.99813
vn 0.01645 -0.05883 -0.99813
vn -0.10503 0.92709 -0.35983
vn -0.10503 0.92709 -0.35983
vn -0.10503 0.92709 -0.35983
vn -0.10503 0.92709 -0.35983
vn 0.01694 0.04662 -0.99877
vn 0.01694 0.04662 -0.99877
vn 0.01694 0.04662 -0.99877
vn 0.01694 0.04662 -0.99877
vn 0.99997 0.00743 -0.00000
vn 0.99997 0.00096 -0.00744
vn 0.99997 0.00743 -0.00000
vn 0.02280 -0.90052 -0.43422
vn 0.02280 -0.90052 -0.43422
vn 0.02280 -0.90052 -0.43422
vn 0.02280 -0.90052 -0.43422
vn -0.00432 -0.99999 0.00000
vn -0.00432 -0.99999 0.00000
vn -0.00432 -0.99999 0.00000
vn -0.00432 -0.99999 0.00000
vn -0.99997 0.00719 -0.00000
vn -0.99999 0.00546 0.00000
vn -0.99997 0.00719 -0.00000
vn 0.00000 -1.00000 0.00000
vn 0.00000 -1.00000 0.00000
vn 0.00000 -1.00000 0.00000
vn -0.93500 -0.07377 -0.34688
vn -0.93500 -0.07377 -0.34688
vn -0.93500 -0.07377 -0.34688
vn -0.93500 -0.07377 -0.34688
vn 0.99348 0.00046 -0.11396
vn 0.98844 0.00251 -0.15161
vn 0.01251 0.02252 -0.99967
vn 0.01251 0.02252 -0.99967
vn 0.01251 0.02252 -0.99967
vn 0.01251 0.02252 -0.99967
vn -0.86398 0.05418 -0.50060
vn -0.86398 0.05418 -0.50060
vn -0.86398 0.05418 -0.50060
vn -0.86398 0.05418 -0.50060
vn -0.13150 -0.93081 -0.34103
vn -0.13150 -0.93081 -0.34103
vn -0.13150 -0.93081 -0.34103
vn -0.13150 -0.93081 -0.34103
vn 0.04100 0.83909 -0.54244
vn 0.04100 0.83909 -0.54244
vn 0.04100 0.83909 -0.54244
vn 0.04100 0.83909 -0.54244
vn 0.01250 -0.02747 -0.99954
vn 0.01250 -0.02747 -0.99954
vn 0.01250 -0.02747 -0.99954
vn 0.01250 -0.02747 -0.99954
vn -0.00000 1.00000 -0.00000
vn -0.00000 1.00000 -0.00000
vn -0.00000 1.00000 -0.00000
vn -0.00000 1.00000 -0.00000
vn 0.00000 -1.00000 0.00000
vn 0.00000 -1.00000 0.00000
vn 0.00000 -1.00000 0.00000
vn -0.99999 0.00546 -0.00000
vn -1.00000 -0.00177 0.00000
vn -1.00000 -0.00177 0.00000
vn 0.98807 -0.00182 -0.15403
vn 0.98768 -0.00601 -0.15637
vn 0.98768 -0.00601 -0.15637
vn -0.10151 -0.67427 -0.73147
vn -0.10151 -0.67427 -0.73147
vn -0.10151 -0.67427 -0.73147
vn -0.10151 -0.67427 -0.73147
vn 0.00395 -0.05309 -0.99858
vn 0.00395 -0.05309 -0.99858
vn 0.00395 -0.05309 -0.99858
vn 0.00395 -0.05309 -0.99858
vn 0.00395 -0.05309 -0.99858
vn 0.93217 0.01029 -0.36188
vn 0.93217 0.01029 -0.36188
vn 0.93217 0.01029 -0.36188
vn 0.93217 0.01029 -0.36188
vn -0.04625 0.99893 -0.00000
vn -0.04625 0.99893 -0.00000
vn -0.04625 0.99893 -0.00000
vn -0.04625 0.99893 -0.00000
vn -0.00607 -0.99998 0.00000
vn -0.00464 -0.99999 0.00000
vn -0.00607 -0.99998 0.00000
vn -0.00191 0.96883 -0.24771
vn -0.00191 0.96883 -0.24771
vn -0.00191 0.96883 -0.24771
vn -0.00191 0.96883 -0.24771
vn 0.06616 -0.91429 -0.39961
vn 0.06616 -0.91429 -0.39961
vn 0.06616 -0.91429 -0.39961
vn 0.06616 -0.91429 -0.39961
vn -0.00675 0.99998 -0.00000
vn -0.00589 0.99998 0.00001
vn -0.00675 0.99998 -0.00000
vn -0.00589 0.99998 -0.00001
vn 0.00478 0.99999 -0.00000
vn 0.00478 0.99999 -0.00000
vn -0.00220 0.05280 -0.99860
vn -0.00220 0.05280 -0.99860
vn -0.00220 0.05280 -0.99860
vn -0.00220 0.05280 -0.99860
vn -0.04828 -0.82517 -0.56281
vn -0.04828 -0.82517 -0.56281
vn -0.04828 -0.82517 -0.56281
vn -0.04828 -0.82517 -0.56281
vn -0.90527 0.04106 -0.42285
vn -0.90527 0.04106 -0.42285
vn -0.90527 0.04106 -0.42285
vn -0.90527 0.04106 -0.42285
vn 0.00238 0.05251 -0.99862
vn 0.00238 0.05251 -0.99862
vn 0.00238 0.05251 -0.99862
vn 0.00238 0.05251 -0.99862
vn 0.00238 0.05251 -0.99862
vn -0.99999 0.00496 -0.00000
vn -0.99999 0.00496 -0.00000
vn -0.99999 0.00496 -0.00000
vn -0.99999 0.00496 -0.00000
vn -0.00469 -0.99999 0.00000
vn 0.00159 -1.00000 0.00000
vn 0.00159 -1.00000 0.00000
vn 0.00597 0.97681 -0.21401
vn 0.00597 0.97681 -0.21401
vn 0.00597 0.97681 -0.21401
vn 0.00597 0.97681 -0.21401
vn 0.00597 0.97681 -0.21401
vn -0.00000 1.00000 -0.00000
vn -0.00000 1.00000 -0.00000
vn 0.93217 -0.01029 -0.36188
vn 0.93217 -0.01029 -0.36188
vn 0.93217 -0.01029 -0.36188
vn 0.93217 -0.01029 -0.36188
vn -0.89122 -0.01801 -0.45321
vn -0.89122 -0.01801 -0.45321
vn -0.89122 -0.01801 -0.45321
vn -0.89122 -0.01801 -0.45321
vn 0.03041 0.91649 -0.39890
vn 0.03041 0.91649 -0.39890
vn 0.03041 0.91649 -0.39890
vn 0.03041 0.91649 -0.39890
vn -0.09372 0.80197 -0.58997
vn -0.09372 0.80197 -0.58997
vn -0.09372 0.80197 -0.58997
vn -0.09372 0.80197 -0.58997
vn -0.00079 -0.98253 -0.18610
vn -0.00019 -0.98861 -0.15050
vn 0.00170 -0.99933 -0.03647
vn -0.00079 -0.98253 -0.18610
vn -0.00079 -0.98253 -0.18610
vn -0.00713 -0.99997 0.00000
vn -0.00713 -0.99997 0.00000
vn -0.00713 -0.99997 0.00000
vn -0.00713 -0.99997 0.00000
vn -0.99966 0.02626 -0.00000
vn -0.99966 0.02626 -0.00000
vn -0.99966 0.02626 -0.00000
vn -0.99966 0.02626 -0.00000
vn 1.00000 -0.00000 0.00000
vn 1.00000 -0.00000 0.00000
vn 1.00000 -0.00000 0.00000
vn 1.00000 -0.00000 0.00000
vn 0.18787 -0.66570 -0.72218
vn 0.18787 -0.66570 -0.72218
vn 0.18787 -0.66570 -0.72218
vn 0.18787 -0.66570 -0.72218
vn -0.00092 -0.05275 -0.99861
vn -0.00092 -0.05275 -0.99861
vn -0.00092 -0.05275 -0.99861
vn -0.00092 -0.05275 -0.99861
vn -0.00092 -0.05275 -0.99861
vn -0.00019 -0.98861 0.15050
vn 0.00644 -0.97579 -0.21859
vn 0.00644 -0.97579 -0.21859
vn 0.00644 -0.97579 -0.21859
vn 0.00644 -0.97579 -0.21859
vn 0.00644 -0.97579 -0.21859
vn 1.00000 0.00000 -0.00000
vn 1.00000 0.00000 -0.00000
vn 1.00000 0.00000 -0.00000
vn 1.00000 0.00000 -0.00000
vn 0.93159 -0.01073 -0.36336
vn 0.93159 -0.01073 -0.36336
vn 0.93159 -0.01073 -0.36336
vn 0.93159 -0.01073 -0.36336
vn -0.00296 1.00000 -0.00000
vn -0.00296 1.00000 -0.00000
vn -0.00296 1.00000 -0.00000
vn -0.00296 1.00000 -0.00000
vn 0.01433 -0.94423 -0.32898
vn 0.01433 -0.94423 -0.32898
vn 0.01433 -0.94423 -0.32898
vn 0.01433 -0.94423 -0.32898
vn 0.00361 -0.99999 0.00000
vn 0.00361 -0.99999 0.00000
vn 0.00361 -0.99999 0.00000
vn 0.00361 -0.99999 0.00000
vn -0.92245 -0.03768 -0.38427
vn -0.92245 -0.03768 -0.38427
vn -0.92245 -0.03768 -0.38427
vn -0.92245 -0.03768 -0.38427
vn -0.99999 -0.00496 0.00000
vn -0.99999 -0.00496 0.00000
vn -0.99999 -0.00496 0.00000
vn -0.99999 -0.00496 0.00000
vn 0.01805 0.87806 -0.47822
vn 0.01805 0.87806 -0.47822
vn 0.01805 0.87806 -0.47822
vn 0.01805 0.87806 -0.47822
vn -0.00244 1.00000 -0.00000
vn -0.00244 1.00000 -0.00000
vn -0.00244 1.00000 -0.00000
vn -0.00244 1.00000 -0.00000
vn 0.00063 -0.05650 -0.99840
vn 0.00063 -0.05650 -0.99840
vn 0.00063 -0.05650 -0.99840
vn 0.00063 -0.05650 -0.99840
vn -0.00591 -0.93301 -0.35981
vn -0.00591 -0.93301 -0.35981
vn -0.00591 -0.93301 -0.35981
vn -0.00591 -0.93301 -0.35981
vn 0.00029 -1.00000 0.00000
vn 0.00029 -1.00000 0.00000
vn 0.00029 -1.00000 0.00000
vn 0.00029 -1.00000 0.00000
vn -0.95335 -0.02358 -0.30095
vn -0.95335 -0.02358 -0.30095
vn -0.95335 -0.02358 -0.30095
vn -0.95335 -0.02358 -0.30095
vn -0.95335 -0.02358 -0.30095
vn -1.00000 -0.00047 0.00000
vn -1.00000 -0.00047 0.00000
vn -1.00000 -0.00047 0.00000
vn -1.00000 -0.00047 0.00000
vn -0.02858 -0.00056 -0.99959
vn -0.02858 -0.00056 -0.99959
vn -0.02858 -0.00056 -0.99959
vn -0.02858 -0.00056 -0.99959
vn -0.02858 -0.00056 -0.99959
vn -0.01785 0.92389 -0.38224
vn -0.01785 0.92389 -0.38224
vn -0.01785 0.92389 -0.38224
vn -0.01785 0.92389 -0.38224
vn 0.88808 -0.01614 -0.45941
vn 0.88808 -0.01614 -0.45941
vn 0.88808 -0.01614 -0.45941
vn 0.88808 -0.01614 -0.45941
vn 0.99993 -0.01202 0.00000
vn 0.99993 -0.01202 0.00000
vn 0.99993 -0.01202 0.00000
vn 0.99993 -0.01202 0.00000
vn -0.00788 0.99997 -0.00000
vn -0.00788 0.99997 -0.00000
vn -0.00788 0.99997 -0.00000
vn -0.00788 0.99997 -0.00000
vn -0.00428 0.05504 -0.99847
vn -0.00428 0.05504 -0.99847
vn -0.00428 0.05504 -0.99847
vn -0.00428 0.05504 -0.99847
vn -0.00428 0.05504 -0.99847
vn -0.00000 -1.00000 0.00000
vn -0.00000 -1.00000 0.00000
vn -0.00000 -1.00000 0.00000
vn -0.00000 -1.00000 0.00000
vn -0.93218 0.01064 -0.36183
vn -0.93218 0.01064 -0.36183
vn -0.93218 0.01064 -0.36183
vn -0.93218 0.01064 -0.36183
vn 0.89126 0.01863 -0.45312
vn 0.89126 0.01863 -0.45312
vn 0.89126 0.01863 -0.45312
vn 0.89126 0.01863 -0.45312
vn -0.03754 -0.91614 -0.39909
vn -0.03754 -0.91614 -0.39909
vn -0.03754 -0.91614 -0.39909
vn -0.03754 -0.91614 -0.39909
vn 0.09372 -0.80197 -0.58996
vn 0.09372 -0.80197 -0.58996
vn 0.09372 -0.80197 -0.58996
vn 0.09372 -0.80197 -0.58996
vn 0.00098 0.98099 -0.19408
vn 0.00019 0.98810 -0.15384
vn -0.00201 0.99915 -0.04129
vn 0.00098 0.98099 -0.19408
vn 0.00098 0.98099 -0.19408
vn 0.00713 0.99997 -0.00000
vn 0.00713 0.99997 -0.00000
vn 0.00713 0.99997 -0.00000
vn 0.00713 0.99997 -0.00000
vn 0.99963 -0.02714 0.00000
vn 0.99963 -0.02714 0.00000
vn 0.99963 -0.02714 0.00000
vn 0.99963 -0.02714 0.00000
vn 0.04625 -0.99893 0.00000
vn 0.04625 -0.99893 0.00000
vn 0.04625 -0.99893 0.00000
vn 0.04625 -0.99893 0.00000
vn 0.00126 0.05468 -0.99850
vn 0.00126 0.05468 -0.99850
vn 0.00126 0.05468 -0.99850
vn 0.00126 0.05468 -0.99850
vn 0.00126 0.05468 -0.99850
vn 0.00019 0.98810 0.15384
vn -0.00644 0.97579 -0.21859
vn -0.00644 0.97579 -0.21859
vn -0.00644 0.97579 -0.21859
vn -0.00644 0.97579 -0.21859
vn -0.00644 0.97579 -0.21859
vn -1.00000 -0.00000 0.00000
vn -1.00000 -0.00000 0.00000
vn -1.00000 -0.00000 0.00000
vn -1.00000 -0.00000 0.00000
vn -0.00000 -0.00000 -1.00000
vn -0.00000 -0.00000 -1.00000
vn -0.00000 -0.00000 -1.00000
vn -0.00000 1.00000 -0.00000
vn -0.00000 1.00000 -0.00000
vn -0.00000 1.00000 -0.00000
vn -0.98147 0.00224 -0.19161
vn -0.99973 0.00073 -0.02305
vn -0.98983 0.00360 -0.14222
vn 0.99999 0.00397 -0.00000
vn 1.00000 0.00300 0.00000
vn 1.00000 0.00305 -0.00000
vn -0.02331 0.80097 -0.59825
vn -0.02331 0.80097 -0.59825
vn -0.02331 0.80097 -0.59825
vn -0.02331 0.80097 -0.59825
vn -0.02331 0.80097 -0.59825
vn 0.12828 -0.91623 -0.37957
vn 0.12828 -0.91623 -0.37957
vn 0.12828 -0.91623 -0.37957
vn 0.12828 -0.91623 -0.37957
vn -0.00000 -0.00000 -1.00000
vn -0.00000 -0.00000 -1.00000
vn -0.00000 -0.00000 -1.00000
vn 0.00000 -1.00000 0.00000
vn 0.00000 -1.00000 0.00000
vn 0.00000 -1.00000 0.00000
vn 0.00000 -1.00000 0.00000
vn 0.00000 -1.00000 0.00000
vn 0.00000 -1.00000 0.00000
vn 0.47697 0.04456 -0.87779
vn 0.47697 0.04456 -0.87779
vn 0.47697 0.04456 -0.87779
vn 0.47697 0.04456 -0.87779
vn 0.81809 -0.05685 -0.57227
vn 0.81809 -0.05685 -0.57227
vn 0.81809 -0.05685 -0.57227
vn 0.81809 -0.05685 -0.57227
vn 1.00000 0.00000 -0.00000
vn 1.00000 0.00000 -0.00000
vn 1.00000 0.00000 -0.00000
vn 1.00000 0.00000 -0.00000
vn -0.00000 1.00000 -0.00000
vn -0.00000 1.00000 -0.00000
vn -0.00000 1.00000 -0.00000
vn -0.98307 -0.00340 -0.18321
vn -0.99048 -0.00399 -0.13762
vn -0.98229 -0.00062 -0.18735
vn -0.99048 -0.00399 0.13762
vn -0.98307 -0.00340 0.18321
vn 0.00927 0.94292 -0.33288
vn 0.00927 0.94292 -0.33288
vn 0.00927 0.94292 -0.33288
vn 0.00927 0.94292 -0.33288
vn -0.00000 -0.00000 -1.00000
vn -0.00000 -0.00000 -1.00000
vn -0.00000 -0.00000 -1.00000
vn -0.00000 -0.00000 -1.00000
vn -0.01803 -0.87268 -0.48796
vn -0.01803 -0.87268 -0.48796
vn -0.01803 -0.87268 -0.48796
vn -0.01803 -0.87268 -0.48796
vn -0.98229 -0.00062 0.18735
vn 0.94515 -0.00928 -0.32652
vn 0.94515 -0.00928 -0.32652
vn 0.94515 -0.00928 -0.32652
vn 0.94515 -0.00928 -0.32652
vn 0.99999 0.00397 -0.00000
vn 1.00000 -0.00098 0.00000
vn 1.00000 -0.00098 0.00000
vn -0.00682 0.99998 -0.00000
vn -0.00522 0.99999 0.00000
vn -0.00522 0.99999 -0.00000
vn 0.00537 -0.99999 0.00000
vn 0.00537 -0.99999 0.00000
vn 0.00537 -0.99999 0.00000
vn 0.00537 -0.99999 0.00000
vn -0.00214 -0.96883 -0.24771
vn -0.00214 -0.96883 -0.24771
vn -0.00196 -0.96898 -0.24715
vn -0.00197 -0.96897 -0.24717
vn 0.07430 0.91377 -0.39939
vn 0.07430 0.91377 -0.39939
vn 0.07430 0.91377 -0.39939
vn 0.07430 0.91377 -0.39939
vn 0.99999 0.00397 -0.00000
vn 1.00000 0.00305 0.00000
vn 1.00000 0.00300 -0.00000
vn -0.00247 -0.05280 -0.99860
vn -0.00247 -0.05280 -0.99860
vn -0.00247 -0.05280 -0.99860
vn -0.00247 -0.05280 -0.99860
vn -0.05827 0.82282 -0.56531
vn -0.05827 0.82282 -0.56531
vn -0.05827 0.82282 -0.56531
vn -0.05827 0.82282 -0.56531
vn -0.91181 -0.03766 -0.40888
vn -0.91181 -0.03766 -0.40888
vn -0.91181 -0.03766 -0.40888
vn -0.91181 -0.03766 -0.40888
vn 0.00289 -0.05251 -0.99862
vn 0.00289 -0.05251 -0.99862
vn 0.00289 -0.05251 -0.99862
vn 0.00289 -0.05251 -0.99862
vn 0.00289 -0.05251 -0.99862
vn -1.00000 0.00000 -0.00000
vn -1.00000 0.00000 -0.00000
vn -1.00000 0.00000 -0.00000
vn -1.00000 0.00000 -0.00000
vn -0.00682 0.99998 -0.00000
vn 0.00191 1.00000 -0.00000
vn 0.00191 1.00000 -0.00000
vn -0.00292 -0.93298 -0.35991
vn -0.00292 -0.93298 -0.35991
vn -0.00292 -0.93298 -0.35991
vn -0.00292 -0.93298 -0.35991
vn -0.96521 -0.00751 -0.26135
vn -0.96521 -0.00751 -0.26135
vn -0.96521 -0.00751 -0.26135
vn -0.96521 -0.00751 -0.26135
vn -1.00000 -0.00021 0.00000
vn -1.00000 -0.00021 0.00000
vn -1.00000 -0.00021 0.00000
vn -1.00000 -0.00021 0.00000
vn -0.01352 -0.00002 -0.99991
vn -0.01352 -0.00002 -0.99991
vn -0.01352 -0.00002 -0.99991
vn -0.01352 -0.00002 -0.99991
vn -0.00907 0.92318 -0.38426
vn -0.00907 0.92318 -0.38426
vn -0.00907 0.92318 -0.38426
vn -0.00907 0.92318 -0.38426
vn 0.88809 -0.01543 -0.45941
vn 0.88809 -0.01543 -0.45941
vn 0.88809 -0.01543 -0.45941
vn 0.88809 -0.01543 -0.45941
vn 0.99993 -0.01153 0.00000
vn 0.99993 -0.01153 0.00000
vn 0.99993 -0.01153 0.00000
vn 0.99993 -0.01153 0.00000
vn -0.00406 0.99999 -0.00000
vn -0.00406 0.99999 -0.00000
vn -0.00406 0.99999 -0.00000
vn -0.00406 0.99999 -0.00000
vn -0.00428 0.05504 -0.99847
vn -0.00428 0.05504 -0.99847
vn -0.00428 0.05504 -0.99847
vn -0.00428 0.05504 -0.99847
vn -0.00428 0.05504 -0.99847
vn 0.00000 -1.00000 0.00000
vn 0.00000 -1.00000 0.00000
vn 0.00000 -1.00000 0.00000
vn 0.00000 -1.00000 0.00000
vn -0.93218 0.01064 -0.36183
vn -0.93218 0.01064 -0.36183
vn -0.93218 0.01064 -0.36183
vn -0.93218 0.01064 -0.36183
vn 0.89126 0.01863 -0.45312
vn 0.89126 0.01863 -0.45312
vn 0.89126 0.01863 -0.45312
vn 0.89126 0.01863 -0.45312
vn -0.03754 -0.91614 -0.39909
vn -0.03754 -0.91614 -0.39909
vn -0.03754 -0.91614 -0.39909
vn -0.03754 -0.91614 -0.39909
vn 0.09372 -0.80197 -0.58996
vn 0.09372 -0.80197 -0.58996
vn 0.09372 -0.80197 -0.58996
vn 0.09372 -0.80197 -0.58996
vn 0.00098 0.98099 -0.19407
vn 0.00019 0.98810 -0.15384
vn -0.00201 0.99915 -0.04129
vn 0.00098 0.98099 -0.19407
vn 0.00098 0.98099 -0.19407
vn 0.00713 0.99997 -0.00000
vn 0.00713 0.99997 -0.00000
vn 0.00713 0.99997 -0.00000
vn 0.00713 0.99997 -0.00000
vn 0.99963 -0.02714 0.00000
vn 0.99963 -0.02714 0.00000
vn 0.99963 -0.02714 0.00000
vn 0.99963 -0.02714 0.00000
vn 0.04625 -0.99893 0.00000
vn 0.04625 -0.99893 0.00000
vn 0.04625 -0.99893 0.00000
vn 0.04625 -0.99893 0.00000
vn 0.00126 0.05468 -0.99850
vn 0.00126 0.05468 -0.99850
vn 0.00126 0.05468 -0.99850
vn 0.00126 0.05468 -0.99850
vn 0.00126 0.05468 -0.99850
vn 0.00019 0.98810 0.15384
vn -0.00644 0.97579 -0.21859
vn -0.00644 0.97579 -0.21859
vn -0.00644 0.97579 -0.21859
vn -0.00644 0.97579 -0.21859
vn -0.00644 0.97579 -0.21859
vn -1.00000 -0.00000 0.00000
vn -1.00000 -0.00000 0.00000
vn -1.00000 -0.00000 0.00000
vn -1.00000 -0.00000 0.00000
vn -0.00000 -0.00000 -1.00000
vn -0.00000 -0.00000 -1.00000
vn -0.00000 -0.00000 -1.00000
vn -0.00000 1.00000 -0.00000
vn -0.00000 1.00000 -0.00000
vn -0.00000 1.00000 -0.00000
vn -0.98147 0.00224 -0.19161
vn -1.00000 0.00098 0.00040
vn -0.98983 0.00360 -0.14222
vn 0.00724 -0.97579 -0.21859
vn 0.00724 -0.97579 -0.21859
vn 0.00724 -0.97579 -0.21859
vn -0.03342 0.84171 -0.53889
vn -0.03342 0.84171 -0.53889
vn -0.03342 0.84171 -0.53889
vn -0.03342 0.84171 -0.53889
vn -0.99998 -0.00568 0.00000
vn -0.99998 -0.00568 0.00000
vn 0.06631 -0.89396 -0.44322
vn 0.06631 -0.89396 -0.44322
vn 0.06631 -0.89396 -0.44322
vn 0.06631 -0.89396 -0.44322
vn 1.00000 0.00000 -0.00000
vn 1.00000 0.00000 -0.00000
vn 1.00000 0.00000 -0.00000
vn 1.00000 0.00000 -0.00000
vn -0.02177 0.06575 -0.99760
vn -0.02177 0.06575 -0.99760
vn -0.02177 0.06575 -0.99760
vn 0.11971 0.05883 -0.99106
vn 0.11971 0.05883 -0.99106
vn 0.11971 0.05883 -0.99106
vn 0.11971 0.05883 -0.99106
vn 0.00000 -1.00000 0.00000
vn 0.00000 -1.00000 0.00000
vn 0.00000 -1.00000 0.00000
vn 0.00000 -1.00000 0.00000
vn 0.00000 -1.00000 0.00000
vn 0.00000 -1.00000 0.00000
vn 0.41217 0.04207 -0.91014
vn 0.41217 0.04207 -0.91014
vn 0.41217 0.04207 -0.91014
vn 0.41217 0.04207 -0.91014
vn 0.74705 -0.06691 -0.66139
vn 0.74705 -0.06691 -0.66139
vn 0.74705 -0.06691 -0.66139
vn 0.74705 -0.06691 -0.66139
vn 0.00361 -0.99999 0.00000
vn 0.00361 -0.99999 0.00000
vn 0.00361 -0.99999 0.00000
vn 0.00361 -0.99999 0.00000
vn -0.00000 1.00000 -0.00000
vn -0.00000 1.00000 -0.00000
vn -0.00000 1.00000 -0.00000
vn -0.96194 -0.03877 -0.27050
vn -0.96194 -0.03877 -0.27050
vn -0.96194 -0.03877 -0.27050
vn -0.96194 -0.03877 -0.27050
vn -0.00802 -0.99997 0.00000
vn -0.00802 -0.99997 0.00000
vn -0.00802 -0.99997 0.00000
vn -0.00802 -0.99997 0.00000
vn 0.00927 0.94292 -0.33288
vn 0.00927 0.94292 -0.33288
vn 0.00927 0.94292 -0.33288
vn 0.00927 0.94292 -0.33288
vn -0.00000 -0.00000 -1.00000
vn -0.00000 -0.00000 -1.00000
vn -0.00000 -0.00000 -1.00000
vn -0.02514 -0.87300 -0.48707
vn -0.02514 -0.87300 -0.48707
vn -0.02514 -0.87300 -0.48707
vn -0.02514 -0.87300 -0.48707
vn -0.98147 0.00224 0.19161
vn -0.98147 0.00224 -0.19161
vn 0.99999 0.00397 -0.00000
vn 1.00000 -0.00098 0.00000
vn 1.00000 -0.00098 0.00000
g Highlights
usemtl Highlights
f 1/1/1 2/2/2 3/3/3
f 3/3/3 2/2/2 4/4/4
f 5/5/5 6/6/6 7/7/7
f 8/8/8 7/7/7 6/6/6
f 9/9/9 10/10/10 11/11/11
f 11/11/11 10/10/10 12/12/12
f 13/13/13 14/14/14 15/15/15
f 16/16/16 15/15/15 14/14/14
f 17/17/17 18/18/18 19/19/19
f 20/20/20 19/19/19 18/18/18
f 21/21/21 22/22/22 23/23/23
f 24/24/24 21/21/21 23/23/23
f 25/25/25 26/26/26 27/27/27
f 28/28/28 27/27/27 26/26/26
f 29/29/29 30/30/30 31/31/31
f 32/32/32 29/29/29 31/31/31
f 33/33/33 34/34/34 35/35/35
f 36/36/36 33/33/33 35/35/35
f 37/37/37 38/38/38 39/39/39
f 38/38/38 37/37/37 40/40/40
f 41/41/41 42/42/42 43/43/43
f 42/42/42 41/41/41 44/44/44
f 45/45/45 46/46/46 47/47/47
f 48/48/48 45/45/45 47/47/47
f 49/49/49 50/50/50 51/51/51
f 51/51/51 50/50/50 52/52/52
f 53/53/53 54/54/54 55/55/55
f 56/56/56 55/55/55 54/54/54
f 57/57/57 58/58/58 59/59/59
f 60/60/60 61/61/61 62/62/62
f 63/63/63 64/64/64 65/65/65
f 66/66/66 65/65/65 64/64/64
f 67/67/67 68/68/68 69/69/69
f 69/69/69 68/68/68 70/70/70
f 71/71/71 72/72/72 73/73/73
f 73/73/73 72/72/72 74/74/74
f 75/75/75 76/76/76 77/77/77
f 78/78/78 77/77/77 76/76/76
f 79/79/79 80/80/80 81/81/81
f 81/81/81 82/82/82 79/79/79
f 83/83/83 84/84/84 85/85/85
f 83/83/83 85/85/85 86/86/86
f 87/87/87 88/88/88 89/89/89
f 87/87/87 89/89/89 90/90/90
f 91/91/91 92/92/92 93/93/93
f 93/93/93 94/94/94 91/91/91
f 95/95/95 96/96/96 97/97/97
f 98/98/98 97/97/97 96/96/96
f 99/99/99 100/100/100 101/101/101
f 102/102/102 99/99/99 101/101/101
f 103/103/103 104/104/104 105/105/105
f 106/106/106 107/107/107 108/108/108
f 109/109/109 110/110/110 111/111/111
f 112/112/112 109/109/109 111/111/111
f 113/113/113 114/114/114 115/115/115
f 115/115/115 114/114/114 116/116/116
f 117/117/117 118/118/118 119/119/119
f 120/120/120 119/119/119 118/118/118
f 121/121/121 122/122/122 123/123/123
f 124/124/124 121/121/121 123/123/123
g Main
usemtl Main
f 125/125/125 126/126/126 127/127/127
f 125/125/125 128/128/128 126/126/126
f 129/129/129 130/130/130 131/131/131
f 129/129/129 132/132/132 130/130/130
f 133/133/133 134/134/134 135/135/135
f 134/134/134 133/133/133 136/136/136
f 137/137/137 138/138/138 139/139/139
f 138/138/138 137/137/137 140/140/140
f 141/141/141 142/142/142 143/143/143
f 141/141/141 144/144/144 142/142/142
f 145/145/145 146/146/146 147/147/147
f 148/148/148 146/146/146 145/145/145
f 149/149/149 150/150/150 151/151/151
f 152/152/152 151/151/151 150/150/150
f 153/153/153 154/154/154 155/155/155
f 154/154/154 153/153/153 156/156/156
f 157/157/157 158/158/158 159/159/159
f 158/158/158 157/157/157 160/160/160
f 161/161/161 162/162/162 163/163/163
f 161/161/161 164/164/164 162/162/162
f 165/165/165 166/166/166 167/167/167
f 166/166/166 165/165/165 168/168/168
f 169/169/169 170/170/170 142/142/142
f 171/171/171 172/172/172 173/173/173
f 173/173/173 172/172/172 174/174/174
f 175/175/175 176/176/176 177/177/177
f 175/175/175 178/178/178 179/179/179
f 178/178/178 175/175/175 177/177/177
f 180/180/180 181/181/181 182/182/182
f 181/181/181 180/180/180 183/183/183
f 184/184/184 185/185/185 186/186/186
f 184/184/184 186/186/186 187/187/187
f 188/188/188 189/189/189 190/190/190
f 188/188/188 191/191/191 189/189/189
f 192/192/192 193/193/193 194/194/194
f 193/193/193 192/192/192 195/195/195
f 196/196/196 197/197/197 198/198/198
f 199/199/199 200/200/200 201/201/201
f 202/202/202 201/201/201 200/200/200
f 203/203/203 204/204/204 205/205/205
f 204/204/204 206/206/206 207/207/207
f 206/206/206 204/204/204 203/203/203
f 197/197/197 208/208/208 198/198/198
f 197/197/197 196/196/196 209/209/209
f 208/208/208 197/197/197 210/210/210
f 208/208/208 211/211/211 198/198/198
f 212/212/212 213/213/213 214/214/214
f 215/215/215 213/213/213 212/212/212
f 213/213/213 215/215/215 216/216/216
f 217/217/217 218/218/218 219/219/219
f 218/218/218 217/217/217 220/220/220
f 221/221/221 222/222/222 223/223/223
f 221/221/221 224/224/224 222/222/222
f 225/225/225 226/226/226 227/227/227
f 225/225/225 227/227/227 228/228/228
f 229/229/229 230/230/230 231/231/231
f 230/230/230 229/229/229 232/232/232
f 233/233/233 234/234/234 235/235/235
f 236/236/236 237/237/237 238/238/238
f 237/237/237 236/236/236 239/239/239
f 238/238/238 237/237/237 240/240/240
f 234/234/234 233/233/233 241/241/241
f 234/234/234 242/242/242 235/235/235
f 242/242/242 243/243/243 235/235/235
f 242/242/242 234/234/234 244/244/244
f 245/245/245 246/246/246 247/247/247
f 246/246/246 245/245/245 248/248/248
f 249/249/249 250/250/250 251/251/251
f 252/252/252 250/250/250 249/249/249
f 253/253/253 254/254/254 255/255/255
f 254/254/254 253/253/253 256/256/256
f 257/257/257 258/258/258 259/259/259
f 260/260/260 258/258/258 257/257/257
f 261/261/261 262/262/262 263/263/263
f 262/262/262 261/261/261 264/264/264
f 265/265/265 266/266/266 267/267/267
f 268/268/268 266/266/266 265/265/265
f 266/266/266 268/268/268 269/269/269
f 270/270/270 271/271/271 272/272/272
f 271/271/271 270/270/270 273/273/273
f 274/274/274 275/275/275 276/276/276
f 274/274/274 276/276/276 277/277/277
f 278/278/278 279/279/279 280/280/280
f 278/278/278 281/281/281 279/279/279
f 282/282/282 283/283/283 284/284/284
f 283/283/283 282/282/282 285/285/285
f 286/286/286 287/287/287 288/288/288
f 289/289/289 290/290/290 291/291/291
f 290/290/290 289/289/289 292/292/292
f 291/291/291 290/290/290 293/293/293
f 287/287/287 294/294/294 288/288/288
f 287/287/287 286/286/286 295/295/295
f 294/294/294 296/296/296 288/288/288
f 294/294/294 287/287/287 297/297/297
f 298/298/298 299/299/299 300/300/300
f 301/301/301 302/302/302 303/303/303
f 301/301/301 303/303/303 304/304/304
f 305/305/305 306/306/306 307/307/307
f 306/306/306 305/305/305 308/308/308
f 309/309/309 310/310/310 311/311/311
f 311/311/311 312/312/312 309/309/309
f 313/313/313 314/314/314 315/315/315
f 316/316/316 317/317/317 318/318/318
f 317/317/317 316/316/316 319/319/319
f 320/320/320 321/321/321 322/322/322
f 320/320/320 323/323/323 321/321/321
f 324/324/324 325/325/325 326/326/326
f 327/327/327 325/325/325 324/324/324
f 328/328/328 329/329/329 330/330/330
f 328/328/328 331/331/331 329/329/329
f 332/332/332 333/333/333 334/334/334
f 332/332/332 334/334/334 335/335/335
f 336/336/336 335/335/335 337/337/337
f 335/335/335 336/336/336 332/332/332
f 338/338/338 339/339/339 340/340/340
f 339/339/339 338/338/338 341/341/341
f 342/342/342 343/343/343 344/344/344
f 342/342/342 345/345/345 343/343/343
f 346/346/346 347/347/347 348/348/348
f 348/348/348 347/347/347 349/349/349
f 350/350/350 351/351/351 352/352/352
f 351/351/351 350/350/350 353/353/353
f 354/354/354 355/355/355 356/356/356
f 357/357/357 358/358/358 359/359/359
f 358/358/358 357/357/357 360/360/360
f 361/361/361 362/362/362 363/363/363
f 364/364/364 365/365/365 366/366/366
f 367/367/367 368/368/368 369/369/369
f 367/367/367 370/370/370 368/368/368
f 142/142/142 371/371/371 355/355/355
f 142/142/142 170/170/170 143/143/143
f 371/371/371 142/142/142 144/144/144
f 371/371/371 372/372/372 355/355/355
f 373/373/373 374/374/374 375/375/375
f 373/373/373 376/376/376 374/374/374
f 377/377/377 378/378/378 379/379/379
f 378/378/378 377/377/377 380/380/380
f 381/381/381 382/382/382 383/383/383
f 382/382/382 381/381/381 384/384/384
f 385/385/385 386/386/386 387/387/387
f 388/388/388 387/387/387 386/386/386
f 389/389/389 390/390/390 391/391/391
f 390/390/390 389/389/389 392/392/392
f 393/393/393 394/394/394 395/395/395
f 393/393/393 395/395/395 396/396/396
f 397/397/397 398/398/398 365/365/365
f 397/397/397 365/365/365 364/364/364
f 399/399/399 398/398/398 397/397/397
f 362/362/362 361/361/361 400/400/400
f 363/363/363 362/362/362 401/401/401
f 401/401/401 402/402/402 363/363/363
f 403/403/403 355/355/355 372/372/372
f 355/355/355 354/354/354 142/142/142
f 404/404/404 405/405/405 355/355/355
f 404/404/404 355/355/355 403/403/403
f 406/406/406 407/407/407 408/408/408
f 409/409/409 408/408/408 407/407/407
f 410/410/410 411/411/411 412/412/412
f 411/411/411 410/410/410 413/413/413
f 411/411/411 413/413/413 414/414/414
f 415/415/415 416/416/416 417/417/417
f 415/415/415 418/418/418 416/416/416
f 396/396/396 395/395/395 419/419/419
f 396/396/396 419/419/419 420/420/420
f 421/421/421 422/422/422 423/423/423
f 422/422/422 421/421/421 424/424/424
f 425/425/425 426/426/426 427/427/427
f 428/428/428 427/427/427 426/426/426
f 429/429/429 430/430/430 431/431/431
f 432/432/432 431/431/431 430/430/430
f 433/433/433 434/434/434 435/435/435
f 434/434/434 433/433/433 436/436/436
f 437/437/437 438/438/438 439/439/439
f 437/437/437 440/440/440 441/441/441
f 438/438/438 437/437/437 441/441/441
f 442/442/442 443/443/443 444/444/444
f 443/443/443 442/442/442 445/445/445
f 446/446/446 447/447/447 448/448/448
f 447/447/447 446/446/446 449/449/449
f 450/450/450 451/451/451 452/452/452
f 453/453/453 450/450/450 452/452/452
f 454/454/454 455/455/455 456/456/456
f 455/455/455 457/457/457 458/458/458
f 457/457/457 455/455/455 454/454/454
f 459/459/459 441/441/441 440/440/440
f 459/459/459 196/196/196 198/198/198
f 441/441/441 459/459/459 198/198/198
f 460/460/460 461/461/461 462/462/462
f 463/463/463 461/461/461 460/460/460
f 461/461/461 463/463/463 464/464/464
f 465/465/465 466/466/466 467/467/467
f 466/466/466 465/465/465 468/468/468
f 469/469/469 470/470/470 471/471/471
f 470/470/470 469/469/469 472/472/472
f 473/473/473 474/474/474 475/475/475
f 474/474/474 473/473/473 476/476/476
f 477/477/477 478/478/478 479/479/479
f 478/478/478 477/477/477 480/480/480
f 481/481/481 478/478/478 480/480/480
f 482/482/482 483/483/483 484/484/484
f 483/483/483 482/482/482 485/485/485
f 486/486/486 487/487/487 488/488/488
f 489/489/489 486/486/486 488/488/488
f 490/490/490 491/491/491 492/492/492
f 493/493/493 492/492/492 491/491/491
f 494/494/494 495/495/495 496/496/496
f 495/495/495 494/494/494 497/497/497
f 498/498/498 499/499/499 500/500/500
f 498/498/498 501/501/501 502/502/502
f 499/499/499 498/498/498 502/502/502
f 503/503/503 504/504/504 505/505/505
f 504/504/504 503/503/503 506/506/506
f 507/507/507 508/508/508 509/509/509
f 510/510/510 508/508/508 507/507/507
f 511/511/511 512/512/512 513/513/513
f 511/511/511 514/514/514 512/512/512
f 515/515/515 516/516/516 517/517/517
f 516/516/516 515/515/515 518/518/518
f 517/517/517 516/516/516 519/519/519
f 520/520/520 233/233/233 235/235/235
f 520/520/520 502/502/502 501/501/501
f 235/235/235 502/502/502 520/520/520
f 521/521/521 522/522/522 523/523/523
f 524/524/524 522/522/522 521/521/521
f 522/522/522 524/524/524 525/525/525
f 526/526/526 527/527/527 528/528/528
f 526/526/526 529/529/529 527/527/527
f 530/530/530 531/531/531 532/532/532
f 533/533/533 534/534/534 535/535/535
f 534/534/534 533/533/533 536/536/536
f 537/537/537 538/538/538 539/539/539
f 539/539/539 540/540/540 537/537/537
f 541/541/541 542/542/542 543/543/543
f 543/543/543 544/544/544 541/541/541
f 545/545/545 546/546/546 547/547/547
f 546/546/546 545/545/545 548/548/548
f 549/549/549 550/550/550 551/551/551
f 552/552/552 549/549/549 551/551/551
f 553/553/553 554/554/554 555/555/555
f 556/556/556 555/555/555 554/554/554
f 557/557/557 558/558/558 559/559/559
f 558/558/558 557/557/557 560/560/560
f 561/561/561 562/562/562 563/563/563
f 562/562/562 561/561/561 564/564/564
f 565/565/565 566/566/566 567/567/567
f 566/566/566 565/565/565 568/568/568
f 569/569/569 566/566/566 568/568/568
f 570/570/570 571/571/571 572/572/572
f 570/570/570 572/572/572 573/573/573
f 574/574/574 575/575/575 576/576/576
f 575/575/575 574/574/574 577/577/577
f 578/578/578 579/579/579 580/580/580
f 581/581/581 578/578/578 580/580/580
f 582/582/582 583/583/583 584/584/584
f 585/585/585 584/584/584 583/583/583
f 586/586/586 587/587/587 588/588/588
f 587/587/587 586/586/586 589/589/589
f 590/590/590 591/591/591 592/592/592
f 590/590/590 593/593/593 594/594/594
f 593/593/593 590/590/590 592/592/592
f 595/595/595 596/596/596 597/597/597
f 596/596/596 595/595/595 598/598/598
f 599/599/599 600/600/600 601/601/601
f 602/602/602 600/600/600 599/599/599
f 603/603/603 604/604/604 605/605/605
f 603/603/603 606/606/606 604/604/604
f 607/607/607 608/608/608 609/609/609
f 608/608/608 607/607/607 610/610/610
f 609/609/609 608/608/608 611/611/611
f 612/612/612 286/286/286 288/288/288
f 612/612/612 592/592/592 591/591/591
f 288/288/288 592/592/592 612/612/612
f 613/613/613 614/614/614 615/615/615
f 616/616/616 614/614/614 613/613/613
f 614/614/614 616/616/616 617/617/617
f 618/618/618 619/619/619 620/620/620
f 618/618/618 621/621/621 619/619/619
f 622/622/622 623/623/623 624/624/624
f 625/625/625 626/626/626 627/627/627
f 628/628/628 629/629/629 630/630/630
f 631/631/631 632/632/632 633/633/633
f 634/634/634 632/632/632 631/631/631
f 635/635/635 300/300/300 629/629/629
f 636/636/636 637/637/637 638/638/638
f 637/637/637 636/636/636 639/639/639
f 640/640/640 641/641/641 642/642/642
f 643/643/643 644/644/644 645/645/645
f 646/646/646 643/643/643 645/645/645
f 647/647/647 648/648/648 649/649/649
f 647/647/647 649/649/649 650/650/650
f 651/651/651 652/652/652 648/648/648
f 651/651/651 648/648/648 647/647/647
f 653/653/653 654/654/654 655/655/655
f 654/654/654 653/653/653 656/656/656
f 657/657/657 658/658/658 659/659/659
f 660/660/660 659/659/659 658/658/658
f 661/661/661 662/662/662 663/663/663
f 662/662/662 661/661/661 664/664/664
f 665/665/665 666/666/666 626/626/626
f 665/665/665 626/626/626 625/625/625
f 667/667/667 666/666/666 665/665/665
f 668/668/668 669/669/669 670/670/670
f 668/668/668 671/671/671 669/669/669
f 672/672/672 673/673/673 674/674/674
f 675/675/675 673/673/673 672/672/672
f 623/623/623 622/622/622 676/676/676
f 677/677/677 624/624/624 623/623/623
f 624/624/624 677/677/677 678/678/678
f 679/679/679 680/680/680 681/681/681
f 680/680/680 679/679/679 682/682/682
f 300/300/300 683/683/683 298/298/298
f 300/300/300 635/635/635 684/684/684
f 629/629/629 628/628/628 685/685/685
f 629/629/629 299/299/299 630/630/630
f 299/299/299 629/629/629 300/300/300
f 531/531/531 530/530/530 686/686/686
f 531/531/531 686/686/686 687/687/687
f 531/531/531 687/687/687 688/688/688
f 689/689/689 690/690/690 691/691/691
f 690/690/690 689/689/689 692/692/692
f 693/693/693 690/690/690 692/692/692
f 694/694/694 695/695/695 696/696/696
f 695/695/695 694/694/694 697/697/697
f 698/698/698 699/699/699 700/700/700
f 700/700/700 701/701/701 698/698/698
f 702/702/702 703/703/703 704/704/704
f 702/702/702 704/704/704 705/705/705
f 706/706/706 707/707/707 708/708/708
f 707/707/707 706/706/706 709/709/709
f 710/710/710 711/711/711 712/712/712
f 710/710/710 713/713/713 714/714/714
f 715/715/715 716/716/716 717/717/717
f 716/716/716 715/715/715 718/718/718
f 717/717/717 716/716/716 719/719/719
f 713/713/713 710/710/710 712/712/712
f 713/713/713 720/720/720 721/721/721
f 720/720/720 712/712/712 722/722/722
f 723/723/723 724/724/724 725/725/725
f 724/724/724 723/723/723 726/726/726
f 727/727/727 728/728/728 729/729/729
f 727/727/727 730/730/730 728/728/728
f 731/731/731 732/732/732 733/733/733
f 732/732/732 731/731/731 734/734/734
f 735/735/735 736/736/736 737/737/737
f 736/736/736 735/735/735 738/738/738
f 739/739/739 740/740/740 741/741/741
f 739/739/739 741/741/741 742/742/742
f 743/743/743 744/744/744 745/745/745
f 746/746/746 744/744/744 743/743/743
f 747/747/747 748/748/748 749/749/749
f 748/748/748 747/747/747 750/750/750
f 751/751/751 752/752/752 753/753/753
f 752/752/752 751/751/751 754/754/754
f 755/755/755 756/756/756 757/757/757
f 756/756/756 755/755/755 758/758/758
f 759/759/759 760/760/760 761/761/761
f 759/759/759 761/761/761 762/762/762
f 763/763/763 764/764/764 765/765/765
f 764/764/764 763/763/763 766/766/766
f 767/767/767 768/768/768 741/741/741
f 769/769/769 770/770/770 771/771/771
f 771/771/771 770/770/770 772/772/772
f 773/773/773 774/774/774 775/775/775
f 776/776/776 774/774/774 773/773/773
f 774/774/774 776/776/776 777/777/777
f 778/778/778 779/779/779 780/780/780
f 779/779/779 778/778/778 781/781/781
f 782/782/782 783/783/783 784/784/784
f 782/782/782 785/785/785 783/783/783
f 786/786/786 787/787/787 788/788/788
f 789/789/789 787/787/787 786/786/786
f 790/790/790 791/791/791 792/792/792
f 791/791/791 790/790/790 793/793/793
f 794/794/794 795/795/795 796/796/796
f 795/795/795 794/794/794 797/797/797
f 798/798/798 799/799/799 800/800/800
f 800/800/800 801/801/801 798/798/798
f 802/802/802 803/803/803 804/804/804
f 803/803/803 802/802/802 805/805/805
f 806/806/806 803/803/803 805/805/805
f 784/784/784 807/807/807 808/808/808
f 783/783/783 807/807/807 784/784/784
f 807/807/807 783/783/783 809/809/809
f 810/810/810 811/811/811 812/812/812
f 811/811/811 810/810/810 813/813/813
f 814/814/814 815/815/815 816/816/816
f 814/814/814 816/816/816 817/817/817
f 818/818/818 819/819/819 820/820/820
f 818/818/818 820/820/820 821/821/821
f 822/822/822 823/823/823 824/824/824
f 823/823/823 822/822/822 825/825/825
f 826/826/826 827/827/827 828/828/828
f 829/829/829 830/830/830 831/831/831
f 832/832/832 831/831/831 830/830/830
f 833/833/833 834/834/834 835/835/835
f 834/834/834 833/833/833 836/836/836
f 835/835/835 834/834/834 837/837/837
f 827/827/827 826/826/826 838/838/838
f 827/827/827 839/839/839 828/828/828
f 839/839/839 840/840/840 828/828/828
f 839/839/839 827/827/827 841/841/841
f 842/842/842 843/843/843 844/844/844
f 843/843/843 842/842/842 845/845/845
f 846/846/846 847/847/847 848/848/848
f 847/847/847 846/846/846 849/849/849
f 850/850/850 851/851/851 852/852/852
f 850/850/850 852/852/852 853/853/853
f 854/854/854 855/855/855 856/856/856
f 854/854/854 857/857/857 855/855/855
f 858/858/858 859/859/859 860/860/860
f 859/859/859 858/858/858 861/861/861
f 862/862/862 863/863/863 864/864/864
f 863/863/863 862/862/862 865/865/865
f 866/866/866 867/867/867 868/868/868
f 866/866/866 869/869/869 867/867/867
f 870/870/870 869/869/869 866/866/866
f 871/871/871 872/872/872 873/873/873
f 872/872/872 871/871/871 874/874/874
f 874/874/874 875/875/875 872/872/872
f 876/876/876 877/877/877 878/878/878
f 879/879/879 877/877/877 876/876/876
f 880/880/880 881/881/881 882/882/882
f 881/881/881 880/880/880 883/883/883
f 884/884/884 885/885/885 886/886/886
f 884/884/884 887/887/887 888/888/888
f 885/885/885 884/884/884 888/888/888
f 889/889/889 890/890/890 891/891/891
f 890/890/890 889/889/889 892/892/892
f 893/893/893 894/894/894 895/895/895
f 893/893/893 895/895/895 896/896/896
f 897/897/897 898/898/898 899/899/899
f 897/897/897 900/900/900 898/898/898
f 901/901/901 902/902/902 903/903/903
f 902/902/902 901/901/901 904/904/904
f 905/905/905 906/906/906 907/907/907
f 908/908/908 909/909/909 910/910/910
f 909/909/909 911/911/911 912/912/912
f 911/911/911 909/909/909 908/908/908
f 906/906/906 913/913/913 907/907/907
f 906/906/906 905/905/905 914/914/914
f 913/913/913 915/915/915 907/907/907
f 913/913/913 906/906/906 916/916/916
f 917/917/917 918/918/918 919/919/919
f 920/920/920 921/921/921 922/922/922
f 921/921/921 923/923/923 922/922/922
f 921/921/921 920/920/920 924/924/924
f 925/925/925 926/926/926 927/927/927
f 926/926/926 925/925/925 928/928/928
f 929/929/929 930/930/930 931/931/931
f 929/929/929 932/932/932 933/933/933
f 929/929/929 933/933/933 930/930/930
f 932/932/932 934/934/934 933/933/933
f 932/932/932 929/929/929 935/935/935
f 934/934/934 936/936/936 933/933/933
f 934/934/934 937/937/937 936/936/936
f 938/938/938 939/939/939 940/940/940
f 939/939/939 938/938/938 941/941/941
f 942/942/942 943/943/943 944/944/944
f 942/942/942 945/945/945 943/943/943
f 946/946/946 947/947/947 948/948/948
f 946/946/946 949/949/949 947/947/947
f 930/930/930 936/936/936 950/950/950
f 936/936/936 930/930/930 933/933/933
f 951/951/951 952/952/952 953/953/953
f 952/952/952 951/951/951 954/954/954
f 955/955/955 956/956/956 957/957/957
f 956/956/956 955/955/955 958/958/958
f 959/959/959 960/960/960 961/961/961
f 962/962/962 963/963/963 964/964/964
f 962/962/962 965/965/965 963/963/963
f 966/966/966 967/967/967 968/968/968
f 967/967/967 966/966/966 969/969/969
f 970/970/970 971/971/971 972/972/972
f 971/971/971 970/970/970 973/973/973
f 974/974/974 975/975/975 976/976/976
f 974/974/974 976/976/976 977/977/977
f 978/978/978 979/979/979 980/980/980
f 981/981/981 979/979/979 978/978/978
f 979/979/979 981/981/981 982/982/982
f 983/983/983 984/984/984 985/985/985
f 984/984/984 983/983/983 986/986/986
f 987/987/987 988/988/988 989/989/989
f 990/990/990 988/988/988 987/987/987
f 991/991/991 992/992/992 993/993/993
f 992/992/992 991/991/991 994/994/994
f 995/995/995 996/996/996 997/997/997
f 995/995/995 998/998/998 996/996/996
f 999/999/999 1000/1000/1000 1001/1001/1001
f 1000/1000/1000 999/999/999 1002/1002/1002
f 1003/1003/1003 1004/1004/1004 1005/1005/1005
f 1003/1003/1003 1006/1006/1006 1007/1007/1007
f 1006/1006/1006 1003/1003/1003 1005/1005/1005
f 1008/1008/1008 1009/1009/1009 1010/1010/1010
f 1009/1009/1009 1008/1008/1008 1011/1011/1011
f 1012/1012/1012 1013/1013/1013 1014/1014/1014
f 1012/1012/1012 1015/1015/1015 1013/1013/1013
f 1016/1016/1016 1017/1017/1017 1018/1018/1018
f 1016/1016/1016 1019/1019/1019 1017/1017/1017
f 1020/1020/1020 1021/1021/1021 1022/1022/1022
f 1021/1021/1021 1020/1020/1020 1023/1023/1023
f 1024/1024/1024 1025/1025/1025 1026/1026/1026
f 1027/1027/1027 1028/1028/1028 1029/1029/1029
f 1028/1028/1028 1030/1030/1030 1031/1031/1031
f 1030/1030/1030 1028/1028/1028 1027/1027/1027
f 1025/1025/1025 1024/1024/1024 1032/1032/1032
f 1025/1025/1025 1033/1033/1033 1026/1026/1026
f 1033/1033/1033 1025/1025/1025 1034/1034/1034
f 1033/1033/1033 1035/1035/1035 1026/1026/1026
f 1036/1036/1036 1037/1037/1037 1038/1038/1038
f 1036/1036/1036 1039/1039/1039 1037/1037/1037
f 1040/1040/1040 1041/1041/1041 1042/1042/1042
f 961/961/961 960/960/960 1043/1043/1043
f 1043/1043/1043 1044/1044/1044 961/961/961
f 1044/1044/1044 1043/1043/1043 1045/1045/1045
f 1044/1044/1044 1046/1046/1046 961/961/961
f 1047/1047/1047 1048/1048/1048 1049/1049/1049
f 1047/1047/1047 1050/1050/1050 1048/1048/1048
f 1051/1051/1051 1052/1052/1052 1053/1053/1053
f 1052/1052/1052 1051/1051/1051 1054/1054/1054
f 1055/1055/1055 1056/1056/1056 1057/1057/1057
f 1058/1058/1058 1059/1059/1059 1060/1060/1060
f 1061/1061/1061 1062/1062/1062 1063/1063/1063
f 1062/1062/1062 1061/1061/1061 1064/1064/1064
f 1065/1065/1065 1066/1066/1066 1067/1067/1067
f 1065/1065/1065 1068/1068/1068 1066/1066/1066
f 1069/1069/1069 1070/1070/1070 1071/1071/1071
f 1072/1072/1072 1070/1070/1070 1069/1069/1069
f 1073/1073/1073 1074/1074/1074 1075/1075/1075
f 1073/1073/1073 1075/1075/1075 1076/1076/1076
f 1077/1077/1077 1037/1037/1037 1039/1039/1039
f 1078/1078/1078 1077/1077/1077 1039/1039/1039
f 1079/1079/1079 1080/1080/1080 1081/1081/1081
f 1080/1080/1080 1079/1079/1079 1082/1082/1082
f 1083/1083/1083 1084/1084/1084 1085/1085/1085
f 1086/1086/1086 1084/1084/1084 1083/1083/1083
f 1084/1084/1084 1086/1086/1086 1087/1087/1087
f 1088/1088/1088 1089/1089/1089 1090/1090/1090
f 1089/1089/1089 1088/1088/1088 1091/1091/1091
f 1092/1092/1092 1093/1093/1093 1094/1094/1094
f 1095/1095/1095 1092/1092/1092 1094/1094/1094
f 1096/1096/1096 1097/1097/1097 1098/1098/1098
f 1099/1099/1099 1096/1096/1096 1098/1098/1098
f 1100/1100/1100 1101/1101/1101 1102/1102/1102
f 1101/1101/1101 1100/1100/1100 1103/1103/1103
f 1104/1104/1104 1105/1105/1105 1106/1106/1106
f 1107/1107/1107 1106/1106/1106 1108/1108/1108
f 1109/1109/1109 1110/1110/1110 1111/1111/1111
f 1109/1109/1109 1112/1112/1112 1110/1110/1110
f 1113/1113/1113 1114/1114/1114 1115/1115/1115
f 1115/1115/1115 1116/1116/1116 1113/1113/1113
f 1117/1117/1117 1118/1118/1118 1119/1119/1119
f 1118/1118/1118 1117/1117/1117 1120/1120/1120
f 1119/1119/1119 1118/1118/1118 1121/1121/1121
f 712/712/712 720/720/720 713/713/713
f 1122/1122/1122 1104/1104/1104 1106/1106/1106
f 1106/1106/1106 712/712/712 711/711/711
f 1106/1106/1106 711/711/711 1122/1122/1122
f 1106/1106/1106 1123/1123/1123 1124/1124/1124
f 1106/1106/1106 1107/1107/1107 712/712/712
f 1123/1123/1123 1105/1105/1105 1125/1125/1125
f 1105/1105/1105 1123/1123/1123 1106/1106/1106
f 1105/1105/1105 1104/1104/1104 1126/1126/1126
f 1127/1127/1127 1128/1128/1128 1129/1129/1129
f 1128/1128/1128 1127/1127/1127 1130/1130/1130
f 1131/1131/1131 1132/1132/1132 1133/1133/1133
f 1132/1132/1132 1131/1131/1131 1134/1134/1134
f 1135/1135/1135 1136/1136/1136 1137/1137/1137
f 1137/1137/1137 1136/1136/1136 1138/1138/1138
f 1139/1139/1139 1140/1140/1140 1141/1141/1141
f 1140/1140/1140 1139/1139/1139 1142/1142/1142
f 1143/1143/1143 1144/1144/1144 1145/1145/1145
f 1146/1146/1146 1147/1147/1147 1148/1148/1148
f 1147/1147/1147 1146/1146/1146 1149/1149/1149
f 1150/1150/1150 1151/1151/1151 1152/1152/1152
f 1151/1151/1151 1150/1150/1150 1153/1153/1153
f 1154/1154/1154 1155/1155/1155 1156/1156/1156
f 1157/1157/1157 1158/1158/1158 1159/1159/1159
f 1160/1160/1160 1161/1161/1161 1162/1162/1162
f 1160/1160/1160 1163/1163/1163 1161/1161/1161
f 741/741/741 768/768/768 742/742/742
f 1164/1164/1164 1165/1165/1165 1144/1144/1144
f 1166/1166/1166 1167/1167/1167 1168/1168/1168
f 1166/1166/1166 1169/1169/1169 1167/1167/1167
f 1170/1170/1170 1171/1171/1171 1172/1172/1172
f 1171/1171/1171 1170/1170/1170 1173/1173/1173
f 1174/1174/1174 1175/1175/1175 1176/1176/1176
f 1175/1175/1175 1174/1174/1174 1177/1177/1177
f 1178/1178/1178 1179/1179/1179 1180/1180/1180
f 1181/1181/1181 1180/1180/1180 1179/1179/1179
f 1182/1182/1182 1183/1183/1183 1184/1184/1184
f 1183/1183/1183 1182/1182/1182 1185/1185/1185
f 1186/1186/1186 1187/1187/1187 1188/1188/1188
f 1186/1186/1186 1188/1188/1188 1189/1189/1189
f 1190/1190/1190 1191/1191/1191 1158/1158/1158
f 1190/1190/1190 1158/1158/1158 1157/1157/1157
f 1192/1192/1192 1191/1191/1191 1190/1190/1190
f 1155/1155/1155 1154/1154/1154 1193/1193/1193
f 1155/1155/1155 1193/1193/1193 1194/1194/1194
f 1194/1194/1194 1195/1195/1195 1155/1155/1155
f 1196/1196/1196 1144/1144/1144 1165/1165/1165
f 1144/1144/1144 741/741/741 740/740/740
f 1144/1144/1144 740/740/740 1164/1164/1164
f 1144/1144/1144 1143/1143/1143 741/741/741
f 1197/1197/1197 1198/1198/1198 1144/1144/1144
f 1197/1197/1197 1144/1144/1144 1196/1196/1196
f 1199/1199/1199 1200/1200/1200 1201/1201/1201
f 1202/1202/1202 1201/1201/1201 1200/1200/1200
f 1203/1203/1203 1204/1204/1204 1205/1205/1205
f 1204/1204/1204 1203/1203/1203 1206/1206/1206
f 1207/1207/1207 1204/1204/1204 1206/1206/1206
f 1208/1208/1208 1209/1209/1209 1210/1210/1210
f 1209/1209/1209 1208/1208/1208 1211/1211/1211
f 1212/1212/1212 1213/1213/1213 1214/1214/1214
f 1212/1212/1212 1215/1215/1215 1213/1213/1213
f 1216/1216/1216 1217/1217/1217 1218/1218/1218
f 1219/1219/1219 1220/1220/1220 1221/1221/1221
f 1222/1222/1222 1220/1220/1220 1219/1219/1219
f 1223/1223/1223 1224/1224/1224 1225/1225/1225
f 1223/1223/1223 1226/1226/1226 1224/1224/1224
f 1227/1227/1227 1228/1228/1228 1229/1229/1229
f 1228/1228/1228 1230/1230/1230 1231/1231/1231
f 1228/1228/1228 1231/1231/1231 1232/1232/1232
f 1228/1228/1228 1227/1227/1227 1230/1230/1230
f 1233/1233/1233 1234/1234/1234 1235/1235/1235
f 1234/1234/1234 1233/1233/1233 1236/1236/1236
f 1237/1237/1237 1238/1238/1238 1239/1239/1239
f 1238/1238/1238 1237/1237/1237 1240/1240/1240
f 1241/1241/1241 1242/1242/1242 1243/1243/1243
f 1244/1244/1244 1241/1241/1241 1243/1243/1243
f 1245/1245/1245 1246/1246/1246 1247/1247/1247
f 1248/1248/1248 1246/1246/1246 1245/1245/1245
f 1246/1246/1246 1248/1248/1248 1249/1249/1249
f 1250/1250/1250 1251/1251/1251 1252/1252/1252
f 1250/1250/1250 1252/1252/1252 1253/1253/1253
f 1217/1217/1217 1254/1254/1254 1255/1255/1255
f 1217/1217/1217 1216/1216/1216 1254/1254/1254
f 1255/1255/1255 1256/1256/1256 1217/1217/1217
f 1257/1257/1257 1258/1258/1258 1259/1259/1259
f 1258/1258/1258 1260/1260/1260 1261/1261/1261
f 1260/1260/1260 1258/1258/1258 1257/1257/1257
f 1189/1189/1189 1188/1188/1188 1262/1262/1262
f 1189/1189/1189 1262/1262/1262 1263/1263/1263
f 1264/1264/1264 1265/1265/1265 1266/1266/1266
f 1265/1265/1265 1264/1264/1264 1267/1267/1267
f 1268/1268/1268 1269/1269/1269 1270/1270/1270
f 1271/1271/1271 1270/1270/1270 1269/1269/1269
f 1272/1272/1272 1273/1273/1273 1274/1274/1274
f 1275/1275/1275 1274/1274/1274 1273/1273/1273
f 1276/1276/1276 1277/1277/1277 1278/1278/1278
f 1277/1277/1277 1276/1276/1276 1279/1279/1279
f 1280/1280/1280 1281/1281/1281 1282/1282/1282
f 1280/1280/1280 1283/1283/1283 1284/1284/1284
f 1283/1283/1283 1280/1280/1280 1282/1282/1282
f 1285/1285/1285 1286/1286/1286 1287/1287/1287
f 1286/1286/1286 1285/1285/1285 1288/1288/1288
f 1289/1289/1289 1290/1290/1290 1291/1291/1291
f 1292/1292/1292 1290/1290/1290 1289/1289/1289
f 1293/1293/1293 1294/1294/1294 1295/1295/1295
f 1294/1294/1294 1293/1293/1293 1296/1296/1296
f 1297/1297/1297 1298/1298/1298 1299/1299/1299
f 1300/1300/1300 1297/1297/1297 1299/1299/1299
f 1301/1301/1301 1302/1302/1302 1303/1303/1303
f 1302/1302/1302 1301/1301/1301 1304/1304/1304
f 1303/1303/1303 1302/1302/1302 1305/1305/1305
f 1306/1306/1306 1282/1282/1282 1281/1281/1281
f 1306/1306/1306 826/826/826 828/828/828
f 1282/1282/1282 1306/1306/1306 828/828/828
f 1307/1307/1307 1308/1308/1308 1309/1309/1309
f 1310/1310/1310 1308/1308/1308 1307/1307/1307
f 1308/1308/1308 1310/1310/1310 1311/1311/1311
f 1312/1312/1312 1313/1313/1313 1314/1314/1314
f 1312/1312/1312 1314/1314/1314 1315/1315/1315
f 1316/1316/1316 1317/1317/1317 1318/1318/1318
f 1317/1317/1317 1316/1316/1316 1319/1319/1319
f 1320/1320/1320 1321/1321/1321 1322/1322/1322
f 1321/1321/1321 1320/1320/1320 1323/1323/1323
f 1324/1324/1324 1325/1325/1325 1326/1326/1326
f 1325/1325/1325 1324/1324/1324 1327/1327/1327
f 1328/1328/1328 1329/1329/1329 1330/1330/1330
f 1329/1329/1329 1328/1328/1328 1331/1331/1331
f 1332/1332/1332 1333/1333/1333 1334/1334/1334
f 1335/1335/1335 1332/1332/1332 1334/1334/1334
f 1336/1336/1336 1337/1337/1337 1338/1338/1338
f 1339/1339/1339 1337/1337/1337 1336/1336/1336
f 1340/1340/1340 1341/1341/1341 1342/1342/1342
f 1343/1343/1343 1342/1342/1342 1341/1341/1341
f 1344/1344/1344 1345/1345/1345 1346/1346/1346
f 1344/1344/1344 1347/1347/1347 1345/1345/1345
f 1348/1348/1348 1349/1349/1349 1350/1350/1350
f 1351/1351/1351 1349/1349/1349 1348/1348/1348
f 1352/1352/1352 1353/1353/1353 1354/1354/1354
f 1353/1353/1353 1352/1352/1352 1355/1355/1355
f 1356/1356/1356 1357/1357/1357 1358/1358/1358
f 1358/1358/1358 1359/1359/1359 1356/1356/1356
f 1360/1360/1360 1361/1361/1361 1362/1362/1362
f 1363/1363/1363 1362/1362/1362 1364/1364/1364
f 1362/1362/1362 1363/1363/1363 1360/1360/1360
f 1365/1365/1365 1366/1366/1366 1367/1367/1367
f 1367/1367/1367 1368/1368/1368 1365/1365/1365
f 1369/1369/1369 1370/1370/1370 1371/1371/1371
f 1371/1371/1371 1372/1372/1372 1373/1373/1373
f 1372/1372/1372 1371/1371/1371 1370/1370/1370
f 1374/1374/1374 1375/1375/1375 1376/1376/1376
f 1376/1376/1376 1377/1377/1377 1374/1374/1374
f 1378/1378/1378 1379/1379/1379 1380/1380/1380
f 1381/1381/1381 1380/1380/1380 1379/1379/1379
f 1382/1382/1382 1383/1383/1383 1384/1384/1384
f 1383/1383/1383 1382/1382/1382 1385/1385/1385
f 1386/1386/1386 1387/1387/1387 1388/1388/1388
f 1387/1387/1387 1386/1386/1386 1389/1389/1389
f 1390/1390/1390 1391/1391/1391 1392/1392/1392
f 1391/1391/1391 1390/1390/1390 1393/1393/1393
f 1391/1391/1391 1393/1393/1393 1394/1394/1394
f 1395/1395/1395 1396/1396/1396 1397/1397/1397
f 1395/1395/1395 1397/1397/1397 1398/1398/1398
f 1399/1399/1399 1400/1400/1400 1401/1401/1401
f 1400/1400/1400 1399/1399/1399 1402/1402/1402
f 1403/1403/1403 1404/1404/1404 1405/1405/1405
f 1406/1406/1406 1403/1403/1403 1405/1405/1405
f 1407/1407/1407 1408/1408/1408 1409/1409/1409
f 1410/1410/1410 1409/1409/1409 1408/1408/1408
f 1411/1411/1411 1412/1412/1412 1413/1413/1413
f 1412/1412/1412 1411/1411/1411 1414/1414/1414
f 1415/1415/1415 1416/1416/1416 1417/1417/1417
f 1415/1415/1415 1418/1418/1418 1419/1419/1419
f 1418/1418/1418 1415/1415/1415 1417/1417/1417
f 1420/1420/1420 1421/1421/1421 1422/1422/1422
f 1421/1421/1421 1420/1420/1420 1423/1423/1423
f 1424/1424/1424 1425/1425/1425 1426/1426/1426
f 1427/1427/1427 1425/1425/1425 1424/1424/1424
f 1428/1428/1428 1429/1429/1429 1430/1430/1430
f 1428/1428/1428 1431/1431/1431 1429/1429/1429
f 1432/1432/1432 1433/1433/1433 1434/1434/1434
f 1433/1433/1433 1435/1435/1435 1436/1436/1436
f 1435/1435/1435 1433/1433/1433 1432/1432/1432
f 1437/1437/1437 1417/1417/1417 1416/1416/1416
f 1437/1437/1437 905/905/905 907/907/907
f 907/907/907 1417/1417/1417 1437/1437/1437
f 1438/1438/1438 1439/1439/1439 1440/1440/1440
f 1441/1441/1441 1439/1439/1439 1438/1438/1438
f 1439/1439/1439 1441/1441/1441 1442/1442/1442
f 1443/1443/1443 1444/1444/1444 1445/1445/1445
f 1443/1443/1443 1445/1445/1445 1446/1446/1446
f 1447/1447/1447 1448/1448/1448 1449/1449/1449
f 1450/1450/1450 1451/1451/1451 1452/1452/1452
f 1453/1453/1453 1454/1454/1454 1455/1455/1455
f 1456/1456/1456 1457/1457/1457 1458/1458/1458
f 1459/1459/1459 1460/1460/1460 1461/1461/1461
f 1460/1460/1460 1459/1459/1459 1462/1462/1462
f 1463/1463/1463 1460/1460/1460 1462/1462/1462
f 1464/1464/1464 1465/1465/1465 1466/1466/1466
f 1465/1465/1465 1464/1464/1464 1467/1467/1467
f 1449/1449/1449 1468/1468/1468 1469/1469/1469
f 1468/1468/1468 1449/1449/1449 1470/1470/1470
f 1471/1471/1471 1472/1472/1472 1473/1473/1473
f 1471/1471/1471 1474/1474/1474 1472/1472/1472
f 1475/1475/1475 1476/1476/1476 1474/1474/1474
f 1475/1475/1475 1474/1474/1474 1471/1471/1471
f 1477/1477/1477 1478/1478/1478 1479/1479/1479
f 1478/1478/1478 1477/1477/1477 1480/1480/1480
f 1481/1481/1481 1482/1482/1482 1483/1483/1483
f 1484/1484/1484 1483/1483/1483 1482/1482/1482
f 1485/1485/1485 1486/1486/1486 1487/1487/1487
f 1485/1485/1485 1487/1487/1487 1488/1488/1488
f 1489/1489/1489 1451/1451/1451 1450/1450/1450
f 1489/1489/1489 1490/1490/1490 1451/1451/1451
f 1491/1491/1491 1490/1490/1490 1489/1489/1489
f 1492/1492/1492 1493/1493/1493 1454/1454/1454
f 1492/1492/1492 1454/1454/1454 1494/1494/1494
f 1495/1495/1495 1496/1496/1496 919/919/919
f 1495/1495/1495 1454/1454/1454 1493/1493/1493
f 1497/1497/1497 1498/1498/1498 1499/1499/1499
f 1500/1500/1500 1498/1498/1498 1497/1497/1497
f 1470/1470/1470 1449/1449/1449 1448/1448/1448
f 1470/1470/1470 1501/1501/1501 1468/1468/1468
f 1502/1502/1502 1503/1503/1503 1501/1501/1501
f 1502/1502/1502 1448/1448/1448 1504/1504/1504
f 1502/1502/1502 1501/1501/1501 1470/1470/1470
f 1448/1448/1448 1502/1502/1502 1470/1470/1470
f 1505/1505/1505 1506/1506/1506 1507/1507/1507
f 1506/1506/1506 1505/1505/1505 1508/1508/1508
f 919/919/919 1509/1509/1509 917/917/917
f 919/919/919 1454/1454/1454 1495/1495/1495
f 919/919/919 1496/1496/1496 1509/1509/1509
f 1454/1454/1454 918/918/918 1455/1455/1455
f 1454/1454/1454 1453/1453/1453 1494/1494/1494
f 918/918/918 1454/1454/1454 919/919/919
f 1510/1510/1510 1511/1511/1511 1512/1512/1512
f 1511/1511/1511 1510/1510/1510 1513/1513/1513
f 1457/1457/1457 1456/1456/1456 1514/1514/1514
f 1458/1458/1458 1515/1515/1515 1516/1516/1516
f 1458/1458/1458 1457/1457/1457 1515/1515/1515
f 1517/1517/1517 1518/1518/1518 1519/1519/1519
f 1520/1520/1520 1521/1521/1521 1522/1522/1522
f 1523/1523/1523 1521/1521/1521 1520/1520/1520
f 1524/1524/1524 1525/1525/1525 1526/1526/1526
f 1524/1524/1524 1526/1526/1526 1527/1527/1527
f 1528/1528/1528 1529/1529/1529 1530/1530/1530
f 1531/1531/1531 1530/1530/1530 1529/1529/1529
f 1532/1532/1532 1533/1533/1533 1534/1534/1534
f 1535/1535/1535 1536/1536/1536 1537/1537/1537
f 1536/1536/1536 1535/1535/1535 1538/1538/1538
f 1539/1539/1539 1540/1540/1540 1541/1541/1541
f 1540/1540/1540 1539/1539/1539 1542/1542/1542
f 1543/1543/1543 1544/1544/1544 1545/1545/1545
f 1546/1546/1546 1545/1545/1545 1544/1544/1544
f 1547/1547/1547 1548/1548/1548 1549/1549/1549
f 1548/1548/1548 1547/1547/1547 1550/1550/1550
f 1551/1551/1551 1548/1548/1548 1550/1550/1550
f 1552/1552/1552 1553/1553/1553 1554/1554/1554
f 1555/1555/1555 1553/1553/1553 1552/1552/1552
f 1518/1518/1518 1517/1517/1517 1556/1556/1556
f 1519/1519/1519 1557/1557/1557 1558/1558/1558
f 1519/1519/1519 1518/1518/1518 1557/1557/1557
f 1559/1559/1559 1560/1560/1560 1561/1561/1561
f 1560/1560/1560 1559/1559/1559 1562/1562/1562
f 1563/1563/1563 1564/1564/1564 1565/1565/1565
f 1565/1565/1565 1566/1566/1566 1563/1563/1563
f 1567/1567/1567 1568/1568/1568 1569/1569/1569
f 1568/1568/1568 1567/1567/1567 1570/1570/1570
f 1571/1571/1571 1572/1572/1572 1573/1573/1573
f 1572/1572/1572 1571/1571/1571 1574/1574/1574
f 1575/1575/1575 1576/1576/1576 1577/1577/1577
f 1578/1578/1578 1575/1575/1575 1577/1577/1577
f 1579/1579/1579 1580/1580/1580 1581/1581/1581
f 1582/1582/1582 1581/1581/1581 1580/1580/1580
f 1583/1583/1583 1584/1584/1584 1585/1585/1585
f 1585/1585/1585 1586/1586/1586 1583/1583/1583
f 1587/1587/1587 1588/1588/1588 1589/1589/1589
f 1588/1588/1588 1587/1587/1587 1590/1590/1590
f 1591/1591/1591 1592/1592/1592 1593/1593/1593
f 1592/1592/1592 1594/1594/1594 1595/1595/1595
f 1592/1592/1592 1591/1591/1591 1594/1594/1594
f 1596/1596/1596 1597/1597/1597 1598/1598/1598
f 1596/1596/1596 1598/1598/1598 1599/1599/1599
f 1600/1600/1600 1601/1601/1601 1602/1602/1602
f 1601/1601/1601 1600/1600/1600 1603/1603/1603
f 1604/1604/1604 1605/1605/1605 1606/1606/1606
f 1607/1607/1607 1604/1604/1604 1606/1606/1606
f 1608/1608/1608 1609/1609/1609 1610/1610/1610
f 1611/1611/1611 1610/1610/1610 1609/1609/1609
f 1612/1612/1612 1613/1613/1613 1614/1614/1614
f 1613/1613/1613 1612/1612/1612 1615/1615/1615
f 1616/1616/1616 1617/1617/1617 1618/1618/1618
f 1616/1616/1616 1619/1619/1619 1620/1620/1620
f 1619/1619/1619 1616/1616/1616 1618/1618/1618
f 1621/1621/1621 1622/1622/1622 1623/1623/1623
f 1622/1622/1622 1621/1621/1621 1624/1624/1624
f 1625/1625/1625 1626/1626/1626 1627/1627/1627
f 1628/1628/1628 1626/1626/1626 1625/1625/1625
f 1629/1629/1629 1630/1630/1630 1631/1631/1631
f 1629/1629/1629 1632/1632/1632 1630/1630/1630
f 1633/1633/1633 1634/1634/1634 1635/1635/1635
f 1634/1634/1634 1636/1636/1636 1637/1637/1637
f 1636/1636/1636 1634/1634/1634 1633/1633/1633
f 1638/1638/1638 1024/1024/1024 1026/1026/1026
f 1638/1638/1638 1618/1618/1618 1617/1617/1617
f 1026/1026/1026 1618/1618/1618 1638/1638/1638
f 1639/1639/1639 1640/1640/1640 1641/1641/1641
f 1642/1642/1642 1640/1640/1640 1639/1639/1639
f 1640/1640/1640 1642/1642/1642 1643/1643/1643
f 1644/1644/1644 1645/1645/1645 1646/1646/1646
f 1644/1644/1644 1647/1647/1647 1645/1645/1645
f 1648/1648/1648 1649/1649/1649 1650/1650/1650
f 1651/1651/1651 1652/1652/1652 1653/1653/1653
f 1654/1654/1654 1655/1655/1655 1656/1656/1656
f 1527/1527/1527 1657/1657/1657 1658/1658/1658
f 1526/1526/1526 1657/1657/1657 1527/1527/1527
f 1657/1657/1657 1526/1526/1526 1659/1659/1659
f 1660/1660/1660 1661/1661/1661 1662/1662/1662
f 1663/1663/1663 1661/1661/1661 1660/1660/1660
f 1664/1664/1664 1655/1655/1655 1665/1665/1665
f 1666/1666/1666 1667/1667/1667 1668/1668/1668
f 1667/1667/1667 1666/1666/1666 1669/1669/1669
f 1670/1670/1670 1671/1671/1671 1672/1672/1672
f 1670/1670/1670 1672/1672/1672 1673/1673/1673
f 1674/1674/1674 1675/1675/1675 1676/1676/1676
f 1677/1677/1677 1678/1678/1678 1679/1679/1679
f 1680/1680/1680 1677/1677/1677 1679/1679/1679
f 1681/1681/1681 1682/1682/1682 1683/1683/1683
f 1681/1681/1681 1683/1683/1683 1684/1684/1684
f 1685/1685/1685 1682/1682/1682 1681/1681/1681
f 1685/1685/1685 1686/1686/1686 1682/1682/1682
f 1687/1687/1687 1688/1688/1688 1689/1689/1689
f 1688/1688/1688 1687/1687/1687 1690/1690/1690
f 1691/1691/1691 1692/1692/1692 1693/1693/1693
f 1694/1694/1694 1693/1693/1693 1692/1692/1692
f 1695/1695/1695 1696/1696/1696 1697/1697/1697
f 1696/1696/1696 1695/1695/1695 1698/1698/1698
f 1699/1699/1699 1700/1700/1700 1652/1652/1652
f 1699/1699/1699 1652/1652/1652 1651/1651/1651
f 1701/1701/1701 1700/1700/1700 1699/1699/1699
f 1702/1702/1702 1703/1703/1703 1704/1704/1704
f 1702/1702/1702 1704/1704/1704 1705/1705/1705
f 1706/1706/1706 1707/1707/1707 1708/1708/1708
f 1707/1707/1707 1706/1706/1706 1709/1709/1709
f 1710/1710/1710 1711/1711/1711 1712/1712/1712
f 1713/1713/1713 1711/1711/1711 1710/1710/1710
f 1714/1714/1714 1715/1715/1715 1716/1716/1716
f 1716/1716/1716 1650/1650/1650 1649/1649/1649
f 1716/1716/1716 1649/1649/1649 1714/1714/1714
f 1717/1717/1717 1718/1718/1718 1719/1719/1719
f 1718/1718/1718 1717/1717/1717 1720/1720/1720
f 1042/1042/1042 1655/1655/1655 1664/1664/1664
f 1042/1042/1042 1721/1721/1721 1040/1040/1040
f 1655/1655/1655 1654/1654/1654 1722/1722/1722
f 1655/1655/1655 1041/1041/1041 1656/1656/1656
f 1041/1041/1041 1655/1655/1655 1042/1042/1042
f 1533/1533/1533 1532/1532/1532 1723/1723/1723
f 1534/1534/1534 1724/1724/1724 1725/1725/1725
f 1534/1534/1534 1533/1533/1533 1724/1724/1724
